SolidWorks IGES file using analytic representation for surfaces         S      1
1H,,1H;,16HAssem1 dispenser,91HC:\Users\Mark\Documents\202607301040\New G      1
folder\Vambah 9-3-26\Parts\Dispenser\Dispenser.IGS,15HSolidWorks 2011,  G      2
15HSolidWorks 2011,32,308,15,308,15,16HAssem1 dispenser,1.,2,2HMM,50,   G      3
0.125,13H260903.144251,1E-008,499990.,4HMark,,11,0,13H260903.144251;    G      4
     314       1       0       0       0                        00000200D      1
     314       0       8       1       0                               0D      2
     128       2       0       0       0                        01010000D      3
     128       0       0      51       0                               0D      4
     126      53       0       0       0                        01010500D      5
     126       0       0       2       0                               0D      6
     126      55       0       0       0                        01010000D      7
     126       0       0       4       0                               0D      8
     126      59       0       0       0                        01010500D      9
     126       0       0       2       0                               0D     10
     124      61       0       0       0                        00000000D     11
     124       0       0       4       0                               0D     12
     100      65       0       0       0              11        01010000D     13
     100       0       0       2       0                               0D     14
     126      67       0       0       0                        01010500D     15
     126       0       0       2       0                               0D     16
     126      69       0       0       0                        01010000D     17
     126       0       0       5       0                               0D     18
     126      74       0       0       0                        01010500D     19
     126       0       0       2       0                               0D     20
     100      76       0       0       0                        01010000D     21
     100       0       0       2       0                               0D     22
     102      78       0       0       0                        01010500D     23
     102       0       0       1       0                               0D     24
     102      79       0       0       0                        01010000D     25
     102       0       0       1       0                               0D     26
     142      80       0       0       0                        00010500D     27
     142       0       0       1       0                               0D     28
     144      81       0       0       1                        00010000D     29
     144       0      -1       1       0                               0D     30
     128      82       0       0       0                        01010000D     31
     128       0       0      21       0                               0D     32
     126     103       0       0       0                        01010500D     33
     126       0       0       2       0                               0D     34
     126     105       0       0       0                        01010000D     35
     126       0       0       5       0                               0D     36
     126     110       0       0       0                        01010500D     37
     126       0       0       2       0                               0D     38
     124     112       0       0       0                        00000000D     39
     124       0       0       5       0                               0D     40
     100     117       0       0       0              39        01010000D     41
     100       0       0       2       0                               0D     42
     126     119       0       0       0                        01010500D     43
     126       0       0       2       0                               0D     44
     126     121       0       0       0                        01010000D     45
     126       0       0       5       0                               0D     46
     126     126       0       0       0                        01010500D     47
     126       0       0       2       0                               0D     48
     124     128       0       0       0                        00000000D     49
     124       0       0       4       0                               0D     50
     100     132       0       0       0              49        01010000D     51
     100       0       0       2       0                               0D     52
     102     134       0       0       0                        01010500D     53
     102       0       0       1       0                               0D     54
     102     135       0       0       0                        01010000D     55
     102       0       0       1       0                               0D     56
     142     136       0       0       0                        00010500D     57
     142       0       0       1       0                               0D     58
     144     137       0       0       1                        00010000D     59
     144       0      -1       1       0                               0D     60
     128     138       0       0       0                        01010000D     61
     128       0       0      18       0                               0D     62
     126     156       0       0       0                        01010500D     63
     126       0       0       2       0                               0D     64
     126     158       0       0       0                        01010000D     65
     126       0       0       4       0                               0D     66
     126     162       0       0       0                        01010500D     67
     126       0       0       2       0                               0D     68
     124     164       0       0       0                        00000000D     69
     124       0       0       4       0                               0D     70
     100     168       0       0       0              69        01010000D     71
     100       0       0       2       0                               0D     72
     126     170       0       0       0                        01010500D     73
     126       0       0       2       0                               0D     74
     126     172       0       0       0                        01010000D     75
     126       0       0       5       0                               0D     76
     126     177       0       0       0                        01010500D     77
     126       0       0       2       0                               0D     78
     124     179       0       0       0                        00000000D     79
     124       0       0       4       0                               0D     80
     100     183       0       0       0              79        01010000D     81
     100       0       0       2       0                               0D     82
     102     185       0       0       0                        01010500D     83
     102       0       0       1       0                               0D     84
     102     186       0       0       0                        01010000D     85
     102       0       0       1       0                               0D     86
     142     187       0       0       0                        00010500D     87
     142       0       0       1       0                               0D     88
     144     188       0       0       1                        00010000D     89
     144       0      -1       1       0                               0D     90
     110     189       0       0       0                        01010000D     91
     110       0       0       1       0                               0D     92
     110     190       0       0       0                        01010000D     93
     110       0       0       1       0                               0D     94
     120     191       0       0       0                        01010000D     95
     120       0       0       1       0                               0D     96
     126     192       0       0       0                        01010500D     97
     126       0       0       2       0                               0D     98
     110     194       0       0       0                        01010000D     99
     110       0       0       2       0                               0D    100
     126     196       0       0       0                        01010500D    101
     126       0       0       2       0                               0D    102
     124     198       0       0       0                        00000000D    103
     124       0       0       4       0                               0D    104
     100     202       0       0       0             103        01010000D    105
     100       0       0       2       0                               0D    106
     126     204       0       0       0                        01010500D    107
     126       0       0       2       0                               0D    108
     110     206       0       0       0                        01010000D    109
     110       0       0       1       0                               0D    110
     126     207       0       0       0                        01010500D    111
     126       0       0       2       0                               0D    112
     124     209       0       0       0                        00000000D    113
     124       0       0       2       0                               0D    114
     100     211       0       0       0             113        01010000D    115
     100       0       0       2       0                               0D    116
     102     213       0       0       0                        01010500D    117
     102       0       0       1       0                               0D    118
     102     214       0       0       0                        01010000D    119
     102       0       0       1       0                               0D    120
     142     215       0       0       0                        00010500D    121
     142       0       0       1       0                               0D    122
     144     216       0       0       1                        00010000D    123
     144       0      -1       1       0                               0D    124
     110     217       0       0       0                        01010000D    125
     110       0       0       1       0                               0D    126
     110     218       0       0       0                        01010000D    127
     110       0       0       1       0                               0D    128
     120     219       0       0       0                        01010000D    129
     120       0       0       1       0                               0D    130
     126     220       0       0       0                        01010500D    131
     126       0       0       2       0                               0D    132
     110     222       0       0       0                        01010000D    133
     110       0       0       2       0                               0D    134
     126     224       0       0       0                        01010500D    135
     126       0       0       2       0                               0D    136
     124     226       0       0       0                        00000000D    137
     124       0       0       4       0                               0D    138
     100     230       0       0       0             137        01010000D    139
     100       0       0       2       0                               0D    140
     126     232       0       0       0                        01010500D    141
     126       0       0       2       0                               0D    142
     110     234       0       0       0                        01010000D    143
     110       0       0       1       0                               0D    144
     126     235       0       0       0                        01010500D    145
     126       0       0       2       0                               0D    146
     124     237       0       0       0                        00000000D    147
     124       0       0       2       0                               0D    148
     100     239       0       0       0             147        01010000D    149
     100       0       0       2       0                               0D    150
     102     241       0       0       0                        01010500D    151
     102       0       0       1       0                               0D    152
     102     242       0       0       0                        01010000D    153
     102       0       0       1       0                               0D    154
     142     243       0       0       0                        00010500D    155
     142       0       0       1       0                               0D    156
     144     244       0       0       1                        00010000D    157
     144       0      -1       1       0                               0D    158
     110     245       0       0       0                        01010000D    159
     110       0       0       1       0                               0D    160
     110     246       0       0       0                        01010000D    161
     110       0       0       1       0                               0D    162
     120     247       0       0       0                        01010000D    163
     120       0       0       1       0                               0D    164
     126     248       0       0       0                        01010500D    165
     126       0       0       2       0                               0D    166
     110     250       0       0       0                        01010000D    167
     110       0       0       1       0                               0D    168
     126     251       0       0       0                        01010500D    169
     126       0       0       2       0                               0D    170
     124     253       0       0       0                        00000000D    171
     124       0       0       4       0                               0D    172
     100     257       0       0       0             171        01010000D    173
     100       0       0       1       0                               0D    174
     126     258       0       0       0                        01010500D    175
     126       0       0       2       0                               0D    176
     110     260       0       0       0                        01010000D    177
     110       0       0       1       0                               0D    178
     126     261       0       0       0                        01010500D    179
     126       0       0       2       0                               0D    180
     124     263       0       0       0                        00000000D    181
     124       0       0       2       0                               0D    182
     100     265       0       0       0             181        01010000D    183
     100       0       0       1       0                               0D    184
     102     266       0       0       0                        01010500D    185
     102       0       0       1       0                               0D    186
     102     267       0       0       0                        01010000D    187
     102       0       0       1       0                               0D    188
     142     268       0       0       0                        00010500D    189
     142       0       0       1       0                               0D    190
     144     269       0       0       1                        00010000D    191
     144       0      -1       1       0                               0D    192
     128     270       0       0       0                        01010000D    193
     128       0       0       4       0                               0D    194
     126     274       0       0       0                        01010500D    195
     126       0       0       2       0                               0D    196
     110     276       0       0       0                        01010000D    197
     110       0       0       2       0                               0D    198
     126     278       0       0       0                        01010500D    199
     126       0       0       2       0                               0D    200
     110     280       0       0       0                        01010000D    201
     110       0       0       2       0                               0D    202
     126     282       0       0       0                        01010500D    203
     126       0       0       2       0                               0D    204
     110     284       0       0       0                        01010000D    205
     110       0       0       1       0                               0D    206
     126     285       0       0       0                        01010500D    207
     126       0       0       2       0                               0D    208
     110     287       0       0       0                        01010000D    209
     110       0       0       2       0                               0D    210
     126     289       0       0       0                        01010500D    211
     126       0       0      11       0                               0D    212
     126     300       0       0       0                        01010000D    213
     126       0       0       4       0                               0D    214
     102     304       0       0       0                        01010500D    215
     102       0       0       1       0                               0D    216
     102     305       0       0       0                        01010000D    217
     102       0       0       1       0                               0D    218
     142     306       0       0       0                        00010500D    219
     142       0       0       1       0                               0D    220
     144     307       0       0       1                        00010000D    221
     144       0      -1       1       0                               0D    222
     128     308       0       0       0                        01010000D    223
     128       0       0       4       0                               0D    224
     126     312       0       0       0                        01010500D    225
     126       0       0       2       0                               0D    226
     110     314       0       0       0                        01010000D    227
     110       0       0       2       0                               0D    228
     126     316       0       0       0                        01010500D    229
     126       0       0       2       0                               0D    230
     110     318       0       0       0                        01010000D    231
     110       0       0       2       0                               0D    232
     126     320       0       0       0                        01010500D    233
     126       0       0      11       0                               0D    234
     126     331       0       0       0                        01010000D    235
     126       0       0       4       0                               0D    236
     126     335       0       0       0                        01010500D    237
     126       0       0       4       0                               0D    238
     126     339       0       0       0                        01010000D    239
     126       0       0       4       0                               0D    240
     126     343       0       0       0                        01010500D    241
     126       0       0       2       0                               0D    242
     110     345       0       0       0                        01010000D    243
     110       0       0       2       0                               0D    244
     126     347       0       0       0                        01010500D    245
     126       0       0       2       0                               0D    246
     110     349       0       0       0                        01010000D    247
     110       0       0       1       0                               0D    248
     102     350       0       0       0                        01010500D    249
     102       0       0       1       0                               0D    250
     102     351       0       0       0                        01010000D    251
     102       0       0       1       0                               0D    252
     142     352       0       0       0                        00010500D    253
     142       0       0       1       0                               0D    254
     144     353       0       0       1                        00010000D    255
     144       0      -1       1       0                               0D    256
     128     354       0       0       0                        01010000D    257
     128       0       0       4       0                               0D    258
     126     358       0       0       0                        01010500D    259
     126       0       0       2       0                               0D    260
     110     360       0       0       0                        01010000D    261
     110       0       0       2       0                               0D    262
     126     362       0       0       0                        01010500D    263
     126       0       0       2       0                               0D    264
     110     364       0       0       0                        01010000D    265
     110       0       0       2       0                               0D    266
     126     366       0       0       0                        01010500D    267
     126       0       0       2       0                               0D    268
     110     368       0       0       0                        01010000D    269
     110       0       0       2       0                               0D    270
     126     370       0       0       0                        01010500D    271
     126       0       0       2       0                               0D    272
     110     372       0       0       0                        01010000D    273
     110       0       0       1       0                               0D    274
     102     373       0       0       0                        01010500D    275
     102       0       0       1       0                               0D    276
     102     374       0       0       0                        01010000D    277
     102       0       0       1       0                               0D    278
     142     375       0       0       0                        00010500D    279
     142       0       0       1       0                               0D    280
     144     376       0       0       1                        00010000D    281
     144       0      -1       1       0                               0D    282
     128     377       0       0       0                        01010000D    283
     128       0       0       4       0                               0D    284
     126     381       0       0       0                        01010500D    285
     126       0       0       2       0                               0D    286
     110     383       0       0       0                        01010000D    287
     110       0       0       2       0                               0D    288
     126     385       0       0       0                        01010500D    289
     126       0       0       2       0                               0D    290
     110     387       0       0       0                        01010000D    291
     110       0       0       1       0                               0D    292
     126     388       0       0       0                        01010500D    293
     126       0       0       2       0                               0D    294
     110     390       0       0       0                        01010000D    295
     110       0       0       2       0                               0D    296
     126     392       0       0       0                        01010500D    297
     126       0       0       2       0                               0D    298
     110     394       0       0       0                        01010000D    299
     110       0       0       2       0                               0D    300
     126     396       0       0       0                        01010500D    301
     126       0       0       2       0                               0D    302
     110     398       0       0       0                        01010000D    303
     110       0       0       2       0                               0D    304
     126     400       0       0       0                        01010500D    305
     126       0       0       2       0                               0D    306
     110     402       0       0       0                        01010000D    307
     110       0       0       2       0                               0D    308
     126     404       0       0       0                        01010500D    309
     126       0       0       2       0                               0D    310
     110     406       0       0       0                        01010000D    311
     110       0       0       2       0                               0D    312
     126     408       0       0       0                        01010500D    313
     126       0       0       2       0                               0D    314
     110     410       0       0       0                        01010000D    315
     110       0       0       2       0                               0D    316
     102     412       0       0       0                        01010500D    317
     102       0       0       1       0                               0D    318
     102     413       0       0       0                        01010000D    319
     102       0       0       1       0                               0D    320
     142     414       0       0       0                        00010500D    321
     142       0       0       1       0                               0D    322
     144     415       0       0       1                        00010000D    323
     144       0      -1       1       0                               0D    324
     128     416       0       0       0                        01010000D    325
     128       0       0       4       0                               0D    326
     126     420       0       0       0                        01010500D    327
     126       0       0       2       0                               0D    328
     110     422       0       0       0                        01010000D    329
     110       0       0       1       0                               0D    330
     126     423       0       0       0                        01010500D    331
     126       0       0       2       0                               0D    332
     110     425       0       0       0                        01010000D    333
     110       0       0       1       0                               0D    334
     126     426       0       0       0                        01010500D    335
     126       0       0       2       0                               0D    336
     110     428       0       0       0                        01010000D    337
     110       0       0       1       0                               0D    338
     126     429       0       0       0                        01010500D    339
     126       0       0       2       0                               0D    340
     110     431       0       0       0                        01010000D    341
     110       0       0       1       0                               0D    342
     126     432       0       0       0                        01010500D    343
     126       0       0       2       0                               0D    344
     110     434       0       0       0                        01010000D    345
     110       0       0       1       0                               0D    346
     126     435       0       0       0                        01010500D    347
     126       0       0       2       0                               0D    348
     110     437       0       0       0                        01010000D    349
     110       0       0       1       0                               0D    350
     126     438       0       0       0                        01010500D    351
     126       0       0       2       0                               0D    352
     110     440       0       0       0                        01010000D    353
     110       0       0       1       0                               0D    354
     126     441       0       0       0                        01010500D    355
     126       0       0       2       0                               0D    356
     110     443       0       0       0                        01010000D    357
     110       0       0       1       0                               0D    358
     126     444       0       0       0                        01010500D    359
     126       0       0       2       0                               0D    360
     110     446       0       0       0                        01010000D    361
     110       0       0       1       0                               0D    362
     126     447       0       0       0                        01010500D    363
     126       0       0       2       0                               0D    364
     110     449       0       0       0                        01010000D    365
     110       0       0       1       0                               0D    366
     126     450       0       0       0                        01010500D    367
     126       0       0       2       0                               0D    368
     110     452       0       0       0                        01010000D    369
     110       0       0       1       0                               0D    370
     126     453       0       0       0                        01010500D    371
     126       0       0       2       0                               0D    372
     110     455       0       0       0                        01010000D    373
     110       0       0       1       0                               0D    374
     126     456       0       0       0                        01010500D    375
     126       0       0       2       0                               0D    376
     110     458       0       0       0                        01010000D    377
     110       0       0       2       0                               0D    378
     126     460       0       0       0                        01010500D    379
     126       0       0      11       0                               0D    380
     126     471       0       0       0                        01010000D    381
     126       0       0       4       0                               0D    382
     126     475       0       0       0                        01010500D    383
     126       0       0       2       0                               0D    384
     110     477       0       0       0                        01010000D    385
     110       0       0       2       0                               0D    386
     126     479       0       0       0                        01010500D    387
     126       0       0       4       0                               0D    388
     126     483       0       0       0                        01010000D    389
     126       0       0       4       0                               0D    390
     126     487       0       0       0                        01010500D    391
     126       0       0      11       0                               0D    392
     126     498       0       0       0                        01010000D    393
     126       0       0       4       0                               0D    394
     126     502       0       0       0                        01010500D    395
     126       0       0       2       0                               0D    396
     110     504       0       0       0                        01010000D    397
     110       0       0       2       0                               0D    398
     126     506       0       0       0                        01010500D    399
     126       0       0       2       0                               0D    400
     110     508       0       0       0                        01010000D    401
     110       0       0       2       0                               0D    402
     102     510       0       0       0                        01010500D    403
     102       0       0       2       0                               0D    404
     102     512       0       0       0                        01010000D    405
     102       0       0       2       0                               0D    406
     142     514       0       0       0                        00010500D    407
     142       0       0       1       0                               0D    408
     144     515       0       0       1                        00010000D    409
     144       0      -1       1       0                               0D    410
     128     516       0       0       0                        01010000D    411
     128       0       0       4       0                               0D    412
     126     520       0       0       0                        01010500D    413
     126       0       0       2       0                               0D    414
     110     522       0       0       0                        01010000D    415
     110       0       0       1       0                               0D    416
     126     523       0       0       0                        01010500D    417
     126       0       0       2       0                               0D    418
     110     525       0       0       0                        01010000D    419
     110       0       0       2       0                               0D    420
     126     527       0       0       0                        01010500D    421
     126       0       0       7       0                               0D    422
     124     534       0       0       0                        00000000D    423
     124       0       0       4       0                               0D    424
     100     538       0       0       0             423        01010000D    425
     100       0       0       2       0                               0D    426
     126     540       0       0       0                        01010500D    427
     126       0       0      12       0                               0D    428
     124     552       0       0       0                        00000000D    429
     124       0       0       3       0                               0D    430
     100     555       0       0       0             429        01010000D    431
     100       0       0       2       0                               0D    432
     126     557       0       0       0                        01010500D    433
     126       0       0       2       0                               0D    434
     110     559       0       0       0                        01010000D    435
     110       0       0       2       0                               0D    436
     126     561       0       0       0                        01010500D    437
     126       0       0       2       0                               0D    438
     110     563       0       0       0                        01010000D    439
     110       0       0       1       0                               0D    440
     126     564       0       0       0                        01010500D    441
     126       0       0       2       0                               0D    442
     110     566       0       0       0                        01010000D    443
     110       0       0       1       0                               0D    444
     126     567       0       0       0                        01010500D    445
     126       0       0       4       0                               0D    446
     124     571       0       0       0                        00000000D    447
     124       0       0       4       0                               0D    448
     100     575       0       0       0             447        01010000D    449
     100       0       0       1       0                               0D    450
     126     576       0       0       0                        01010500D    451
     126       0       0      44       0                               0D    452
     124     620       0       0       0                        00000000D    453
     124       0       0       3       0                               0D    454
     100     623       0       0       0             453        01010000D    455
     100       0       0       2       0                               0D    456
     126     625       0       0       0                        01010500D    457
     126       0       0       2       0                               0D    458
     110     627       0       0       0                        01010000D    459
     110       0       0       2       0                               0D    460
     126     629       0       0       0                        01010500D    461
     126       0       0       4       0                               0D    462
     126     633       0       0       0                        01010000D    463
     126       0       0       4       0                               0D    464
     126     637       0       0       0                        01010500D    465
     126       0       0       2       0                               0D    466
     110     639       0       0       0                        01010000D    467
     110       0       0       1       0                               0D    468
     102     640       0       0       0                        01010500D    469
     102       0       0       1       0                               0D    470
     102     641       0       0       0                        01010000D    471
     102       0       0       1       0                               0D    472
     142     642       0       0       0                        00010500D    473
     142       0       0       1       0                               0D    474
     144     643       0       0       1                        00010000D    475
     144       0      -1       1       0                               0D    476
     128     644       0       0       0                        01010000D    477
     128       0       0       4       0                               0D    478
     126     648       0       0       0                        01010500D    479
     126       0       0      44       0                               0D    480
     124     692       0       0       0                        00000000D    481
     124       0       0       4       0                               0D    482
     100     696       0       0       0             481        01010000D    483
     100       0       0       2       0                               0D    484
     126     698       0       0       0                        01010500D    485
     126       0       0       4       0                               0D    486
     124     702       0       0       0                        00000000D    487
     124       0       0       2       0                               0D    488
     100     704       0       0       0             487        01010000D    489
     100       0       0       1       0                               0D    490
     126     705       0       0       0                        01010500D    491
     126       0       0       2       0                               0D    492
     110     707       0       0       0                        01010000D    493
     110       0       0       1       0                               0D    494
     126     708       0       0       0                        01010500D    495
     126       0       0       2       0                               0D    496
     110     710       0       0       0                        01010000D    497
     110       0       0       1       0                               0D    498
     126     711       0       0       0                        01010500D    499
     126       0       0       2       0                               0D    500
     110     713       0       0       0                        01010000D    501
     110       0       0       2       0                               0D    502
     126     715       0       0       0                        01010500D    503
     126       0       0      12       0                               0D    504
     124     727       0       0       0                        00000000D    505
     124       0       0       4       0                               0D    506
     100     731       0       0       0             505        01010000D    507
     100       0       0       2       0                               0D    508
     126     733       0       0       0                        01010500D    509
     126       0       0       7       0                               0D    510
     124     740       0       0       0                        00000000D    511
     124       0       0       2       0                               0D    512
     100     742       0       0       0             511        01010000D    513
     100       0       0       2       0                               0D    514
     126     744       0       0       0                        01010500D    515
     126       0       0       2       0                               0D    516
     110     746       0       0       0                        01010000D    517
     110       0       0       2       0                               0D    518
     126     748       0       0       0                        01010500D    519
     126       0       0       2       0                               0D    520
     110     750       0       0       0                        01010000D    521
     110       0       0       1       0                               0D    522
     126     751       0       0       0                        01010500D    523
     126       0       0       2       0                               0D    524
     110     753       0       0       0                        01010000D    525
     110       0       0       1       0                               0D    526
     126     754       0       0       0                        01010500D    527
     126       0       0       4       0                               0D    528
     126     758       0       0       0                        01010000D    529
     126       0       0       4       0                               0D    530
     126     762       0       0       0                        01010500D    531
     126       0       0       2       0                               0D    532
     110     764       0       0       0                        01010000D    533
     110       0       0       2       0                               0D    534
     102     766       0       0       0                        01010500D    535
     102       0       0       1       0                               0D    536
     102     767       0       0       0                        01010000D    537
     102       0       0       1       0                               0D    538
     142     768       0       0       0                        00010500D    539
     142       0       0       1       0                               0D    540
     144     769       0       0       1                        00010000D    541
     144       0      -1       1       0                               0D    542
     128     770       0       0       0                        01010000D    543
     128       0       0       4       0                               0D    544
     126     774       0       0       0                        01010500D    545
     126       0       0      22       0                               0D    546
     124     796       0       0       0                        00000000D    547
     124       0       0       4       0                               0D    548
     100     800       0       0       0             547        01010000D    549
     100       0       0       2       0                               0D    550
     126     802       0       0       0                        01010500D    551
     126       0       0       2       0                               0D    552
     110     804       0       0       0                        01010000D    553
     110       0       0       2       0                               0D    554
     126     806       0       0       0                        01010500D    555
     126       0       0       2       0                               0D    556
     110     808       0       0       0                        01010000D    557
     110       0       0       2       0                               0D    558
     126     810       0       0       0                        01010500D    559
     126       0       0       2       0                               0D    560
     110     812       0       0       0                        01010000D    561
     110       0       0       1       0                               0D    562
     126     813       0       0       0                        01010500D    563
     126       0       0       2       0                               0D    564
     110     815       0       0       0                        01010000D    565
     110       0       0       1       0                               0D    566
     126     816       0       0       0                        01010500D    567
     126       0       0       2       0                               0D    568
     110     818       0       0       0                        01010000D    569
     110       0       0       1       0                               0D    570
     126     819       0       0       0                        01010500D    571
     126       0       0       2       0                               0D    572
     110     821       0       0       0                        01010000D    573
     110       0       0       2       0                               0D    574
     126     823       0       0       0                        01010500D    575
     126       0       0       2       0                               0D    576
     110     825       0       0       0                        01010000D    577
     110       0       0       2       0                               0D    578
     102     827       0       0       0                        01010500D    579
     102       0       0       1       0                               0D    580
     102     828       0       0       0                        01010000D    581
     102       0       0       1       0                               0D    582
     142     829       0       0       0                        00010500D    583
     142       0       0       1       0                               0D    584
     144     830       0       0       1                        00010000D    585
     144       0      -1       1       0                               0D    586
     128     831       0       0       0                        01010000D    587
     128       0       0       3       0                               0D    588
     126     834       0       0       0                        01010500D    589
     126       0       0      11       0                               0D    590
     126     845       0       0       0                        01010000D    591
     126       0       0       4       0                               0D    592
     126     849       0       0       0                        01010500D    593
     126       0       0       2       0                               0D    594
     110     851       0       0       0                        01010000D    595
     110       0       0       1       0                               0D    596
     126     852       0       0       0                        01010500D    597
     126       0       0      11       0                               0D    598
     126     863       0       0       0                        01010000D    599
     126       0       0       4       0                               0D    600
     126     867       0       0       0                        01010500D    601
     126       0       0       2       0                               0D    602
     110     869       0       0       0                        01010000D    603
     110       0       0       1       0                               0D    604
     126     870       0       0       0                        01010500D    605
     126       0       0      11       0                               0D    606
     126     881       0       0       0                        01010000D    607
     126       0       0       4       0                               0D    608
     126     885       0       0       0                        01010500D    609
     126       0       0       2       0                               0D    610
     110     887       0       0       0                        01010000D    611
     110       0       0       1       0                               0D    612
     126     888       0       0       0                        01010500D    613
     126       0       0      11       0                               0D    614
     126     899       0       0       0                        01010000D    615
     126       0       0       4       0                               0D    616
     126     903       0       0       0                        01010500D    617
     126       0       0       2       0                               0D    618
     110     905       0       0       0                        01010000D    619
     110       0       0       1       0                               0D    620
     102     906       0       0       0                        01010500D    621
     102       0       0       1       0                               0D    622
     102     907       0       0       0                        01010000D    623
     102       0       0       1       0                               0D    624
     142     908       0       0       0                        00010500D    625
     142       0       0       1       0                               0D    626
     144     909       0       0       1                        00010000D    627
     144       0      -1       1       0                               0D    628
     128     910       0       0       0                        01010000D    629
     128       0       0       4       0                               0D    630
     126     914       0       0       0                        01010500D    631
     126       0       0      12       0                               0D    632
     126     926       0       0       0                        01010000D    633
     126       0       0       5       0                               0D    634
     126     931       0       0       0                        01010500D    635
     126       0       0       4       0                               0D    636
     126     935       0       0       0                        01010000D    637
     126       0       0       5       0                               0D    638
     126     940       0       0       0                        01010500D    639
     126       0       0       2       0                               0D    640
     110     942       0       0       0                        01010000D    641
     110       0       0       2       0                               0D    642
     126     944       0       0       0                        01010500D    643
     126       0       0       2       0                               0D    644
     110     946       0       0       0                        01010000D    645
     110       0       0       2       0                               0D    646
     126     948       0       0       0                        01010500D    647
     126       0       0       2       0                               0D    648
     110     950       0       0       0                        01010000D    649
     110       0       0       2       0                               0D    650
     126     952       0       0       0                        01010500D    651
     126       0       0       2       0                               0D    652
     110     954       0       0       0                        01010000D    653
     110       0       0       1       0                               0D    654
     126     955       0       0       0                        01010500D    655
     126       0       0       2       0                               0D    656
     110     957       0       0       0                        01010000D    657
     110       0       0       2       0                               0D    658
     126     959       0       0       0                        01010500D    659
     126       0       0       2       0                               0D    660
     110     961       0       0       0                        01010000D    661
     110       0       0       2       0                               0D    662
     126     963       0       0       0                        01010500D    663
     126       0       0       2       0                               0D    664
     110     965       0       0       0                        01010000D    665
     110       0       0       2       0                               0D    666
     102     967       0       0       0                        01010500D    667
     102       0       0       1       0                               0D    668
     102     968       0       0       0                        01010000D    669
     102       0       0       1       0                               0D    670
     142     969       0       0       0                        00010500D    671
     142       0       0       1       0                               0D    672
     144     970       0       0       1                        00010000D    673
     144       0      -1       1       0                               0D    674
     128     971       0       0       0                        01010000D    675
     128       0       0       4       0                               0D    676
     126     975       0       0       0                        01010500D    677
     126       0       0       2       0                               0D    678
     110     977       0       0       0                        01010000D    679
     110       0       0       2       0                               0D    680
     126     979       0       0       0                        01010500D    681
     126       0       0       2       0                               0D    682
     110     981       0       0       0                        01010000D    683
     110       0       0       2       0                               0D    684
     126     983       0       0       0                        01010500D    685
     126       0       0       2       0                               0D    686
     110     985       0       0       0                        01010000D    687
     110       0       0       2       0                               0D    688
     126     987       0       0       0                        01010500D    689
     126       0       0       2       0                               0D    690
     110     989       0       0       0                        01010000D    691
     110       0       0       1       0                               0D    692
     102     990       0       0       0                        01010500D    693
     102       0       0       1       0                               0D    694
     102     991       0       0       0                        01010000D    695
     102       0       0       1       0                               0D    696
     142     992       0       0       0                        00010500D    697
     142       0       0       1       0                               0D    698
     144     993       0       0       1                        00010000D    699
     144       0      -1       1       0                               0D    700
     110     994       0       0       0                        01010000D    701
     110       0       0       1       0                               0D    702
     110     995       0       0       0                        01010000D    703
     110       0       0       1       0                               0D    704
     120     996       0       0       0                        01010000D    705
     120       0       0       1       0                               0D    706
     126     997       0       0       0                        01010500D    707
     126       0       0       2       0                               0D    708
     124     999       0       0       0                        00000000D    709
     124       0       0       3       0                               0D    710
     100    1002       0       0       0             709        01010000D    711
     100       0       0       2       0                               0D    712
     126    1004       0       0       0                        01010500D    713
     126       0       0       2       0                               0D    714
     126    1006       0       0       0                        01010000D    715
     126       0       0       5       0                               0D    716
     126    1011       0       0       0                        01010500D    717
     126       0       0       2       0                               0D    718
     124    1013       0       0       0                        00000000D    719
     124       0       0       4       0                               0D    720
     100    1017       0       0       0             719        01010000D    721
     100       0       0       2       0                               0D    722
     126    1019       0       0       0                        01010500D    723
     126       0       0       2       0                               0D    724
     110    1021       0       0       0                        01010000D    725
     110       0       0       1       0                               0D    726
     102    1022       0       0       0                        01010500D    727
     102       0       0       1       0                               0D    728
     102    1023       0       0       0                        01010000D    729
     102       0       0       1       0                               0D    730
     142    1024       0       0       0                        00010500D    731
     142       0       0       1       0                               0D    732
     144    1025       0       0       1                        00010000D    733
     144       0      -1       1       0                               0D    734
     128    1026       0       0       0                        01010000D    735
     128       0       0       4       0                               0D    736
     126    1030       0       0       0                        01010500D    737
     126       0       0       2       0                               0D    738
     110    1032       0       0       0                        01010000D    739
     110       0       0       2       0                               0D    740
     126    1034       0       0       0                        01010500D    741
     126       0       0       2       0                               0D    742
     110    1036       0       0       0                        01010000D    743
     110       0       0       2       0                               0D    744
     126    1038       0       0       0                        01010500D    745
     126       0       0       2       0                               0D    746
     110    1040       0       0       0                        01010000D    747
     110       0       0       2       0                               0D    748
     126    1042       0       0       0                        01010500D    749
     126       0       0       3       0                               0D    750
     126    1045       0       0       0                        01010000D    751
     126       0       0       5       0                               0D    752
     126    1050       0       0       0                        01010500D    753
     126       0       0       2       0                               0D    754
     110    1052       0       0       0                        01010000D    755
     110       0       0       2       0                               0D    756
     126    1054       0       0       0                        01010500D    757
     126       0       0       2       0                               0D    758
     110    1056       0       0       0                        01010000D    759
     110       0       0       2       0                               0D    760
     126    1058       0       0       0                        01010500D    761
     126       0       0       2       0                               0D    762
     110    1060       0       0       0                        01010000D    763
     110       0       0       2       0                               0D    764
     126    1062       0       0       0                        01010500D    765
     126       0       0       2       0                               0D    766
     110    1064       0       0       0                        01010000D    767
     110       0       0       2       0                               0D    768
     102    1066       0       0       0                        01010500D    769
     102       0       0       1       0                               0D    770
     102    1067       0       0       0                        01010000D    771
     102       0       0       1       0                               0D    772
     142    1068       0       0       0                        00010500D    773
     142       0       0       1       0                               0D    774
     144    1069       0       0       1                        00010000D    775
     144       0      -1       1       0                               0D    776
     128    1070       0       0       0                        01010000D    777
     128       0       0       4       0                               0D    778
     126    1074       0       0       0                        01010500D    779
     126       0       0       2       0                               0D    780
     110    1076       0       0       0                        01010000D    781
     110       0       0       2       0                               0D    782
     126    1078       0       0       0                        01010500D    783
     126       0       0       2       0                               0D    784
     110    1080       0       0       0                        01010000D    785
     110       0       0       1       0                               0D    786
     126    1081       0       0       0                        01010500D    787
     126       0       0       2       0                               0D    788
     110    1083       0       0       0                        01010000D    789
     110       0       0       2       0                               0D    790
     126    1085       0       0       0                        01010500D    791
     126       0       0       2       0                               0D    792
     110    1087       0       0       0                        01010000D    793
     110       0       0       2       0                               0D    794
     102    1089       0       0       0                        01010500D    795
     102       0       0       1       0                               0D    796
     102    1090       0       0       0                        01010000D    797
     102       0       0       1       0                               0D    798
     142    1091       0       0       0                        00010500D    799
     142       0       0       1       0                               0D    800
     144    1092       0       0       1                        00010000D    801
     144       0      -1       1       0                               0D    802
     128    1093       0       0       0                        01010000D    803
     128       0       0       3       0                               0D    804
     126    1096       0       0       0                        01010500D    805
     126       0       0       2       0                               0D    806
     110    1098       0       0       0                        01010000D    807
     110       0       0       1       0                               0D    808
     126    1099       0       0       0                        01010500D    809
     126       0       0       2       0                               0D    810
     110    1101       0       0       0                        01010000D    811
     110       0       0       1       0                               0D    812
     126    1102       0       0       0                        01010500D    813
     126       0       0       2       0                               0D    814
     110    1104       0       0       0                        01010000D    815
     110       0       0       1       0                               0D    816
     126    1105       0       0       0                        01010500D    817
     126       0       0       2       0                               0D    818
     110    1107       0       0       0                        01010000D    819
     110       0       0       1       0                               0D    820
     102    1108       0       0       0                        01010500D    821
     102       0       0       1       0                               0D    822
     102    1109       0       0       0                        01010000D    823
     102       0       0       1       0                               0D    824
     142    1110       0       0       0                        00010500D    825
     142       0       0       1       0                               0D    826
     144    1111       0       0       1                        00010000D    827
     144       0      -1       1       0                               0D    828
     128    1112       0       0       0                        01010000D    829
     128       0       0       4       0                               0D    830
     126    1116       0       0       0                        01010500D    831
     126       0       0       2       0                               0D    832
     110    1118       0       0       0                        01010000D    833
     110       0       0       1       0                               0D    834
     126    1119       0       0       0                        01010500D    835
     126       0       0       2       0                               0D    836
     110    1121       0       0       0                        01010000D    837
     110       0       0       1       0                               0D    838
     126    1122       0       0       0                        01010500D    839
     126       0       0       2       0                               0D    840
     110    1124       0       0       0                        01010000D    841
     110       0       0       2       0                               0D    842
     126    1126       0       0       0                        01010500D    843
     126       0       0       2       0                               0D    844
     110    1128       0       0       0                        01010000D    845
     110       0       0       1       0                               0D    846
     102    1129       0       0       0                        01010500D    847
     102       0       0       1       0                               0D    848
     102    1130       0       0       0                        01010000D    849
     102       0       0       1       0                               0D    850
     142    1131       0       0       0                        00010500D    851
     142       0       0       1       0                               0D    852
     144    1132       0       0       1                        00010000D    853
     144       0      -1       1       0                               0D    854
     128    1133       0       0       0                        01010000D    855
     128       0       0       4       0                               0D    856
     126    1137       0       0       0                        01010500D    857
     126       0       0       2       0                               0D    858
     110    1139       0       0       0                        01010000D    859
     110       0       0       2       0                               0D    860
     126    1141       0       0       0                        01010500D    861
     126       0       0       2       0                               0D    862
     110    1143       0       0       0                        01010000D    863
     110       0       0       2       0                               0D    864
     126    1145       0       0       0                        01010500D    865
     126       0       0       2       0                               0D    866
     110    1147       0       0       0                        01010000D    867
     110       0       0       2       0                               0D    868
     126    1149       0       0       0                        01010500D    869
     126       0       0       2       0                               0D    870
     110    1151       0       0       0                        01010000D    871
     110       0       0       2       0                               0D    872
     102    1153       0       0       0                        01010500D    873
     102       0       0       1       0                               0D    874
     102    1154       0       0       0                        01010000D    875
     102       0       0       1       0                               0D    876
     142    1155       0       0       0                        00010500D    877
     142       0       0       1       0                               0D    878
     144    1156       0       0       1                        00010000D    879
     144       0      -1       1       0                               0D    880
     110    1157       0       0       0                        01010000D    881
     110       0       0       1       0                               0D    882
     110    1158       0       0       0                        01010000D    883
     110       0       0       1       0                               0D    884
     120    1159       0       0       0                        01010000D    885
     120       0       0       1       0                               0D    886
     126    1160       0       0       0                        01010500D    887
     126       0       0       2       0                               0D    888
     124    1162       0       0       0                        00000000D    889
     124       0       0       4       0                               0D    890
     100    1166       0       0       0             889        01010000D    891
     100       0       0       2       0                               0D    892
     126    1168       0       0       0                        01010500D    893
     126       0       0       2       0                               0D    894
     110    1170       0       0       0                        01010000D    895
     110       0       0       2       0                               0D    896
     126    1172       0       0       0                        01010500D    897
     126       0       0       2       0                               0D    898
     124    1174       0       0       0                        00000000D    899
     124       0       0       4       0                               0D    900
     100    1178       0       0       0             899        01010000D    901
     100       0       0       2       0                               0D    902
     126    1180       0       0       0                        01010500D    903
     126       0       0       2       0                               0D    904
     110    1182       0       0       0                        01010000D    905
     110       0       0       1       0                               0D    906
     102    1183       0       0       0                        01010500D    907
     102       0       0       1       0                               0D    908
     102    1184       0       0       0                        01010000D    909
     102       0       0       1       0                               0D    910
     142    1185       0       0       0                        00010500D    911
     142       0       0       1       0                               0D    912
     144    1186       0       0       1                        00010000D    913
     144       0      -1       1       0                               0D    914
     128    1187       0       0       0                        01010000D    915
     128       0       0       4       0                               0D    916
     126    1191       0       0       0                        01010500D    917
     126       0       0       2       0                               0D    918
     110    1193       0       0       0                        01010000D    919
     110       0       0       1       0                               0D    920
     126    1194       0       0       0                        01010500D    921
     126       0       0       2       0                               0D    922
     110    1196       0       0       0                        01010000D    923
     110       0       0       1       0                               0D    924
     126    1197       0       0       0                        01010500D    925
     126       0       0       2       0                               0D    926
     110    1199       0       0       0                        01010000D    927
     110       0       0       2       0                               0D    928
     126    1201       0       0       0                        01010500D    929
     126       0       0       7       0                               0D    930
     124    1208       0       0       0                        00000000D    931
     124       0       0       4       0                               0D    932
     100    1212       0       0       0             931        01010000D    933
     100       0       0       2       0                               0D    934
     126    1214       0       0       0                        01010500D    935
     126       0       0      12       0                               0D    936
     124    1226       0       0       0                        00000000D    937
     124       0       0       4       0                               0D    938
     100    1230       0       0       0             937        01010000D    939
     100       0       0       2       0                               0D    940
     126    1232       0       0       0                        01010500D    941
     126       0       0       2       0                               0D    942
     110    1234       0       0       0                        01010000D    943
     110       0       0       2       0                               0D    944
     126    1236       0       0       0                        01010500D    945
     126       0       0       2       0                               0D    946
     110    1238       0       0       0                        01010000D    947
     110       0       0       1       0                               0D    948
     102    1239       0       0       0                        01010500D    949
     102       0       0       1       0                               0D    950
     102    1240       0       0       0                        01010000D    951
     102       0       0       1       0                               0D    952
     142    1241       0       0       0                        00010500D    953
     142       0       0       1       0                               0D    954
     144    1242       0       0       1                        00010000D    955
     144       0      -1       1       0                               0D    956
     128    1243       0       0       0                        01010000D    957
     128       0       0       4       0                               0D    958
     126    1247       0       0       0                        01010500D    959
     126       0       0       2       0                               0D    960
     110    1249       0       0       0                        01010000D    961
     110       0       0       1       0                               0D    962
     126    1250       0       0       0                        01010500D    963
     126       0       0       2       0                               0D    964
     110    1252       0       0       0                        01010000D    965
     110       0       0       1       0                               0D    966
     126    1253       0       0       0                        01010500D    967
     126       0       0       2       0                               0D    968
     110    1255       0       0       0                        01010000D    969
     110       0       0       2       0                               0D    970
     126    1257       0       0       0                        01010500D    971
     126       0       0       7       0                               0D    972
     124    1264       0       0       0                        00000000D    973
     124       0       0       4       0                               0D    974
     100    1268       0       0       0             973        01010000D    975
     100       0       0       2       0                               0D    976
     126    1270       0       0       0                        01010500D    977
     126       0       0      12       0                               0D    978
     124    1282       0       0       0                        00000000D    979
     124       0       0       3       0                               0D    980
     100    1285       0       0       0             979        01010000D    981
     100       0       0       2       0                               0D    982
     126    1287       0       0       0                        01010500D    983
     126       0       0       2       0                               0D    984
     110    1289       0       0       0                        01010000D    985
     110       0       0       2       0                               0D    986
     126    1291       0       0       0                        01010500D    987
     126       0       0       2       0                               0D    988
     110    1293       0       0       0                        01010000D    989
     110       0       0       1       0                               0D    990
     102    1294       0       0       0                        01010500D    991
     102       0       0       1       0                               0D    992
     102    1295       0       0       0                        01010000D    993
     102       0       0       1       0                               0D    994
     142    1296       0       0       0                        00010500D    995
     142       0       0       1       0                               0D    996
     144    1297       0       0       1                        00010000D    997
     144       0      -1       1       0                               0D    998
     110    1298       0       0       0                        01010000D    999
     110       0       0       1       0                               0D   1000
     110    1299       0       0       0                        01010000D   1001
     110       0       0       1       0                               0D   1002
     120    1300       0       0       0                        01010000D   1003
     120       0       0       1       0                               0D   1004
     126    1301       0       0       0                        01010500D   1005
     126       0       0       2       0                               0D   1006
     124    1303       0       0       0                        00000000D   1007
     124       0       0       3       0                               0D   1008
     100    1306       0       0       0            1007        01010000D   1009
     100       0       0       2       0                               0D   1010
     126    1308       0       0       0                        01010500D   1011
     126       0       0       2       0                               0D   1012
     110    1310       0       0       0                        01010000D   1013
     110       0       0       2       0                               0D   1014
     126    1312       0       0       0                        01010500D   1015
     126       0       0       2       0                               0D   1016
     124    1314       0       0       0                        00000000D   1017
     124       0       0       4       0                               0D   1018
     100    1318       0       0       0            1017        01010000D   1019
     100       0       0       2       0                               0D   1020
     126    1320       0       0       0                        01010500D   1021
     126       0       0       2       0                               0D   1022
     110    1322       0       0       0                        01010000D   1023
     110       0       0       1       0                               0D   1024
     102    1323       0       0       0                        01010500D   1025
     102       0       0       1       0                               0D   1026
     102    1324       0       0       0                        01010000D   1027
     102       0       0       1       0                               0D   1028
     142    1325       0       0       0                        00010500D   1029
     142       0       0       1       0                               0D   1030
     144    1326       0       0       1                        00010000D   1031
     144       0      -1       1       0                               0D   1032
     128    1327       0       0       0                        01010000D   1033
     128       0       0       4       0                               0D   1034
     126    1331       0       0       0                        01010500D   1035
     126       0       0       2       0                               0D   1036
     110    1333       0       0       0                        01010000D   1037
     110       0       0       2       0                               0D   1038
     126    1335       0       0       0                        01010500D   1039
     126       0       0       2       0                               0D   1040
     110    1337       0       0       0                        01010000D   1041
     110       0       0       2       0                               0D   1042
     126    1339       0       0       0                        01010500D   1043
     126       0       0       2       0                               0D   1044
     110    1341       0       0       0                        01010000D   1045
     110       0       0       2       0                               0D   1046
     126    1343       0       0       0                        01010500D   1047
     126       0       0       2       0                               0D   1048
     110    1345       0       0       0                        01010000D   1049
     110       0       0       2       0                               0D   1050
     102    1347       0       0       0                        01010500D   1051
     102       0       0       1       0                               0D   1052
     102    1348       0       0       0                        01010000D   1053
     102       0       0       1       0                               0D   1054
     142    1349       0       0       0                        00010500D   1055
     142       0       0       1       0                               0D   1056
     144    1350       0       0       1                        00010000D   1057
     144       0      -1       1       0                               0D   1058
     128    1351       0       0       0                        01010000D   1059
     128       0       0       4       0                               0D   1060
     126    1355       0       0       0                        01010500D   1061
     126       0       0       2       0                               0D   1062
     110    1357       0       0       0                        01010000D   1063
     110       0       0       1       0                               0D   1064
     126    1358       0       0       0                        01010500D   1065
     126       0       0       2       0                               0D   1066
     110    1360       0       0       0                        01010000D   1067
     110       0       0       1       0                               0D   1068
     126    1361       0       0       0                        01010500D   1069
     126       0       0       2       0                               0D   1070
     110    1363       0       0       0                        01010000D   1071
     110       0       0       2       0                               0D   1072
     126    1365       0       0       0                        01010500D   1073
     126       0       0       2       0                               0D   1074
     110    1367       0       0       0                        01010000D   1075
     110       0       0       1       0                               0D   1076
     102    1368       0       0       0                        01010500D   1077
     102       0       0       1       0                               0D   1078
     102    1369       0       0       0                        01010000D   1079
     102       0       0       1       0                               0D   1080
     142    1370       0       0       0                        00010500D   1081
     142       0       0       1       0                               0D   1082
     144    1371       0       0       1                        00010000D   1083
     144       0      -1       1       0                               0D   1084
     128    1372       0       0       0                        01010000D   1085
     128       0       0       3       0                               0D   1086
     126    1375       0       0       0                        01010500D   1087
     126       0       0       2       0                               0D   1088
     110    1377       0       0       0                        01010000D   1089
     110       0       0       1       0                               0D   1090
     126    1378       0       0       0                        01010500D   1091
     126       0       0       2       0                               0D   1092
     110    1380       0       0       0                        01010000D   1093
     110       0       0       1       0                               0D   1094
     126    1381       0       0       0                        01010500D   1095
     126       0       0       2       0                               0D   1096
     110    1383       0       0       0                        01010000D   1097
     110       0       0       1       0                               0D   1098
     126    1384       0       0       0                        01010500D   1099
     126       0       0       2       0                               0D   1100
     110    1386       0       0       0                        01010000D   1101
     110       0       0       1       0                               0D   1102
     102    1387       0       0       0                        01010500D   1103
     102       0       0       1       0                               0D   1104
     102    1388       0       0       0                        01010000D   1105
     102       0       0       1       0                               0D   1106
     142    1389       0       0       0                        00010500D   1107
     142       0       0       1       0                               0D   1108
     144    1390       0       0       1                        00010000D   1109
     144       0      -1       1       0                               0D   1110
     128    1391       0       0       0                        01010000D   1111
     128       0       0       4       0                               0D   1112
     126    1395       0       0       0                        01010500D   1113
     126       0       0       2       0                               0D   1114
     110    1397       0       0       0                        01010000D   1115
     110       0       0       2       0                               0D   1116
     126    1399       0       0       0                        01010500D   1117
     126       0       0       2       0                               0D   1118
     110    1401       0       0       0                        01010000D   1119
     110       0       0       2       0                               0D   1120
     126    1403       0       0       0                        01010500D   1121
     126       0       0       2       0                               0D   1122
     110    1405       0       0       0                        01010000D   1123
     110       0       0       2       0                               0D   1124
     126    1407       0       0       0                        01010500D   1125
     126       0       0       2       0                               0D   1126
     110    1409       0       0       0                        01010000D   1127
     110       0       0       1       0                               0D   1128
     102    1410       0       0       0                        01010500D   1129
     102       0       0       1       0                               0D   1130
     102    1411       0       0       0                        01010000D   1131
     102       0       0       1       0                               0D   1132
     142    1412       0       0       0                        00010500D   1133
     142       0       0       1       0                               0D   1134
     144    1413       0       0       1                        00010000D   1135
     144       0      -1       1       0                               0D   1136
     128    1414       0       0       0                        01010000D   1137
     128       0       0       4       0                               0D   1138
     126    1418       0       0       0                        01010500D   1139
     126       0       0       2       0                               0D   1140
     110    1420       0       0       0                        01010000D   1141
     110       0       0       1       0                               0D   1142
     126    1421       0       0       0                        01010500D   1143
     126       0       0       2       0                               0D   1144
     110    1423       0       0       0                        01010000D   1145
     110       0       0       1       0                               0D   1146
     126    1424       0       0       0                        01010500D   1147
     126       0       0       2       0                               0D   1148
     110    1426       0       0       0                        01010000D   1149
     110       0       0       1       0                               0D   1150
     126    1427       0       0       0                        01010500D   1151
     126       0       0       2       0                               0D   1152
     110    1429       0       0       0                        01010000D   1153
     110       0       0       1       0                               0D   1154
     102    1430       0       0       0                        01010500D   1155
     102       0       0       1       0                               0D   1156
     102    1431       0       0       0                        01010000D   1157
     102       0       0       1       0                               0D   1158
     142    1432       0       0       0                        00010500D   1159
     142       0       0       1       0                               0D   1160
     144    1433       0       0       1                        00010000D   1161
     144       0      -1       1       0                               0D   1162
     128    1434       0       0       0                        01010000D   1163
     128       0       0       4       0                               0D   1164
     126    1438       0       0       0                        01010500D   1165
     126       0       0       2       0                               0D   1166
     110    1440       0       0       0                        01010000D   1167
     110       0       0       1       0                               0D   1168
     126    1441       0       0       0                        01010500D   1169
     126       0       0      11       0                               0D   1170
     124    1452       0       0       0                        00000000D   1171
     124       0       0       4       0                               0D   1172
     100    1456       0       0       0            1171        01010000D   1173
     100       0       0       2       0                               0D   1174
     126    1458       0       0       0                        01010500D   1175
     126       0       0       2       0                               0D   1176
     110    1460       0       0       0                        01010000D   1177
     110       0       0       1       0                               0D   1178
     126    1461       0       0       0                        01010500D   1179
     126       0       0       2       0                               0D   1180
     110    1463       0       0       0                        01010000D   1181
     110       0       0       2       0                               0D   1182
     126    1465       0       0       0                        01010500D   1183
     126       0       0      11       0                               0D   1184
     126    1476       0       0       0                        01010000D   1185
     126       0       0       4       0                               0D   1186
     102    1480       0       0       0                        01010500D   1187
     102       0       0       1       0                               0D   1188
     102    1481       0       0       0                        01010000D   1189
     102       0       0       1       0                               0D   1190
     142    1482       0       0       0                        00010500D   1191
     142       0       0       1       0                               0D   1192
     144    1483       0       0       1                        00010000D   1193
     144       0      -1       1       0                               0D   1194
     128    1484       0       0       0                        01010000D   1195
     128       0       0       4       0                               0D   1196
     126    1488       0       0       0                        01010500D   1197
     126       0       0       2       0                               0D   1198
     110    1490       0       0       0                        01010000D   1199
     110       0       0       1       0                               0D   1200
     126    1491       0       0       0                        01010500D   1201
     126       0       0      11       0                               0D   1202
     124    1502       0       0       0                        00000000D   1203
     124       0       0       3       0                               0D   1204
     100    1505       0       0       0            1203        01010000D   1205
     100       0       0       2       0                               0D   1206
     126    1507       0       0       0                        01010500D   1207
     126       0       0       2       0                               0D   1208
     110    1509       0       0       0                        01010000D   1209
     110       0       0       1       0                               0D   1210
     126    1510       0       0       0                        01010500D   1211
     126       0       0      11       0                               0D   1212
     126    1521       0       0       0                        01010000D   1213
     126       0       0       4       0                               0D   1214
     126    1525       0       0       0                        01010500D   1215
     126       0       0       2       0                               0D   1216
     110    1527       0       0       0                        01010000D   1217
     110       0       0       2       0                               0D   1218
     102    1529       0       0       0                        01010500D   1219
     102       0       0       1       0                               0D   1220
     102    1530       0       0       0                        01010000D   1221
     102       0       0       1       0                               0D   1222
     142    1531       0       0       0                        00010500D   1223
     142       0       0       1       0                               0D   1224
     144    1532       0       0       1                        00010000D   1225
     144       0      -1       1       0                               0D   1226
     110    1533       0       0       0                        01010000D   1227
     110       0       0       2       0                               0D   1228
     110    1535       0       0       0                        01010000D   1229
     110       0       0       2       0                               0D   1230
     120    1537       0       0       0                        01010000D   1231
     120       0       0       1       0                               0D   1232
     126    1538       0       0       0                        01010500D   1233
     126       0       0       2       0                               0D   1234
     110    1540       0       0       0                        01010000D   1235
     110       0       0       1       0                               0D   1236
     126    1541       0       0       0                        01010500D   1237
     126       0       0       7       0                               0D   1238
     126    1548       0       0       0                        01010000D   1239
     126       0       0       5       0                               0D   1240
     126    1553       0       0       0                        01010500D   1241
     126       0       0       2       0                               0D   1242
     110    1555       0       0       0                        01010000D   1243
     110       0       0       2       0                               0D   1244
     126    1557       0       0       0                        01010500D   1245
     126       0       0       7       0                               0D   1246
     126    1564       0       0       0                        01010000D   1247
     126       0       0       4       0                               0D   1248
     102    1568       0       0       0                        01010500D   1249
     102       0       0       1       0                               0D   1250
     102    1569       0       0       0                        01010000D   1251
     102       0       0       1       0                               0D   1252
     142    1570       0       0       0                        00010500D   1253
     142       0       0       1       0                               0D   1254
     144    1571       0       0       1                        00010000D   1255
     144       0      -1       1       0                               0D   1256
     110    1572       0       0       0                        01010000D   1257
     110       0       0       2       0                               0D   1258
     110    1574       0       0       0                        01010000D   1259
     110       0       0       2       0                               0D   1260
     120    1576       0       0       0                        01010000D   1261
     120       0       0       1       0                               0D   1262
     126    1577       0       0       0                        01010500D   1263
     126       0       0       2       0                               0D   1264
     110    1579       0       0       0                        01010000D   1265
     110       0       0       2       0                               0D   1266
     126    1581       0       0       0                        01010500D   1267
     126       0       0       3       0                               0D   1268
     126    1584       0       0       0                        01010000D   1269
     126       0       0       5       0                               0D   1270
     126    1589       0       0       0                        01010500D   1271
     126       0       0       5       0                               0D   1272
     126    1594       0       0       0                        01010000D   1273
     126       0       0       5       0                               0D   1274
     126    1599       0       0       0                        01010500D   1275
     126       0       0       2       0                               0D   1276
     110    1601       0       0       0                        01010000D   1277
     110       0       0       2       0                               0D   1278
     126    1603       0       0       0                        01010500D   1279
     126       0       0       6       0                               0D   1280
     126    1609       0       0       0                        01010000D   1281
     126       0       0       4       0                               0D   1282
     102    1613       0       0       0                        01010500D   1283
     102       0       0       1       0                               0D   1284
     102    1614       0       0       0                        01010000D   1285
     102       0       0       1       0                               0D   1286
     142    1615       0       0       0                        00010500D   1287
     142       0       0       1       0                               0D   1288
     144    1616       0       0       1                        00010000D   1289
     144       0      -1       1       0                               0D   1290
     110    1617       0       0       0                        01010000D   1291
     110       0       0       2       0                               0D   1292
     110    1619       0       0       0                        01010000D   1293
     110       0       0       2       0                               0D   1294
     120    1621       0       0       0                        01010000D   1295
     120       0       0       1       0                               0D   1296
     126    1622       0       0       0                        01010500D   1297
     126       0       0       2       0                               0D   1298
     110    1624       0       0       0                        01010000D   1299
     110       0       0       2       0                               0D   1300
     126    1626       0       0       0                        01010500D   1301
     126       0       0       4       0                               0D   1302
     126    1630       0       0       0                        01010000D   1303
     126       0       0       5       0                               0D   1304
     126    1635       0       0       0                        01010500D   1305
     126       0       0       3       0                               0D   1306
     126    1638       0       0       0                        01010000D   1307
     126       0       0       5       0                               0D   1308
     126    1643       0       0       0                        01010500D   1309
     126       0       0       2       0                               0D   1310
     110    1645       0       0       0                        01010000D   1311
     110       0       0       2       0                               0D   1312
     126    1647       0       0       0                        01010500D   1313
     126       0       0       6       0                               0D   1314
     126    1653       0       0       0                        01010000D   1315
     126       0       0       4       0                               0D   1316
     102    1657       0       0       0                        01010500D   1317
     102       0       0       1       0                               0D   1318
     102    1658       0       0       0                        01010000D   1319
     102       0       0       1       0                               0D   1320
     142    1659       0       0       0                        00010500D   1321
     142       0       0       1       0                               0D   1322
     144    1660       0       0       1                        00010000D   1323
     144       0      -1       1       0                               0D   1324
     110    1661       0       0       0                        01010000D   1325
     110       0       0       2       0                               0D   1326
     110    1663       0       0       0                        01010000D   1327
     110       0       0       2       0                               0D   1328
     120    1665       0       0       0                        01010000D   1329
     120       0       0       1       0                               0D   1330
     126    1666       0       0       0                        01010500D   1331
     126       0       0       2       0                               0D   1332
     110    1668       0       0       0                        01010000D   1333
     110       0       0       2       0                               0D   1334
     126    1670       0       0       0                        01010500D   1335
     126       0       0       5       0                               0D   1336
     126    1675       0       0       0                        01010000D   1337
     126       0       0       5       0                               0D   1338
     126    1680       0       0       0                        01010500D   1339
     126       0       0       2       0                               0D   1340
     110    1682       0       0       0                        01010000D   1341
     110       0       0       1       0                               0D   1342
     126    1683       0       0       0                        01010500D   1343
     126       0       0       7       0                               0D   1344
     126    1690       0       0       0                        01010000D   1345
     126       0       0       4       0                               0D   1346
     102    1694       0       0       0                        01010500D   1347
     102       0       0       1       0                               0D   1348
     102    1695       0       0       0                        01010000D   1349
     102       0       0       1       0                               0D   1350
     142    1696       0       0       0                        00010500D   1351
     142       0       0       1       0                               0D   1352
     144    1697       0       0       1                        00010000D   1353
     144       0      -1       1       0                               0D   1354
     110    1698       0       0       0                        01010000D   1355
     110       0       0       2       0                               0D   1356
     110    1700       0       0       0                        01010000D   1357
     110       0       0       2       0                               0D   1358
     120    1702       0       0       0                        01010000D   1359
     120       0       0       1       0                               0D   1360
     126    1703       0       0       0                        01010500D   1361
     126       0       0       2       0                               0D   1362
     124    1705       0       0       0                        00000000D   1363
     124       0       0       4       0                               0D   1364
     100    1709       0       0       0            1363        01010000D   1365
     100       0       0       2       0                               0D   1366
     126    1711       0       0       0                        01010500D   1367
     126       0       0       2       0                               0D   1368
     110    1713       0       0       0                        01010000D   1369
     110       0       0       2       0                               0D   1370
     126    1715       0       0       0                        01010500D   1371
     126       0       0       3       0                               0D   1372
     126    1718       0       0       0                        01010000D   1373
     126       0       0       5       0                               0D   1374
     126    1723       0       0       0                        01010500D   1375
     126       0       0       5       0                               0D   1376
     126    1728       0       0       0                        01010000D   1377
     126       0       0       5       0                               0D   1378
     126    1733       0       0       0                        01010500D   1379
     126       0       0       2       0                               0D   1380
     110    1735       0       0       0                        01010000D   1381
     110       0       0       2       0                               0D   1382
     102    1737       0       0       0                        01010500D   1383
     102       0       0       1       0                               0D   1384
     102    1738       0       0       0                        01010000D   1385
     102       0       0       1       0                               0D   1386
     142    1739       0       0       0                        00010500D   1387
     142       0       0       1       0                               0D   1388
     144    1740       0       0       1                        00010000D   1389
     144       0      -1       1       0                               0D   1390
     110    1741       0       0       0                        01010000D   1391
     110       0       0       2       0                               0D   1392
     110    1743       0       0       0                        01010000D   1393
     110       0       0       2       0                               0D   1394
     120    1745       0       0       0                        01010000D   1395
     120       0       0       1       0                               0D   1396
     126    1746       0       0       0                        01010500D   1397
     126       0       0       2       0                               0D   1398
     110    1748       0       0       0                        01010000D   1399
     110       0       0       2       0                               0D   1400
     126    1750       0       0       0                        01010500D   1401
     126       0       0       2       0                               0D   1402
     124    1752       0       0       0                        00000000D   1403
     124       0       0       4       0                               0D   1404
     100    1756       0       0       0            1403        01010000D   1405
     100       0       0       2       0                               0D   1406
     126    1758       0       0       0                        01010500D   1407
     126       0       0       2       0                               0D   1408
     110    1760       0       0       0                        01010000D   1409
     110       0       0       2       0                               0D   1410
     126    1762       0       0       0                        01010500D   1411
     126       0       0       3       0                               0D   1412
     126    1765       0       0       0                        01010000D   1413
     126       0       0       4       0                               0D   1414
     102    1769       0       0       0                        01010500D   1415
     102       0       0       1       0                               0D   1416
     102    1770       0       0       0                        01010000D   1417
     102       0       0       1       0                               0D   1418
     142    1771       0       0       0                        00010500D   1419
     142       0       0       1       0                               0D   1420
     144    1772       0       0       1                        00010000D   1421
     144       0      -1       1       0                               0D   1422
     110    1773       0       0       0                        01010000D   1423
     110       0       0       2       0                               0D   1424
     110    1775       0       0       0                        01010000D   1425
     110       0       0       2       0                               0D   1426
     120    1777       0       0       0                        01010000D   1427
     120       0       0       1       0                               0D   1428
     126    1778       0       0       0                        01010500D   1429
     126       0       0       2       0                               0D   1430
     110    1780       0       0       0                        01010000D   1431
     110       0       0       1       0                               0D   1432
     126    1781       0       0       0                        01010500D   1433
     126       0       0       2       0                               0D   1434
     124    1783       0       0       0                        00000000D   1435
     124       0       0       4       0                               0D   1436
     100    1787       0       0       0            1435        01010000D   1437
     100       0       0       2       0                               0D   1438
     126    1789       0       0       0                        01010500D   1439
     126       0       0       2       0                               0D   1440
     110    1791       0       0       0                        01010000D   1441
     110       0       0       2       0                               0D   1442
     126    1793       0       0       0                        01010500D   1443
     126       0       0       3       0                               0D   1444
     126    1796       0       0       0                        01010000D   1445
     126       0       0       4       0                               0D   1446
     102    1800       0       0       0                        01010500D   1447
     102       0       0       1       0                               0D   1448
     102    1801       0       0       0                        01010000D   1449
     102       0       0       1       0                               0D   1450
     142    1802       0       0       0                        00010500D   1451
     142       0       0       1       0                               0D   1452
     144    1803       0       0       1                        00010000D   1453
     144       0      -1       1       0                               0D   1454
     110    1804       0       0       0                        01010000D   1455
     110       0       0       2       0                               0D   1456
     110    1806       0       0       0                        01010000D   1457
     110       0       0       2       0                               0D   1458
     120    1808       0       0       0                        01010000D   1459
     120       0       0       1       0                               0D   1460
     126    1809       0       0       0                        01010500D   1461
     126       0       0       2       0                               0D   1462
     110    1811       0       0       0                        01010000D   1463
     110       0       0       2       0                               0D   1464
     126    1813       0       0       0                        01010500D   1465
     126       0       0       2       0                               0D   1466
     124    1815       0       0       0                        00000000D   1467
     124       0       0       4       0                               0D   1468
     100    1819       0       0       0            1467        01010000D   1469
     100       0       0       2       0                               0D   1470
     126    1821       0       0       0                        01010500D   1471
     126       0       0       2       0                               0D   1472
     110    1823       0       0       0                        01010000D   1473
     110       0       0       2       0                               0D   1474
     126    1825       0       0       0                        01010500D   1475
     126       0       0       3       0                               0D   1476
     126    1828       0       0       0                        01010000D   1477
     126       0       0       4       0                               0D   1478
     102    1832       0       0       0                        01010500D   1479
     102       0       0       1       0                               0D   1480
     102    1833       0       0       0                        01010000D   1481
     102       0       0       1       0                               0D   1482
     142    1834       0       0       0                        00010500D   1483
     142       0       0       1       0                               0D   1484
     144    1835       0       0       1                        00010000D   1485
     144       0      -1       1       0                               0D   1486
     110    1836       0       0       0                        01010000D   1487
     110       0       0       2       0                               0D   1488
     110    1838       0       0       0                        01010000D   1489
     110       0       0       2       0                               0D   1490
     120    1840       0       0       0                        01010000D   1491
     120       0       0       1       0                               0D   1492
     126    1841       0       0       0                        01010500D   1493
     126       0       0       2       0                               0D   1494
     110    1843       0       0       0                        01010000D   1495
     110       0       0       2       0                               0D   1496
     126    1845       0       0       0                        01010500D   1497
     126       0       0       2       0                               0D   1498
     124    1847       0       0       0                        00000000D   1499
     124       0       0       4       0                               0D   1500
     100    1851       0       0       0            1499        01010000D   1501
     100       0       0       2       0                               0D   1502
     126    1853       0       0       0                        01010500D   1503
     126       0       0       2       0                               0D   1504
     110    1855       0       0       0                        01010000D   1505
     110       0       0       2       0                               0D   1506
     126    1857       0       0       0                        01010500D   1507
     126       0       0       3       0                               0D   1508
     126    1860       0       0       0                        01010000D   1509
     126       0       0       4       0                               0D   1510
     102    1864       0       0       0                        01010500D   1511
     102       0       0       1       0                               0D   1512
     102    1865       0       0       0                        01010000D   1513
     102       0       0       1       0                               0D   1514
     142    1866       0       0       0                        00010500D   1515
     142       0       0       1       0                               0D   1516
     144    1867       0       0       1                        00010000D   1517
     144       0      -1       1       0                               0D   1518
     110    1868       0       0       0                        01010000D   1519
     110       0       0       2       0                               0D   1520
     110    1870       0       0       0                        01010000D   1521
     110       0       0       2       0                               0D   1522
     120    1872       0       0       0                        01010000D   1523
     120       0       0       1       0                               0D   1524
     126    1873       0       0       0                        01010500D   1525
     126       0       0       2       0                               0D   1526
     124    1875       0       0       0                        00000000D   1527
     124       0       0       3       0                               0D   1528
     100    1878       0       0       0            1527        01010000D   1529
     100       0       0       2       0                               0D   1530
     126    1880       0       0       0                        01010500D   1531
     126       0       0       2       0                               0D   1532
     110    1882       0       0       0                        01010000D   1533
     110       0       0       2       0                               0D   1534
     126    1884       0       0       0                        01010500D   1535
     126       0       0       2       0                               0D   1536
     124    1886       0       0       0                        00000000D   1537
     124       0       0       4       0                               0D   1538
     100    1890       0       0       0            1537        01010000D   1539
     100       0       0       2       0                               0D   1540
     126    1892       0       0       0                        01010500D   1541
     126       0       0       2       0                               0D   1542
     110    1894       0       0       0                        01010000D   1543
     110       0       0       2       0                               0D   1544
     102    1896       0       0       0                        01010500D   1545
     102       0       0       1       0                               0D   1546
     102    1897       0       0       0                        01010000D   1547
     102       0       0       1       0                               0D   1548
     142    1898       0       0       0                        00010500D   1549
     142       0       0       1       0                               0D   1550
     144    1899       0       0       1                        00010000D   1551
     144       0      -1       1       0                               0D   1552
     128    1900       0       0       0                        01010000D   1553
     128       0       0      46       0                               0D   1554
     126    1946       0       0       0                        01010500D   1555
     126       0       0       2       0                               0D   1556
     124    1948       0       0       0                        00000000D   1557
     124       0       0       3       0                               0D   1558
     100    1951       0       0       0            1557        01010000D   1559
     100       0       0       2       0                               0D   1560
     126    1953       0       0       0                        01010500D   1561
     126       0       0       2       0                               0D   1562
     126    1955       0       0       0                        01010000D   1563
     126       0       0       5       0                               0D   1564
     126    1960       0       0       0                        01010500D   1565
     126       0       0       2       0                               0D   1566
     124    1962       0       0       0                        00000000D   1567
     124       0       0       5       0                               0D   1568
     100    1967       0       0       0            1567        01010000D   1569
     100       0       0       2       0                               0D   1570
     126    1969       0       0       0                        01010500D   1571
     126       0       0       2       0                               0D   1572
     126    1971       0       0       0                        01010000D   1573
     126       0       0       4       0                               0D   1574
     102    1975       0       0       0                        01010500D   1575
     102       0       0       1       0                               0D   1576
     102    1976       0       0       0                        01010000D   1577
     102       0       0       1       0                               0D   1578
     142    1977       0       0       0                        00010500D   1579
     142       0       0       1       0                               0D   1580
     144    1978       0       0       1                        00010000D   1581
     144       0      -1       1       0                               0D   1582
     128    1979       0       0       0                        01010000D   1583
     128       0       0      50       0                               0D   1584
     126    2029       0       0       0                        01010500D   1585
     126       0       0       2       0                               0D   1586
     124    2031       0       0       0                        00000000D   1587
     124       0       0       4       0                               0D   1588
     100    2035       0       0       0            1587        01010000D   1589
     100       0       0       2       0                               0D   1590
     126    2037       0       0       0                        01010500D   1591
     126       0       0       2       0                               0D   1592
     126    2039       0       0       0                        01010000D   1593
     126       0       0       4       0                               0D   1594
     126    2043       0       0       0                        01010500D   1595
     126       0       0       2       0                               0D   1596
     124    2045       0       0       0                        00000000D   1597
     124       0       0       5       0                               0D   1598
     100    2050       0       0       0            1597        01010000D   1599
     100       0       0       2       0                               0D   1600
     126    2052       0       0       0                        01010500D   1601
     126       0       0       2       0                               0D   1602
     126    2054       0       0       0                        01010000D   1603
     126       0       0       5       0                               0D   1604
     102    2059       0       0       0                        01010500D   1605
     102       0       0       1       0                               0D   1606
     102    2060       0       0       0                        01010000D   1607
     102       0       0       1       0                               0D   1608
     142    2061       0       0       0                        00010500D   1609
     142       0       0       1       0                               0D   1610
     144    2062       0       0       1                        00010000D   1611
     144       0      -1       1       0                               0D   1612
     110    2063       0       0       0                        01010000D   1613
     110       0       0       1       0                               0D   1614
     110    2064       0       0       0                        01010000D   1615
     110       0       0       2       0                               0D   1616
     120    2066       0       0       0                        01010000D   1617
     120       0       0       1       0                               0D   1618
     126    2067       0       0       0                        01010500D   1619
     126       0       0       2       0                               0D   1620
     100    2069       0       0       0                        01010000D   1621
     100       0       0       2       0                               0D   1622
     126    2071       0       0       0                        01010500D   1623
     126       0       0       2       0                               0D   1624
     110    2073       0       0       0                        01010000D   1625
     110       0       0       2       0                               0D   1626
     126    2075       0       0       0                        01010500D   1627
     126       0       0       2       0                               0D   1628
     124    2077       0       0       0                        00000000D   1629
     124       0       0       5       0                               0D   1630
     100    2082       0       0       0            1629        01010000D   1631
     100       0       0       2       0                               0D   1632
     126    2084       0       0       0                        01010500D   1633
     126       0       0       2       0                               0D   1634
     110    2086       0       0       0                        01010000D   1635
     110       0       0       2       0                               0D   1636
     102    2088       0       0       0                        01010500D   1637
     102       0       0       1       0                               0D   1638
     102    2089       0       0       0                        01010000D   1639
     102       0       0       1       0                               0D   1640
     142    2090       0       0       0                        00010500D   1641
     142       0       0       1       0                               0D   1642
     144    2091       0       0       1                        00010000D   1643
     144       0      -1       1       0                               0D   1644
     110    2092       0       0       0                        01010000D   1645
     110       0       0       1       0                               0D   1646
     110    2093       0       0       0                        01010000D   1647
     110       0       0       2       0                               0D   1648
     120    2095       0       0       0                        01010000D   1649
     120       0       0       1       0                               0D   1650
     126    2096       0       0       0                        01010500D   1651
     126       0       0       2       0                               0D   1652
     100    2098       0       0       0                        01010000D   1653
     100       0       0       2       0                               0D   1654
     126    2100       0       0       0                        01010500D   1655
     126       0       0       2       0                               0D   1656
     110    2102       0       0       0                        01010000D   1657
     110       0       0       2       0                               0D   1658
     126    2104       0       0       0                        01010500D   1659
     126       0       0       2       0                               0D   1660
     124    2106       0       0       0                        00000000D   1661
     124       0       0       5       0                               0D   1662
     100    2111       0       0       0            1661        01010000D   1663
     100       0       0       2       0                               0D   1664
     126    2113       0       0       0                        01010500D   1665
     126       0       0       2       0                               0D   1666
     110    2115       0       0       0                        01010000D   1667
     110       0       0       2       0                               0D   1668
     102    2117       0       0       0                        01010500D   1669
     102       0       0       1       0                               0D   1670
     102    2118       0       0       0                        01010000D   1671
     102       0       0       1       0                               0D   1672
     142    2119       0       0       0                        00010500D   1673
     142       0       0       1       0                               0D   1674
     144    2120       0       0       1                        00010000D   1675
     144       0      -1       1       0                               0D   1676
     110    2121       0       0       0                        01010000D   1677
     110       0       0       2       0                               0D   1678
     124    2123       0       0       0                        00000000D   1679
     124       0       0       4       0                               0D   1680
     100    2127       0       0       0            1679        01010000D   1681
     100       0       0       2       0                               0D   1682
     120    2129       0       0       0                        01010000D   1683
     120       0       0       1       0                               0D   1684
     126    2130       0       0       0                        01010500D   1685
     126       0       0       3       0                               0D   1686
     124    2133       0       0       0                        00000000D   1687
     124       0       0       4       0                               0D   1688
     100    2137       0       0       0            1687        01010000D   1689
     100       0       0       2       0                               0D   1690
     126    2139       0       0       0                        01010500D   1691
     126       0       0       2       0                               0D   1692
     100    2141       0       0       0                        01010000D   1693
     100       0       0       2       0                               0D   1694
     126    2143       0       0       0                        01010500D   1695
     126       0       0       9       0                               0D   1696
     124    2152       0       0       0                        00000000D   1697
     124       0       0       4       0                               0D   1698
     100    2156       0       0       0            1697        01010000D   1699
     100       0       0       2       0                               0D   1700
     102    2158       0       0       0                        01010500D   1701
     102       0       0       1       0                               0D   1702
     102    2159       0       0       0                        01010000D   1703
     102       0       0       1       0                               0D   1704
     142    2160       0       0       0                        00010500D   1705
     142       0       0       1       0                               0D   1706
     144    2161       0       0       1                        00010000D   1707
     144       0      -1       1       0                               0D   1708
     110    2162       0       0       0                        01010000D   1709
     110       0       0       2       0                               0D   1710
     124    2164       0       0       0                        00000000D   1711
     124       0       0       4       0                               0D   1712
     100    2168       0       0       0            1711        01010000D   1713
     100       0       0       2       0                               0D   1714
     120    2170       0       0       0                        01010000D   1715
     120       0       0       1       0                               0D   1716
     126    2171       0       0       0                        01010500D   1717
     126       0       0       2       0                               0D   1718
     100    2173       0       0       0                        01010000D   1719
     100       0       0       2       0                               0D   1720
     126    2175       0       0       0                        01010500D   1721
     126       0       0       3       0                               0D   1722
     124    2178       0       0       0                        00000000D   1723
     124       0       0       4       0                               0D   1724
     100    2182       0       0       0            1723        01010000D   1725
     100       0       0       2       0                               0D   1726
     126    2184       0       0       0                        01010500D   1727
     126       0       0       9       0                               0D   1728
     124    2193       0       0       0                        00000000D   1729
     124       0       0       4       0                               0D   1730
     100    2197       0       0       0            1729        01010000D   1731
     100       0       0       2       0                               0D   1732
     102    2199       0       0       0                        01010500D   1733
     102       0       0       1       0                               0D   1734
     102    2200       0       0       0                        01010000D   1735
     102       0       0       1       0                               0D   1736
     142    2201       0       0       0                        00010500D   1737
     142       0       0       1       0                               0D   1738
     144    2202       0       0       1                        00010000D   1739
     144       0      -1       1       0                               0D   1740
     110    2203       0       0       0                        01010000D   1741
     110       0       0       2       0                               0D   1742
     110    2205       0       0       0                        01010000D   1743
     110       0       0       2       0                               0D   1744
     120    2207       0       0       0                        01010000D   1745
     120       0       0       1       0                               0D   1746
     126    2208       0       0       0                        01010500D   1747
     126       0       0       2       0                               0D   1748
     124    2210       0       0       0                        00000000D   1749
     124       0       0       4       0                               0D   1750
     100    2214       0       0       0            1749        01010000D   1751
     100       0       0       2       0                               0D   1752
     126    2216       0       0       0                        01010500D   1753
     126       0       0       2       0                               0D   1754
     110    2218       0       0       0                        01010000D   1755
     110       0       0       2       0                               0D   1756
     126    2220       0       0       0                        01010500D   1757
     126       0       0       2       0                               0D   1758
     124    2222       0       0       0                        00000000D   1759
     124       0       0       4       0                               0D   1760
     100    2226       0       0       0            1759        01010000D   1761
     100       0       0       2       0                               0D   1762
     126    2228       0       0       0                        01010500D   1763
     126       0       0       2       0                               0D   1764
     110    2230       0       0       0                        01010000D   1765
     110       0       0       2       0                               0D   1766
     102    2232       0       0       0                        01010500D   1767
     102       0       0       1       0                               0D   1768
     102    2233       0       0       0                        01010000D   1769
     102       0       0       1       0                               0D   1770
     142    2234       0       0       0                        00010500D   1771
     142       0       0       1       0                               0D   1772
     144    2235       0       0       1                        00010000D   1773
     144       0      -1       1       0                               0D   1774
     110    2236       0       0       0                        01010000D   1775
     110       0       0       2       0                               0D   1776
     110    2238       0       0       0                        01010000D   1777
     110       0       0       2       0                               0D   1778
     120    2240       0       0       0                        01010000D   1779
     120       0       0       1       0                               0D   1780
     126    2241       0       0       0                        01010500D   1781
     126       0       0       2       0                               0D   1782
     124    2243       0       0       0                        00000000D   1783
     124       0       0       4       0                               0D   1784
     100    2247       0       0       0            1783        01010000D   1785
     100       0       0       2       0                               0D   1786
     126    2249       0       0       0                        01010500D   1787
     126       0       0       2       0                               0D   1788
     110    2251       0       0       0                        01010000D   1789
     110       0       0       2       0                               0D   1790
     126    2253       0       0       0                        01010500D   1791
     126       0       0       2       0                               0D   1792
     124    2255       0       0       0                        00000000D   1793
     124       0       0       4       0                               0D   1794
     100    2259       0       0       0            1793        01010000D   1795
     100       0       0       2       0                               0D   1796
     126    2261       0       0       0                        01010500D   1797
     126       0       0       2       0                               0D   1798
     110    2263       0       0       0                        01010000D   1799
     110       0       0       2       0                               0D   1800
     102    2265       0       0       0                        01010500D   1801
     102       0       0       1       0                               0D   1802
     102    2266       0       0       0                        01010000D   1803
     102       0       0       1       0                               0D   1804
     142    2267       0       0       0                        00010500D   1805
     142       0       0       1       0                               0D   1806
     144    2268       0       0       1                        00010000D   1807
     144       0      -1       1       0                               0D   1808
     128    2269       0       0       0                        01010000D   1809
     128       0       0      16       0                               0D   1810
     126    2285       0       0       0                        01010500D   1811
     126       0       0       2       0                               0D   1812
     124    2287       0       0       0                        00000000D   1813
     124       0       0       4       0                               0D   1814
     100    2291       0       0       0            1813        01010000D   1815
     100       0       0       2       0                               0D   1816
     126    2293       0       0       0                        01010500D   1817
     126       0       0       2       0                               0D   1818
     124    2295       0       0       0                        00000000D   1819
     124       0       0       4       0                               0D   1820
     100    2299       0       0       0            1819        01010000D   1821
     100       0       0       2       0                               0D   1822
     126    2301       0       0       0                        01010500D   1823
     126       0       0       2       0                               0D   1824
     124    2303       0       0       0                        00000000D   1825
     124       0       0       4       0                               0D   1826
     100    2307       0       0       0            1825        01010000D   1827
     100       0       0       2       0                               0D   1828
     126    2309       0       0       0                        01010500D   1829
     126       0       0       2       0                               0D   1830
     124    2311       0       0       0                        00000000D   1831
     124       0       0       4       0                               0D   1832
     100    2315       0       0       0            1831        01010000D   1833
     100       0       0       2       0                               0D   1834
     102    2317       0       0       0                        01010500D   1835
     102       0       0       1       0                               0D   1836
     102    2318       0       0       0                        01010000D   1837
     102       0       0       1       0                               0D   1838
     142    2319       0       0       0                        00010500D   1839
     142       0       0       1       0                               0D   1840
     144    2320       0       0       1                        00010000D   1841
     144       0      -1       1       0                               0D   1842
     128    2321       0       0       0                        01010000D   1843
     128       0       0      56       0                               0D   1844
     126    2377       0       0       0                        01010500D   1845
     126       0       0       2       0                               0D   1846
     100    2379       0       0       0                        01010000D   1847
     100       0       0       2       0                               0D   1848
     126    2381       0       0       0                        01010500D   1849
     126       0       0       2       0                               0D   1850
     126    2383       0       0       0                        01010000D   1851
     126       0       0       5       0                               0D   1852
     126    2388       0       0       0                        01010500D   1853
     126       0       0       2       0                               0D   1854
     124    2390       0       0       0                        00000000D   1855
     124       0       0       4       0                               0D   1856
     100    2394       0       0       0            1855        01010000D   1857
     100       0       0       2       0                               0D   1858
     126    2396       0       0       0                        01010500D   1859
     126       0       0       2       0                               0D   1860
     126    2398       0       0       0                        01010000D   1861
     126       0       0       5       0                               0D   1862
     102    2403       0       0       0                        01010500D   1863
     102       0       0       1       0                               0D   1864
     102    2404       0       0       0                        01010000D   1865
     102       0       0       1       0                               0D   1866
     142    2405       0       0       0                        00010500D   1867
     142       0       0       1       0                               0D   1868
     144    2406       0       0       1                        00010000D   1869
     144       0      -1       1       0                               0D   1870
     110    2407       0       0       0                        01010000D   1871
     110       0       0       2       0                               0D   1872
     110    2409       0       0       0                        01010000D   1873
     110       0       0       2       0                               0D   1874
     120    2411       0       0       0                        01010000D   1875
     120       0       0       1       0                               0D   1876
     126    2412       0       0       0                        01010500D   1877
     126       0       0       2       0                               0D   1878
     124    2414       0       0       0                        00000000D   1879
     124       0       0       4       0                               0D   1880
     100    2418       0       0       0            1879        01010000D   1881
     100       0       0       2       0                               0D   1882
     126    2420       0       0       0                        01010500D   1883
     126       0       0       2       0                               0D   1884
     110    2422       0       0       0                        01010000D   1885
     110       0       0       2       0                               0D   1886
     126    2424       0       0       0                        01010500D   1887
     126       0       0       2       0                               0D   1888
     124    2426       0       0       0                        00000000D   1889
     124       0       0       4       0                               0D   1890
     100    2430       0       0       0            1889        01010000D   1891
     100       0       0       2       0                               0D   1892
     126    2432       0       0       0                        01010500D   1893
     126       0       0       2       0                               0D   1894
     110    2434       0       0       0                        01010000D   1895
     110       0       0       2       0                               0D   1896
     102    2436       0       0       0                        01010500D   1897
     102       0       0       1       0                               0D   1898
     102    2437       0       0       0                        01010000D   1899
     102       0       0       1       0                               0D   1900
     142    2438       0       0       0                        00010500D   1901
     142       0       0       1       0                               0D   1902
     144    2439       0       0       1                        00010000D   1903
     144       0      -1       1       0                               0D   1904
     110    2440       0       0       0                        01010000D   1905
     110       0       0       2       0                               0D   1906
     110    2442       0       0       0                        01010000D   1907
     110       0       0       2       0                               0D   1908
     120    2444       0       0       0                        01010000D   1909
     120       0       0       1       0                               0D   1910
     126    2445       0       0       0                        01010500D   1911
     126       0       0       2       0                               0D   1912
     124    2447       0       0       0                        00000000D   1913
     124       0       0       4       0                               0D   1914
     100    2451       0       0       0            1913        01010000D   1915
     100       0       0       2       0                               0D   1916
     126    2453       0       0       0                        01010500D   1917
     126       0       0       2       0                               0D   1918
     110    2455       0       0       0                        01010000D   1919
     110       0       0       2       0                               0D   1920
     126    2457       0       0       0                        01010500D   1921
     126       0       0       2       0                               0D   1922
     124    2459       0       0       0                        00000000D   1923
     124       0       0       4       0                               0D   1924
     100    2463       0       0       0            1923        01010000D   1925
     100       0       0       2       0                               0D   1926
     126    2465       0       0       0                        01010500D   1927
     126       0       0       2       0                               0D   1928
     110    2467       0       0       0                        01010000D   1929
     110       0       0       2       0                               0D   1930
     102    2469       0       0       0                        01010500D   1931
     102       0       0       1       0                               0D   1932
     102    2470       0       0       0                        01010000D   1933
     102       0       0       1       0                               0D   1934
     142    2471       0       0       0                        00010500D   1935
     142       0       0       1       0                               0D   1936
     144    2472       0       0       1                        00010000D   1937
     144       0      -1       1       0                               0D   1938
     110    2473       0       0       0                        01010000D   1939
     110       0       0       2       0                               0D   1940
     124    2475       0       0       0                        00000000D   1941
     124       0       0       4       0                               0D   1942
     100    2479       0       0       0            1941        01010000D   1943
     100       0       0       2       0                               0D   1944
     120    2481       0       0       0                        01010000D   1945
     120       0       0       1       0                               0D   1946
     126    2482       0       0       0                        01010500D   1947
     126       0       0       5       0                               0D   1948
     124    2487       0       0       0                        00000000D   1949
     124       0       0       4       0                               0D   1950
     100    2491       0       0       0            1949        01010000D   1951
     100       0       0       2       0                               0D   1952
     126    2493       0       0       0                        01010500D   1953
     126       0       0      16       0                               0D   1954
     124    2509       0       0       0                        00000000D   1955
     124       0       0       4       0                               0D   1956
     100    2513       0       0       0            1955        01010000D   1957
     100       0       0       2       0                               0D   1958
     126    2515       0       0       0                        01010500D   1959
     126       0       0       2       0                               0D   1960
     124    2517       0       0       0                        00000000D   1961
     124       0       0       5       0                               0D   1962
     100    2522       0       0       0            1961        01010000D   1963
     100       0       0       2       0                               0D   1964
     102    2524       0       0       0                        01010500D   1965
     102       0       0       1       0                               0D   1966
     102    2525       0       0       0                        01010000D   1967
     102       0       0       1       0                               0D   1968
     142    2526       0       0       0                        00010500D   1969
     142       0       0       1       0                               0D   1970
     144    2527       0       0       1                        00010000D   1971
     144       0      -1       1       0                               0D   1972
     110    2528       0       0       0                        01010000D   1973
     110       0       0       2       0                               0D   1974
     124    2530       0       0       0                        00000000D   1975
     124       0       0       4       0                               0D   1976
     100    2534       0       0       0            1975        01010000D   1977
     100       0       0       2       0                               0D   1978
     120    2536       0       0       0                        01010000D   1979
     120       0       0       1       0                               0D   1980
     126    2537       0       0       0                        01010500D   1981
     126       0       0      16       0                               0D   1982
     124    2553       0       0       0                        00000000D   1983
     124       0       0       4       0                               0D   1984
     100    2557       0       0       0            1983        01010000D   1985
     100       0       0       2       0                               0D   1986
     126    2559       0       0       0                        01010500D   1987
     126       0       0       5       0                               0D   1988
     124    2564       0       0       0                        00000000D   1989
     124       0       0       4       0                               0D   1990
     100    2568       0       0       0            1989        01010000D   1991
     100       0       0       2       0                               0D   1992
     126    2570       0       0       0                        01010500D   1993
     126       0       0       2       0                               0D   1994
     124    2572       0       0       0                        00000000D   1995
     124       0       0       5       0                               0D   1996
     100    2577       0       0       0            1995        01010000D   1997
     100       0       0       2       0                               0D   1998
     102    2579       0       0       0                        01010500D   1999
     102       0       0       1       0                               0D   2000
     102    2580       0       0       0                        01010000D   2001
     102       0       0       1       0                               0D   2002
     142    2581       0       0       0                        00010500D   2003
     142       0       0       1       0                               0D   2004
     144    2582       0       0       1                        00010000D   2005
     144       0      -1       1       0                               0D   2006
     110    2583       0       0       0                        01010000D   2007
     110       0       0       1       0                               0D   2008
     110    2584       0       0       0                        01010000D   2009
     110       0       0       2       0                               0D   2010
     120    2586       0       0       0                        01010000D   2011
     120       0       0       1       0                               0D   2012
     126    2587       0       0       0                        01010500D   2013
     126       0       0       2       0                               0D   2014
     100    2589       0       0       0                        01010000D   2015
     100       0       0       2       0                               0D   2016
     126    2591       0       0       0                        01010500D   2017
     126       0       0       2       0                               0D   2018
     110    2593       0       0       0                        01010000D   2019
     110       0       0       2       0                               0D   2020
     126    2595       0       0       0                        01010500D   2021
     126       0       0       2       0                               0D   2022
     124    2597       0       0       0                        00000000D   2023
     124       0       0       4       0                               0D   2024
     100    2601       0       0       0            2023        01010000D   2025
     100       0       0       2       0                               0D   2026
     126    2603       0       0       0                        01010500D   2027
     126       0       0       2       0                               0D   2028
     110    2605       0       0       0                        01010000D   2029
     110       0       0       2       0                               0D   2030
     102    2607       0       0       0                        01010500D   2031
     102       0       0       1       0                               0D   2032
     102    2608       0       0       0                        01010000D   2033
     102       0       0       1       0                               0D   2034
     142    2609       0       0       0                        00010500D   2035
     142       0       0       1       0                               0D   2036
     144    2610       0       0       1                        00010000D   2037
     144       0      -1       1       0                               0D   2038
     110    2611       0       0       0                        01010000D   2039
     110       0       0       1       0                               0D   2040
     110    2612       0       0       0                        01010000D   2041
     110       0       0       2       0                               0D   2042
     120    2614       0       0       0                        01010000D   2043
     120       0       0       1       0                               0D   2044
     126    2615       0       0       0                        01010500D   2045
     126       0       0       2       0                               0D   2046
     100    2617       0       0       0                        01010000D   2047
     100       0       0       2       0                               0D   2048
     126    2619       0       0       0                        01010500D   2049
     126       0       0       2       0                               0D   2050
     110    2621       0       0       0                        01010000D   2051
     110       0       0       2       0                               0D   2052
     126    2623       0       0       0                        01010500D   2053
     126       0       0       2       0                               0D   2054
     124    2625       0       0       0                        00000000D   2055
     124       0       0       5       0                               0D   2056
     100    2630       0       0       0            2055        01010000D   2057
     100       0       0       2       0                               0D   2058
     126    2632       0       0       0                        01010500D   2059
     126       0       0       2       0                               0D   2060
     110    2634       0       0       0                        01010000D   2061
     110       0       0       2       0                               0D   2062
     102    2636       0       0       0                        01010500D   2063
     102       0       0       1       0                               0D   2064
     102    2637       0       0       0                        01010000D   2065
     102       0       0       1       0                               0D   2066
     142    2638       0       0       0                        00010500D   2067
     142       0       0       1       0                               0D   2068
     144    2639       0       0       1                        00010000D   2069
     144       0      -1       1       0                               0D   2070
     128    2640       0       0       0                        01010000D   2071
     128       0       0      51       0                               0D   2072
     126    2691       0       0       0                        01010500D   2073
     126       0       0       2       0                               0D   2074
     100    2693       0       0       0                        01010000D   2075
     100       0       0       2       0                               0D   2076
     126    2695       0       0       0                        01010500D   2077
     126       0       0       2       0                               0D   2078
     126    2697       0       0       0                        01010000D   2079
     126       0       0       5       0                               0D   2080
     126    2702       0       0       0                        01010500D   2081
     126       0       0       2       0                               0D   2082
     124    2704       0       0       0                        00000000D   2083
     124       0       0       4       0                               0D   2084
     100    2708       0       0       0            2083        01010000D   2085
     100       0       0       2       0                               0D   2086
     126    2710       0       0       0                        01010500D   2087
     126       0       0       2       0                               0D   2088
     126    2712       0       0       0                        01010000D   2089
     126       0       0       4       0                               0D   2090
     102    2716       0       0       0                        01010500D   2091
     102       0       0       1       0                               0D   2092
     102    2717       0       0       0                        01010000D   2093
     102       0       0       1       0                               0D   2094
     142    2718       0       0       0                        00010500D   2095
     142       0       0       1       0                               0D   2096
     144    2719       0       0       1                        00010000D   2097
     144       0      -1       1       0                               0D   2098
     128    2720       0       0       0                        01010000D   2099
     128       0       0      20       0                               0D   2100
     126    2740       0       0       0                        01010500D   2101
     126       0       0       2       0                               0D   2102
     124    2742       0       0       0                        00000000D   2103
     124       0       0       4       0                               0D   2104
     100    2746       0       0       0            2103        01010000D   2105
     100       0       0       2       0                               0D   2106
     126    2748       0       0       0                        01010500D   2107
     126       0       0       2       0                               0D   2108
     126    2750       0       0       0                        01010000D   2109
     126       0       0       4       0                               0D   2110
     126    2754       0       0       0                        01010500D   2111
     126       0       0       2       0                               0D   2112
     124    2756       0       0       0                        00000000D   2113
     124       0       0       3       0                               0D   2114
     100    2759       0       0       0            2113        01010000D   2115
     100       0       0       2       0                               0D   2116
     126    2761       0       0       0                        01010500D   2117
     126       0       0       2       0                               0D   2118
     126    2763       0       0       0                        01010000D   2119
     126       0       0       5       0                               0D   2120
     102    2768       0       0       0                        01010500D   2121
     102       0       0       1       0                               0D   2122
     102    2769       0       0       0                        01010000D   2123
     102       0       0       1       0                               0D   2124
     142    2770       0       0       0                        00010500D   2125
     142       0       0       1       0                               0D   2126
     144    2771       0       0       1                        00010000D   2127
     144       0      -1       1       0                               0D   2128
     110    2772       0       0       0                        01010000D   2129
     110       0       0       2       0                               0D   2130
     110    2774       0       0       0                        01010000D   2131
     110       0       0       2       0                               0D   2132
     120    2776       0       0       0                        01010000D   2133
     120       0       0       1       0                               0D   2134
     126    2777       0       0       0                        01010500D   2135
     126       0       0       2       0                               0D   2136
     124    2779       0       0       0                        00000000D   2137
     124       0       0       3       0                               0D   2138
     100    2782       0       0       0            2137        01010000D   2139
     100       0       0       2       0                               0D   2140
     126    2784       0       0       0                        01010500D   2141
     126       0       0       2       0                               0D   2142
     110    2786       0       0       0                        01010000D   2143
     110       0       0       2       0                               0D   2144
     126    2788       0       0       0                        01010500D   2145
     126       0       0       2       0                               0D   2146
     124    2790       0       0       0                        00000000D   2147
     124       0       0       4       0                               0D   2148
     100    2794       0       0       0            2147        01010000D   2149
     100       0       0       2       0                               0D   2150
     126    2796       0       0       0                        01010500D   2151
     126       0       0       2       0                               0D   2152
     110    2798       0       0       0                        01010000D   2153
     110       0       0       2       0                               0D   2154
     126    2800       0       0       0                        01010500D   2155
     126       0       0       2       0                               0D   2156
     124    2802       0       0       0                        00000000D   2157
     124       0       0       3       0                               0D   2158
     100    2805       0       0       0            2157        01010000D   2159
     100       0       0       2       0                               0D   2160
     126    2807       0       0       0                        01010500D   2161
     126       0       0       2       0                               0D   2162
     110    2809       0       0       0                        01010000D   2163
     110       0       0       1       0                               0D   2164
     126    2810       0       0       0                        01010500D   2165
     126       0       0       2       0                               0D   2166
     124    2812       0       0       0                        00000000D   2167
     124       0       0       4       0                               0D   2168
     100    2816       0       0       0            2167        01010000D   2169
     100       0       0       2       0                               0D   2170
     126    2818       0       0       0                        01010500D   2171
     126       0       0       2       0                               0D   2172
     110    2820       0       0       0                        01010000D   2173
     110       0       0       2       0                               0D   2174
     102    2822       0       0       0                        01010500D   2175
     102       0       0       1       0                               0D   2176
     102    2823       0       0       0                        01010000D   2177
     102       0       0       1       0                               0D   2178
     142    2824       0       0       0                        00010500D   2179
     142       0       0       1       0                               0D   2180
     144    2825       0       0       1                        00010000D   2181
     144       0      -1       1       0                               0D   2182
     308    2826       0       0       1                        00010201D   2183
     308       0       0       6       0                               0D   2184
     124    2832       0       0       0                        00000000D   2185
     124       0       0       1       0                               0D   2186
     408    2833       0       0       2            2185        00000001D   2187
     408       0       0       1       0                               0D   2188
     128    2834       0       0       0                        01010000D   2189
     128       0       0       3       0                               0D   2190
     126    2837       0       0       0                        01010500D   2191
     126       0       0       2       0                               0D   2192
     110    2839       0       0       0                        01010000D   2193
     110       0       0       1       0                               0D   2194
     126    2840       0       0       0                        01010500D   2195
     126       0       0       2       0                               0D   2196
     110    2842       0       0       0                        01010000D   2197
     110       0       0       1       0                               0D   2198
     126    2843       0       0       0                        01010500D   2199
     126       0       0       2       0                               0D   2200
     110    2845       0       0       0                        01010000D   2201
     110       0       0       1       0                               0D   2202
     126    2846       0       0       0                        01010500D   2203
     126       0       0       2       0                               0D   2204
     110    2848       0       0       0                        01010000D   2205
     110       0       0       1       0                               0D   2206
     102    2849       0       0       0                        01010500D   2207
     102       0       0       1       0                               0D   2208
     102    2850       0       0       0                        01010000D   2209
     102       0       0       1       0                               0D   2210
     142    2851       0       0       0                        00010500D   2211
     142       0       0       1       0                               0D   2212
     144    2852       0       0       3                        00010000D   2213
     144       0      -1       1       0                               0D   2214
     128    2853       0       0       0                        01010000D   2215
     128       0       0       3       0                               0D   2216
     126    2856       0       0       0                        01010500D   2217
     126       0       0       2       0                               0D   2218
     110    2858       0       0       0                        01010000D   2219
     110       0       0       1       0                               0D   2220
     126    2859       0       0       0                        01010500D   2221
     126       0       0       2       0                               0D   2222
     110    2861       0       0       0                        01010000D   2223
     110       0       0       1       0                               0D   2224
     126    2862       0       0       0                        01010500D   2225
     126       0       0       2       0                               0D   2226
     110    2864       0       0       0                        01010000D   2227
     110       0       0       1       0                               0D   2228
     126    2865       0       0       0                        01010500D   2229
     126       0       0       2       0                               0D   2230
     110    2867       0       0       0                        01010000D   2231
     110       0       0       1       0                               0D   2232
     102    2868       0       0       0                        01010500D   2233
     102       0       0       1       0                               0D   2234
     102    2869       0       0       0                        01010000D   2235
     102       0       0       1       0                               0D   2236
     142    2870       0       0       0                        00010500D   2237
     142       0       0       1       0                               0D   2238
     144    2871       0       0       3                        00010000D   2239
     144       0      -1       1       0                               0D   2240
     128    2872       0       0       0                        01010000D   2241
     128       0       0       3       0                               0D   2242
     126    2875       0       0       0                        01010500D   2243
     126       0       0       2       0                               0D   2244
     110    2877       0       0       0                        01010000D   2245
     110       0       0       1       0                               0D   2246
     126    2878       0       0       0                        01010500D   2247
     126       0       0       2       0                               0D   2248
     110    2880       0       0       0                        01010000D   2249
     110       0       0       1       0                               0D   2250
     126    2881       0       0       0                        01010500D   2251
     126       0       0       2       0                               0D   2252
     110    2883       0       0       0                        01010000D   2253
     110       0       0       1       0                               0D   2254
     126    2884       0       0       0                        01010500D   2255
     126       0       0       2       0                               0D   2256
     110    2886       0       0       0                        01010000D   2257
     110       0       0       1       0                               0D   2258
     102    2887       0       0       0                        01010500D   2259
     102       0       0       1       0                               0D   2260
     102    2888       0       0       0                        01010000D   2261
     102       0       0       1       0                               0D   2262
     142    2889       0       0       0                        00010500D   2263
     142       0       0       1       0                               0D   2264
     144    2890       0       0       3                        00010000D   2265
     144       0      -1       1       0                               0D   2266
     128    2891       0       0       0                        01010000D   2267
     128       0       0       3       0                               0D   2268
     126    2894       0       0       0                        01010500D   2269
     126       0       0       2       0                               0D   2270
     110    2896       0       0       0                        01010000D   2271
     110       0       0       1       0                               0D   2272
     126    2897       0       0       0                        01010500D   2273
     126       0       0       2       0                               0D   2274
     110    2899       0       0       0                        01010000D   2275
     110       0       0       1       0                               0D   2276
     126    2900       0       0       0                        01010500D   2277
     126       0       0       2       0                               0D   2278
     110    2902       0       0       0                        01010000D   2279
     110       0       0       1       0                               0D   2280
     126    2903       0       0       0                        01010500D   2281
     126       0       0       2       0                               0D   2282
     110    2905       0       0       0                        01010000D   2283
     110       0       0       1       0                               0D   2284
     102    2906       0       0       0                        01010500D   2285
     102       0       0       1       0                               0D   2286
     102    2907       0       0       0                        01010000D   2287
     102       0       0       1       0                               0D   2288
     142    2908       0       0       0                        00010500D   2289
     142       0       0       1       0                               0D   2290
     144    2909       0       0       3                        00010000D   2291
     144       0      -1       1       0                               0D   2292
     128    2910       0       0       0                        01010000D   2293
     128       0       0       3       0                               0D   2294
     126    2913       0       0       0                        01010500D   2295
     126       0       0       2       0                               0D   2296
     110    2915       0       0       0                        01010000D   2297
     110       0       0       1       0                               0D   2298
     126    2916       0       0       0                        01010500D   2299
     126       0       0       2       0                               0D   2300
     110    2918       0       0       0                        01010000D   2301
     110       0       0       1       0                               0D   2302
     126    2919       0       0       0                        01010500D   2303
     126       0       0       2       0                               0D   2304
     110    2921       0       0       0                        01010000D   2305
     110       0       0       1       0                               0D   2306
     126    2922       0       0       0                        01010500D   2307
     126       0       0       2       0                               0D   2308
     110    2924       0       0       0                        01010000D   2309
     110       0       0       1       0                               0D   2310
     102    2925       0       0       0                        01010500D   2311
     102       0       0       1       0                               0D   2312
     102    2926       0       0       0                        01010000D   2313
     102       0       0       1       0                               0D   2314
     142    2927       0       0       0                        00010500D   2315
     142       0       0       1       0                               0D   2316
     144    2928       0       0       3                        00010000D   2317
     144       0      -1       1       0                               0D   2318
     128    2929       0       0       0                        01010000D   2319
     128       0       0       3       0                               0D   2320
     126    2932       0       0       0                        01010500D   2321
     126       0       0       2       0                               0D   2322
     110    2934       0       0       0                        01010000D   2323
     110       0       0       1       0                               0D   2324
     126    2935       0       0       0                        01010500D   2325
     126       0       0       2       0                               0D   2326
     110    2937       0       0       0                        01010000D   2327
     110       0       0       1       0                               0D   2328
     126    2938       0       0       0                        01010500D   2329
     126       0       0       2       0                               0D   2330
     110    2940       0       0       0                        01010000D   2331
     110       0       0       1       0                               0D   2332
     126    2941       0       0       0                        01010500D   2333
     126       0       0       2       0                               0D   2334
     110    2943       0       0       0                        01010000D   2335
     110       0       0       1       0                               0D   2336
     102    2944       0       0       0                        01010500D   2337
     102       0       0       1       0                               0D   2338
     102    2945       0       0       0                        01010000D   2339
     102       0       0       1       0                               0D   2340
     142    2946       0       0       0                        00010500D   2341
     142       0       0       1       0                               0D   2342
     144    2947       0       0       3                        00010000D   2343
     144       0      -1       1       0                               0D   2344
     128    2948       0       0       0                        01010000D   2345
     128       0       0       3       0                               0D   2346
     126    2951       0       0       0                        01010500D   2347
     126       0       0       2       0                               0D   2348
     110    2953       0       0       0                        01010000D   2349
     110       0       0       1       0                               0D   2350
     126    2954       0       0       0                        01010500D   2351
     126       0       0       2       0                               0D   2352
     110    2956       0       0       0                        01010000D   2353
     110       0       0       1       0                               0D   2354
     126    2957       0       0       0                        01010500D   2355
     126       0       0       2       0                               0D   2356
     110    2959       0       0       0                        01010000D   2357
     110       0       0       1       0                               0D   2358
     126    2960       0       0       0                        01010500D   2359
     126       0       0       2       0                               0D   2360
     110    2962       0       0       0                        01010000D   2361
     110       0       0       1       0                               0D   2362
     102    2963       0       0       0                        01010500D   2363
     102       0       0       1       0                               0D   2364
     102    2964       0       0       0                        01010000D   2365
     102       0       0       1       0                               0D   2366
     142    2965       0       0       0                        00010500D   2367
     142       0       0       1       0                               0D   2368
     144    2966       0       0       3                        00010000D   2369
     144       0      -1       1       0                               0D   2370
     128    2967       0       0       0                        01010000D   2371
     128       0       0       3       0                               0D   2372
     126    2970       0       0       0                        01010500D   2373
     126       0       0       2       0                               0D   2374
     110    2972       0       0       0                        01010000D   2375
     110       0       0       1       0                               0D   2376
     126    2973       0       0       0                        01010500D   2377
     126       0       0       2       0                               0D   2378
     110    2975       0       0       0                        01010000D   2379
     110       0       0       1       0                               0D   2380
     126    2976       0       0       0                        01010500D   2381
     126       0       0       2       0                               0D   2382
     110    2978       0       0       0                        01010000D   2383
     110       0       0       1       0                               0D   2384
     126    2979       0       0       0                        01010500D   2385
     126       0       0       2       0                               0D   2386
     110    2981       0       0       0                        01010000D   2387
     110       0       0       1       0                               0D   2388
     102    2982       0       0       0                        01010500D   2389
     102       0       0       1       0                               0D   2390
     102    2983       0       0       0                        01010000D   2391
     102       0       0       1       0                               0D   2392
     142    2984       0       0       0                        00010500D   2393
     142       0       0       1       0                               0D   2394
     144    2985       0       0       3                        00010000D   2395
     144       0      -1       1       0                               0D   2396
     128    2986       0       0       0                        01010000D   2397
     128       0       0       3       0                               0D   2398
     126    2989       0       0       0                        01010500D   2399
     126       0       0       2       0                               0D   2400
     110    2991       0       0       0                        01010000D   2401
     110       0       0       1       0                               0D   2402
     126    2992       0       0       0                        01010500D   2403
     126       0       0       2       0                               0D   2404
     110    2994       0       0       0                        01010000D   2405
     110       0       0       1       0                               0D   2406
     126    2995       0       0       0                        01010500D   2407
     126       0       0       2       0                               0D   2408
     110    2997       0       0       0                        01010000D   2409
     110       0       0       2       0                               0D   2410
     126    2999       0       0       0                        01010500D   2411
     126       0       0       2       0                               0D   2412
     110    3001       0       0       0                        01010000D   2413
     110       0       0       1       0                               0D   2414
     102    3002       0       0       0                        01010500D   2415
     102       0       0       1       0                               0D   2416
     102    3003       0       0       0                        01010000D   2417
     102       0       0       1       0                               0D   2418
     142    3004       0       0       0                        00010500D   2419
     142       0       0       1       0                               0D   2420
     144    3005       0       0       3                        00010000D   2421
     144       0      -1       1       0                               0D   2422
     128    3006       0       0       0                        01010000D   2423
     128       0       0       3       0                               0D   2424
     126    3009       0       0       0                        01010500D   2425
     126       0       0       2       0                               0D   2426
     110    3011       0       0       0                        01010000D   2427
     110       0       0       2       0                               0D   2428
     126    3013       0       0       0                        01010500D   2429
     126       0       0       2       0                               0D   2430
     110    3015       0       0       0                        01010000D   2431
     110       0       0       1       0                               0D   2432
     126    3016       0       0       0                        01010500D   2433
     126       0       0       2       0                               0D   2434
     110    3018       0       0       0                        01010000D   2435
     110       0       0       1       0                               0D   2436
     126    3019       0       0       0                        01010500D   2437
     126       0       0       2       0                               0D   2438
     110    3021       0       0       0                        01010000D   2439
     110       0       0       1       0                               0D   2440
     102    3022       0       0       0                        01010500D   2441
     102       0       0       1       0                               0D   2442
     102    3023       0       0       0                        01010000D   2443
     102       0       0       1       0                               0D   2444
     142    3024       0       0       0                        00010500D   2445
     142       0       0       1       0                               0D   2446
     144    3025       0       0       3                        00010000D   2447
     144       0      -1       1       0                               0D   2448
     128    3026       0       0       0                        01010000D   2449
     128       0       0       3       0                               0D   2450
     126    3029       0       0       0                        01010500D   2451
     126       0       0       2       0                               0D   2452
     110    3031       0       0       0                        01010000D   2453
     110       0       0       1       0                               0D   2454
     126    3032       0       0       0                        01010500D   2455
     126       0       0       2       0                               0D   2456
     110    3034       0       0       0                        01010000D   2457
     110       0       0       1       0                               0D   2458
     126    3035       0       0       0                        01010500D   2459
     126       0       0       2       0                               0D   2460
     110    3037       0       0       0                        01010000D   2461
     110       0       0       2       0                               0D   2462
     126    3039       0       0       0                        01010500D   2463
     126       0       0       2       0                               0D   2464
     110    3041       0       0       0                        01010000D   2465
     110       0       0       1       0                               0D   2466
     102    3042       0       0       0                        01010500D   2467
     102       0       0       1       0                               0D   2468
     102    3043       0       0       0                        01010000D   2469
     102       0       0       1       0                               0D   2470
     142    3044       0       0       0                        00010500D   2471
     142       0       0       1       0                               0D   2472
     144    3045       0       0       3                        00010000D   2473
     144       0      -1       1       0                               0D   2474
     128    3046       0       0       0                        01010000D   2475
     128       0       0       3       0                               0D   2476
     126    3049       0       0       0                        01010500D   2477
     126       0       0       2       0                               0D   2478
     110    3051       0       0       0                        01010000D   2479
     110       0       0       2       0                               0D   2480
     126    3053       0       0       0                        01010500D   2481
     126       0       0       2       0                               0D   2482
     110    3055       0       0       0                        01010000D   2483
     110       0       0       1       0                               0D   2484
     126    3056       0       0       0                        01010500D   2485
     126       0       0       2       0                               0D   2486
     110    3058       0       0       0                        01010000D   2487
     110       0       0       1       0                               0D   2488
     126    3059       0       0       0                        01010500D   2489
     126       0       0       2       0                               0D   2490
     110    3061       0       0       0                        01010000D   2491
     110       0       0       1       0                               0D   2492
     102    3062       0       0       0                        01010500D   2493
     102       0       0       1       0                               0D   2494
     102    3063       0       0       0                        01010000D   2495
     102       0       0       1       0                               0D   2496
     142    3064       0       0       0                        00010500D   2497
     142       0       0       1       0                               0D   2498
     144    3065       0       0       3                        00010000D   2499
     144       0      -1       1       0                               0D   2500
     128    3066       0       0       0                        01010000D   2501
     128       0       0       3       0                               0D   2502
     126    3069       0       0       0                        01010500D   2503
     126       0       0       2       0                               0D   2504
     110    3071       0       0       0                        01010000D   2505
     110       0       0       1       0                               0D   2506
     126    3072       0       0       0                        01010500D   2507
     126       0       0       2       0                               0D   2508
     110    3074       0       0       0                        01010000D   2509
     110       0       0       1       0                               0D   2510
     126    3075       0       0       0                        01010500D   2511
     126       0       0       2       0                               0D   2512
     110    3077       0       0       0                        01010000D   2513
     110       0       0       2       0                               0D   2514
     126    3079       0       0       0                        01010500D   2515
     126       0       0       2       0                               0D   2516
     110    3081       0       0       0                        01010000D   2517
     110       0       0       1       0                               0D   2518
     102    3082       0       0       0                        01010500D   2519
     102       0       0       1       0                               0D   2520
     102    3083       0       0       0                        01010000D   2521
     102       0       0       1       0                               0D   2522
     142    3084       0       0       0                        00010500D   2523
     142       0       0       1       0                               0D   2524
     144    3085       0       0       3                        00010000D   2525
     144       0      -1       1       0                               0D   2526
     128    3086       0       0       0                        01010000D   2527
     128       0       0       3       0                               0D   2528
     126    3089       0       0       0                        01010500D   2529
     126       0       0       2       0                               0D   2530
     110    3091       0       0       0                        01010000D   2531
     110       0       0       2       0                               0D   2532
     126    3093       0       0       0                        01010500D   2533
     126       0       0       2       0                               0D   2534
     110    3095       0       0       0                        01010000D   2535
     110       0       0       1       0                               0D   2536
     126    3096       0       0       0                        01010500D   2537
     126       0       0       2       0                               0D   2538
     110    3098       0       0       0                        01010000D   2539
     110       0       0       1       0                               0D   2540
     126    3099       0       0       0                        01010500D   2541
     126       0       0       2       0                               0D   2542
     110    3101       0       0       0                        01010000D   2543
     110       0       0       1       0                               0D   2544
     102    3102       0       0       0                        01010500D   2545
     102       0       0       1       0                               0D   2546
     102    3103       0       0       0                        01010000D   2547
     102       0       0       1       0                               0D   2548
     142    3104       0       0       0                        00010500D   2549
     142       0       0       1       0                               0D   2550
     144    3105       0       0       3                        00010000D   2551
     144       0      -1       1       0                               0D   2552
     128    3106       0       0       0                        01010000D   2553
     128       0       0       3       0                               0D   2554
     126    3109       0       0       0                        01010500D   2555
     126       0       0       2       0                               0D   2556
     110    3111       0       0       0                        01010000D   2557
     110       0       0       1       0                               0D   2558
     126    3112       0       0       0                        01010500D   2559
     126       0       0       2       0                               0D   2560
     110    3114       0       0       0                        01010000D   2561
     110       0       0       1       0                               0D   2562
     126    3115       0       0       0                        01010500D   2563
     126       0       0       2       0                               0D   2564
     110    3117       0       0       0                        01010000D   2565
     110       0       0       2       0                               0D   2566
     126    3119       0       0       0                        01010500D   2567
     126       0       0       2       0                               0D   2568
     110    3121       0       0       0                        01010000D   2569
     110       0       0       1       0                               0D   2570
     102    3122       0       0       0                        01010500D   2571
     102       0       0       1       0                               0D   2572
     102    3123       0       0       0                        01010000D   2573
     102       0       0       1       0                               0D   2574
     142    3124       0       0       0                        00010500D   2575
     142       0       0       1       0                               0D   2576
     144    3125       0       0       3                        00010000D   2577
     144       0      -1       1       0                               0D   2578
     128    3126       0       0       0                        01010000D   2579
     128       0       0       3       0                               0D   2580
     126    3129       0       0       0                        01010500D   2581
     126       0       0       2       0                               0D   2582
     110    3131       0       0       0                        01010000D   2583
     110       0       0       2       0                               0D   2584
     126    3133       0       0       0                        01010500D   2585
     126       0       0       2       0                               0D   2586
     110    3135       0       0       0                        01010000D   2587
     110       0       0       1       0                               0D   2588
     126    3136       0       0       0                        01010500D   2589
     126       0       0       2       0                               0D   2590
     110    3138       0       0       0                        01010000D   2591
     110       0       0       1       0                               0D   2592
     126    3139       0       0       0                        01010500D   2593
     126       0       0       2       0                               0D   2594
     110    3141       0       0       0                        01010000D   2595
     110       0       0       1       0                               0D   2596
     102    3142       0       0       0                        01010500D   2597
     102       0       0       1       0                               0D   2598
     102    3143       0       0       0                        01010000D   2599
     102       0       0       1       0                               0D   2600
     142    3144       0       0       0                        00010500D   2601
     142       0       0       1       0                               0D   2602
     144    3145       0       0       3                        00010000D   2603
     144       0      -1       1       0                               0D   2604
     128    3146       0       0       0                        01010000D   2605
     128       0       0       3       0                               0D   2606
     126    3149       0       0       0                        01010500D   2607
     126       0       0       2       0                               0D   2608
     110    3151       0       0       0                        01010000D   2609
     110       0       0       1       0                               0D   2610
     126    3152       0       0       0                        01010500D   2611
     126       0       0       2       0                               0D   2612
     110    3154       0       0       0                        01010000D   2613
     110       0       0       1       0                               0D   2614
     126    3155       0       0       0                        01010500D   2615
     126       0       0       2       0                               0D   2616
     110    3157       0       0       0                        01010000D   2617
     110       0       0       1       0                               0D   2618
     126    3158       0       0       0                        01010500D   2619
     126       0       0       2       0                               0D   2620
     110    3160       0       0       0                        01010000D   2621
     110       0       0       1       0                               0D   2622
     102    3161       0       0       0                        01010500D   2623
     102       0       0       1       0                               0D   2624
     102    3162       0       0       0                        01010000D   2625
     102       0       0       1       0                               0D   2626
     142    3163       0       0       0                        00010500D   2627
     142       0       0       1       0                               0D   2628
     144    3164       0       0       3                        00010000D   2629
     144       0      -1       1       0                               0D   2630
     128    3165       0       0       0                        01010000D   2631
     128       0       0       3       0                               0D   2632
     126    3168       0       0       0                        01010500D   2633
     126       0       0       2       0                               0D   2634
     110    3170       0       0       0                        01010000D   2635
     110       0       0       1       0                               0D   2636
     126    3171       0       0       0                        01010500D   2637
     126       0       0       2       0                               0D   2638
     110    3173       0       0       0                        01010000D   2639
     110       0       0       1       0                               0D   2640
     126    3174       0       0       0                        01010500D   2641
     126       0       0       2       0                               0D   2642
     110    3176       0       0       0                        01010000D   2643
     110       0       0       1       0                               0D   2644
     126    3177       0       0       0                        01010500D   2645
     126       0       0       2       0                               0D   2646
     110    3179       0       0       0                        01010000D   2647
     110       0       0       1       0                               0D   2648
     102    3180       0       0       0                        01010500D   2649
     102       0       0       1       0                               0D   2650
     102    3181       0       0       0                        01010000D   2651
     102       0       0       1       0                               0D   2652
     142    3182       0       0       0                        00010500D   2653
     142       0       0       1       0                               0D   2654
     144    3183       0       0       3                        00010000D   2655
     144       0      -1       1       0                               0D   2656
     128    3184       0       0       0                        01010000D   2657
     128       0       0       3       0                               0D   2658
     126    3187       0       0       0                        01010500D   2659
     126       0       0       2       0                               0D   2660
     110    3189       0       0       0                        01010000D   2661
     110       0       0       1       0                               0D   2662
     126    3190       0       0       0                        01010500D   2663
     126       0       0       2       0                               0D   2664
     110    3192       0       0       0                        01010000D   2665
     110       0       0       1       0                               0D   2666
     126    3193       0       0       0                        01010500D   2667
     126       0       0       2       0                               0D   2668
     110    3195       0       0       0                        01010000D   2669
     110       0       0       2       0                               0D   2670
     126    3197       0       0       0                        01010500D   2671
     126       0       0       2       0                               0D   2672
     110    3199       0       0       0                        01010000D   2673
     110       0       0       1       0                               0D   2674
     102    3200       0       0       0                        01010500D   2675
     102       0       0       1       0                               0D   2676
     102    3201       0       0       0                        01010000D   2677
     102       0       0       1       0                               0D   2678
     142    3202       0       0       0                        00010500D   2679
     142       0       0       1       0                               0D   2680
     144    3203       0       0       3                        00010000D   2681
     144       0      -1       1       0                               0D   2682
     128    3204       0       0       0                        01010000D   2683
     128       0       0       3       0                               0D   2684
     126    3207       0       0       0                        01010500D   2685
     126       0       0       2       0                               0D   2686
     110    3209       0       0       0                        01010000D   2687
     110       0       0       2       0                               0D   2688
     126    3211       0       0       0                        01010500D   2689
     126       0       0       2       0                               0D   2690
     110    3213       0       0       0                        01010000D   2691
     110       0       0       1       0                               0D   2692
     126    3214       0       0       0                        01010500D   2693
     126       0       0       2       0                               0D   2694
     110    3216       0       0       0                        01010000D   2695
     110       0       0       1       0                               0D   2696
     126    3217       0       0       0                        01010500D   2697
     126       0       0       2       0                               0D   2698
     110    3219       0       0       0                        01010000D   2699
     110       0       0       1       0                               0D   2700
     102    3220       0       0       0                        01010500D   2701
     102       0       0       1       0                               0D   2702
     102    3221       0       0       0                        01010000D   2703
     102       0       0       1       0                               0D   2704
     142    3222       0       0       0                        00010500D   2705
     142       0       0       1       0                               0D   2706
     144    3223       0       0       3                        00010000D   2707
     144       0      -1       1       0                               0D   2708
     128    3224       0       0       0                        01010000D   2709
     128       0       0       3       0                               0D   2710
     126    3227       0       0       0                        01010500D   2711
     126       0       0       2       0                               0D   2712
     110    3229       0       0       0                        01010000D   2713
     110       0       0       1       0                               0D   2714
     126    3230       0       0       0                        01010500D   2715
     126       0       0       2       0                               0D   2716
     110    3232       0       0       0                        01010000D   2717
     110       0       0       1       0                               0D   2718
     126    3233       0       0       0                        01010500D   2719
     126       0       0       2       0                               0D   2720
     110    3235       0       0       0                        01010000D   2721
     110       0       0       1       0                               0D   2722
     126    3236       0       0       0                        01010500D   2723
     126       0       0       2       0                               0D   2724
     110    3238       0       0       0                        01010000D   2725
     110       0       0       1       0                               0D   2726
     102    3239       0       0       0                        01010500D   2727
     102       0       0       1       0                               0D   2728
     102    3240       0       0       0                        01010000D   2729
     102       0       0       1       0                               0D   2730
     142    3241       0       0       0                        00010500D   2731
     142       0       0       1       0                               0D   2732
     144    3242       0       0       3                        00010000D   2733
     144       0      -1       1       0                               0D   2734
     128    3243       0       0       0                        01010000D   2735
     128       0       0       3       0                               0D   2736
     126    3246       0       0       0                        01010500D   2737
     126       0       0       2       0                               0D   2738
     110    3248       0       0       0                        01010000D   2739
     110       0       0       1       0                               0D   2740
     126    3249       0       0       0                        01010500D   2741
     126       0       0       2       0                               0D   2742
     110    3251       0       0       0                        01010000D   2743
     110       0       0       1       0                               0D   2744
     126    3252       0       0       0                        01010500D   2745
     126       0       0       2       0                               0D   2746
     110    3254       0       0       0                        01010000D   2747
     110       0       0       1       0                               0D   2748
     126    3255       0       0       0                        01010500D   2749
     126       0       0       2       0                               0D   2750
     110    3257       0       0       0                        01010000D   2751
     110       0       0       1       0                               0D   2752
     102    3258       0       0       0                        01010500D   2753
     102       0       0       1       0                               0D   2754
     102    3259       0       0       0                        01010000D   2755
     102       0       0       1       0                               0D   2756
     142    3260       0       0       0                        00010500D   2757
     142       0       0       1       0                               0D   2758
     144    3261       0       0       3                        00010000D   2759
     144       0      -1       1       0                               0D   2760
     128    3262       0       0       0                        01010000D   2761
     128       0       0       3       0                               0D   2762
     126    3265       0       0       0                        01010500D   2763
     126       0       0       2       0                               0D   2764
     110    3267       0       0       0                        01010000D   2765
     110       0       0       1       0                               0D   2766
     126    3268       0       0       0                        01010500D   2767
     126       0       0       2       0                               0D   2768
     110    3270       0       0       0                        01010000D   2769
     110       0       0       1       0                               0D   2770
     126    3271       0       0       0                        01010500D   2771
     126       0       0       2       0                               0D   2772
     110    3273       0       0       0                        01010000D   2773
     110       0       0       1       0                               0D   2774
     126    3274       0       0       0                        01010500D   2775
     126       0       0       2       0                               0D   2776
     110    3276       0       0       0                        01010000D   2777
     110       0       0       1       0                               0D   2778
     102    3277       0       0       0                        01010500D   2779
     102       0       0       1       0                               0D   2780
     102    3278       0       0       0                        01010000D   2781
     102       0       0       1       0                               0D   2782
     142    3279       0       0       0                        00010500D   2783
     142       0       0       1       0                               0D   2784
     144    3280       0       0       3                        00010000D   2785
     144       0      -1       1       0                               0D   2786
     128    3281       0       0       0                        01010000D   2787
     128       0       0       3       0                               0D   2788
     126    3284       0       0       0                        01010500D   2789
     126       0       0       2       0                               0D   2790
     110    3286       0       0       0                        01010000D   2791
     110       0       0       1       0                               0D   2792
     126    3287       0       0       0                        01010500D   2793
     126       0       0       2       0                               0D   2794
     110    3289       0       0       0                        01010000D   2795
     110       0       0       1       0                               0D   2796
     126    3290       0       0       0                        01010500D   2797
     126       0       0       2       0                               0D   2798
     110    3292       0       0       0                        01010000D   2799
     110       0       0       1       0                               0D   2800
     126    3293       0       0       0                        01010500D   2801
     126       0       0       2       0                               0D   2802
     110    3295       0       0       0                        01010000D   2803
     110       0       0       1       0                               0D   2804
     126    3296       0       0       0                        01010500D   2805
     126       0       0       2       0                               0D   2806
     110    3298       0       0       0                        01010000D   2807
     110       0       0       1       0                               0D   2808
     126    3299       0       0       0                        01010500D   2809
     126       0       0       2       0                               0D   2810
     110    3301       0       0       0                        01010000D   2811
     110       0       0       1       0                               0D   2812
     126    3302       0       0       0                        01010500D   2813
     126       0       0       2       0                               0D   2814
     110    3304       0       0       0                        01010000D   2815
     110       0       0       1       0                               0D   2816
     126    3305       0       0       0                        01010500D   2817
     126       0       0       2       0                               0D   2818
     110    3307       0       0       0                        01010000D   2819
     110       0       0       1       0                               0D   2820
     126    3308       0       0       0                        01010500D   2821
     126       0       0       2       0                               0D   2822
     110    3310       0       0       0                        01010000D   2823
     110       0       0       1       0                               0D   2824
     126    3311       0       0       0                        01010500D   2825
     126       0       0       2       0                               0D   2826
     110    3313       0       0       0                        01010000D   2827
     110       0       0       1       0                               0D   2828
     126    3314       0       0       0                        01010500D   2829
     126       0       0       2       0                               0D   2830
     110    3316       0       0       0                        01010000D   2831
     110       0       0       1       0                               0D   2832
     126    3317       0       0       0                        01010500D   2833
     126       0       0       2       0                               0D   2834
     110    3319       0       0       0                        01010000D   2835
     110       0       0       1       0                               0D   2836
     126    3320       0       0       0                        01010500D   2837
     126       0       0       2       0                               0D   2838
     110    3322       0       0       0                        01010000D   2839
     110       0       0       1       0                               0D   2840
     126    3323       0       0       0                        01010500D   2841
     126       0       0       2       0                               0D   2842
     110    3325       0       0       0                        01010000D   2843
     110       0       0       1       0                               0D   2844
     126    3326       0       0       0                        01010500D   2845
     126       0       0       2       0                               0D   2846
     110    3328       0       0       0                        01010000D   2847
     110       0       0       1       0                               0D   2848
     126    3329       0       0       0                        01010500D   2849
     126       0       0       2       0                               0D   2850
     110    3331       0       0       0                        01010000D   2851
     110       0       0       1       0                               0D   2852
     126    3332       0       0       0                        01010500D   2853
     126       0       0       2       0                               0D   2854
     110    3334       0       0       0                        01010000D   2855
     110       0       0       1       0                               0D   2856
     126    3335       0       0       0                        01010500D   2857
     126       0       0       2       0                               0D   2858
     110    3337       0       0       0                        01010000D   2859
     110       0       0       1       0                               0D   2860
     126    3338       0       0       0                        01010500D   2861
     126       0       0       2       0                               0D   2862
     110    3340       0       0       0                        01010000D   2863
     110       0       0       1       0                               0D   2864
     126    3341       0       0       0                        01010500D   2865
     126       0       0       2       0                               0D   2866
     110    3343       0       0       0                        01010000D   2867
     110       0       0       1       0                               0D   2868
     126    3344       0       0       0                        01010500D   2869
     126       0       0       2       0                               0D   2870
     110    3346       0       0       0                        01010000D   2871
     110       0       0       1       0                               0D   2872
     126    3347       0       0       0                        01010500D   2873
     126       0       0       2       0                               0D   2874
     110    3349       0       0       0                        01010000D   2875
     110       0       0       1       0                               0D   2876
     126    3350       0       0       0                        01010500D   2877
     126       0       0       2       0                               0D   2878
     110    3352       0       0       0                        01010000D   2879
     110       0       0       1       0                               0D   2880
     102    3353       0       0       0                        01010500D   2881
     102       0       0       2       0                               0D   2882
     102    3355       0       0       0                        01010000D   2883
     102       0       0       2       0                               0D   2884
     142    3357       0       0       0                        00010500D   2885
     142       0       0       1       0                               0D   2886
     144    3358       0       0       3                        00010000D   2887
     144       0      -1       1       0                               0D   2888
     128    3359       0       0       0                        01010000D   2889
     128       0       0       3       0                               0D   2890
     126    3362       0       0       0                        01010500D   2891
     126       0       0       2       0                               0D   2892
     110    3364       0       0       0                        01010000D   2893
     110       0       0       1       0                               0D   2894
     126    3365       0       0       0                        01010500D   2895
     126       0       0       2       0                               0D   2896
     110    3367       0       0       0                        01010000D   2897
     110       0       0       1       0                               0D   2898
     126    3368       0       0       0                        01010500D   2899
     126       0       0       2       0                               0D   2900
     110    3370       0       0       0                        01010000D   2901
     110       0       0       1       0                               0D   2902
     126    3371       0       0       0                        01010500D   2903
     126       0       0       2       0                               0D   2904
     110    3373       0       0       0                        01010000D   2905
     110       0       0       1       0                               0D   2906
     126    3374       0       0       0                        01010500D   2907
     126       0       0       2       0                               0D   2908
     110    3376       0       0       0                        01010000D   2909
     110       0       0       1       0                               0D   2910
     126    3377       0       0       0                        01010500D   2911
     126       0       0       2       0                               0D   2912
     110    3379       0       0       0                        01010000D   2913
     110       0       0       1       0                               0D   2914
     126    3380       0       0       0                        01010500D   2915
     126       0       0       2       0                               0D   2916
     110    3382       0       0       0                        01010000D   2917
     110       0       0       1       0                               0D   2918
     126    3383       0       0       0                        01010500D   2919
     126       0       0       2       0                               0D   2920
     110    3385       0       0       0                        01010000D   2921
     110       0       0       1       0                               0D   2922
     126    3386       0       0       0                        01010500D   2923
     126       0       0       2       0                               0D   2924
     110    3388       0       0       0                        01010000D   2925
     110       0       0       1       0                               0D   2926
     126    3389       0       0       0                        01010500D   2927
     126       0       0       2       0                               0D   2928
     110    3391       0       0       0                        01010000D   2929
     110       0       0       1       0                               0D   2930
     126    3392       0       0       0                        01010500D   2931
     126       0       0       2       0                               0D   2932
     110    3394       0       0       0                        01010000D   2933
     110       0       0       1       0                               0D   2934
     126    3395       0       0       0                        01010500D   2935
     126       0       0       2       0                               0D   2936
     110    3397       0       0       0                        01010000D   2937
     110       0       0       1       0                               0D   2938
     126    3398       0       0       0                        01010500D   2939
     126       0       0       2       0                               0D   2940
     110    3400       0       0       0                        01010000D   2941
     110       0       0       1       0                               0D   2942
     126    3401       0       0       0                        01010500D   2943
     126       0       0       2       0                               0D   2944
     110    3403       0       0       0                        01010000D   2945
     110       0       0       1       0                               0D   2946
     126    3404       0       0       0                        01010500D   2947
     126       0       0       2       0                               0D   2948
     110    3406       0       0       0                        01010000D   2949
     110       0       0       1       0                               0D   2950
     126    3407       0       0       0                        01010500D   2951
     126       0       0       2       0                               0D   2952
     110    3409       0       0       0                        01010000D   2953
     110       0       0       1       0                               0D   2954
     126    3410       0       0       0                        01010500D   2955
     126       0       0       2       0                               0D   2956
     110    3412       0       0       0                        01010000D   2957
     110       0       0       1       0                               0D   2958
     126    3413       0       0       0                        01010500D   2959
     126       0       0       2       0                               0D   2960
     110    3415       0       0       0                        01010000D   2961
     110       0       0       1       0                               0D   2962
     126    3416       0       0       0                        01010500D   2963
     126       0       0       2       0                               0D   2964
     110    3418       0       0       0                        01010000D   2965
     110       0       0       1       0                               0D   2966
     126    3419       0       0       0                        01010500D   2967
     126       0       0       2       0                               0D   2968
     110    3421       0       0       0                        01010000D   2969
     110       0       0       1       0                               0D   2970
     126    3422       0       0       0                        01010500D   2971
     126       0       0       2       0                               0D   2972
     110    3424       0       0       0                        01010000D   2973
     110       0       0       1       0                               0D   2974
     126    3425       0       0       0                        01010500D   2975
     126       0       0       2       0                               0D   2976
     110    3427       0       0       0                        01010000D   2977
     110       0       0       1       0                               0D   2978
     126    3428       0       0       0                        01010500D   2979
     126       0       0       2       0                               0D   2980
     110    3430       0       0       0                        01010000D   2981
     110       0       0       1       0                               0D   2982
     102    3431       0       0       0                        01010500D   2983
     102       0       0       2       0                               0D   2984
     102    3433       0       0       0                        01010000D   2985
     102       0       0       2       0                               0D   2986
     142    3435       0       0       0                        00010500D   2987
     142       0       0       1       0                               0D   2988
     144    3436       0       0       3                        00010000D   2989
     144       0      -1       1       0                               0D   2990
     308    3437       0       0       3                        00010201D   2991
     308       0       0       3       0                               0D   2992
     124    3440       0       0       0                        00000000D   2993
     124       0       0       2       0                               0D   2994
     408    3442       0       0       4            2993        00000001D   2995
     408       0       0       1       0                               0D   2996
     128    3443       0       0       0                        01010000D   2997
     128       0       0       3       0                               0D   2998
     126    3446       0       0       0                        01010500D   2999
     126       0       0       2       0                               0D   3000
     110    3448       0       0       0                        01010000D   3001
     110       0       0       1       0                               0D   3002
     126    3449       0       0       0                        01010500D   3003
     126       0       0       2       0                               0D   3004
     110    3451       0       0       0                        01010000D   3005
     110       0       0       1       0                               0D   3006
     126    3452       0       0       0                        01010500D   3007
     126       0       0       2       0                               0D   3008
     110    3454       0       0       0                        01010000D   3009
     110       0       0       1       0                               0D   3010
     126    3455       0       0       0                        01010500D   3011
     126       0       0       2       0                               0D   3012
     110    3457       0       0       0                        01010000D   3013
     110       0       0       1       0                               0D   3014
     102    3458       0       0       0                        01010500D   3015
     102       0       0       1       0                               0D   3016
     102    3459       0       0       0                        01010000D   3017
     102       0       0       1       0                               0D   3018
     142    3460       0       0       0                        00010500D   3019
     142       0       0       1       0                               0D   3020
     144    3461       0       0       5                        00010000D   3021
     144       0      -1       1       0                               0D   3022
     128    3462       0       0       0                        01010000D   3023
     128       0       0       3       0                               0D   3024
     126    3465       0       0       0                        01010500D   3025
     126       0       0       2       0                               0D   3026
     110    3467       0       0       0                        01010000D   3027
     110       0       0       1       0                               0D   3028
     126    3468       0       0       0                        01010500D   3029
     126       0       0       2       0                               0D   3030
     110    3470       0       0       0                        01010000D   3031
     110       0       0       1       0                               0D   3032
     126    3471       0       0       0                        01010500D   3033
     126       0       0       2       0                               0D   3034
     110    3473       0       0       0                        01010000D   3035
     110       0       0       1       0                               0D   3036
     126    3474       0       0       0                        01010500D   3037
     126       0       0       2       0                               0D   3038
     110    3476       0       0       0                        01010000D   3039
     110       0       0       1       0                               0D   3040
     102    3477       0       0       0                        01010500D   3041
     102       0       0       1       0                               0D   3042
     102    3478       0       0       0                        01010000D   3043
     102       0       0       1       0                               0D   3044
     142    3479       0       0       0                        00010500D   3045
     142       0       0       1       0                               0D   3046
     144    3480       0       0       5                        00010000D   3047
     144       0      -1       1       0                               0D   3048
     128    3481       0       0       0                        01010000D   3049
     128       0       0       3       0                               0D   3050
     126    3484       0       0       0                        01010500D   3051
     126       0       0       2       0                               0D   3052
     110    3486       0       0       0                        01010000D   3053
     110       0       0       1       0                               0D   3054
     126    3487       0       0       0                        01010500D   3055
     126       0       0       2       0                               0D   3056
     110    3489       0       0       0                        01010000D   3057
     110       0       0       1       0                               0D   3058
     126    3490       0       0       0                        01010500D   3059
     126       0       0       2       0                               0D   3060
     110    3492       0       0       0                        01010000D   3061
     110       0       0       1       0                               0D   3062
     126    3493       0       0       0                        01010500D   3063
     126       0       0       2       0                               0D   3064
     110    3495       0       0       0                        01010000D   3065
     110       0       0       1       0                               0D   3066
     102    3496       0       0       0                        01010500D   3067
     102       0       0       1       0                               0D   3068
     102    3497       0       0       0                        01010000D   3069
     102       0       0       1       0                               0D   3070
     142    3498       0       0       0                        00010500D   3071
     142       0       0       1       0                               0D   3072
     144    3499       0       0       5                        00010000D   3073
     144       0      -1       1       0                               0D   3074
     128    3500       0       0       0                        01010000D   3075
     128       0       0       3       0                               0D   3076
     126    3503       0       0       0                        01010500D   3077
     126       0       0       2       0                               0D   3078
     110    3505       0       0       0                        01010000D   3079
     110       0       0       1       0                               0D   3080
     126    3506       0       0       0                        01010500D   3081
     126       0       0       2       0                               0D   3082
     110    3508       0       0       0                        01010000D   3083
     110       0       0       1       0                               0D   3084
     126    3509       0       0       0                        01010500D   3085
     126       0       0       2       0                               0D   3086
     110    3511       0       0       0                        01010000D   3087
     110       0       0       1       0                               0D   3088
     126    3512       0       0       0                        01010500D   3089
     126       0       0       2       0                               0D   3090
     110    3514       0       0       0                        01010000D   3091
     110       0       0       1       0                               0D   3092
     102    3515       0       0       0                        01010500D   3093
     102       0       0       1       0                               0D   3094
     102    3516       0       0       0                        01010000D   3095
     102       0       0       1       0                               0D   3096
     142    3517       0       0       0                        00010500D   3097
     142       0       0       1       0                               0D   3098
     144    3518       0       0       5                        00010000D   3099
     144       0      -1       1       0                               0D   3100
     110    3519       0       0       0                        01010000D   3101
     110       0       0       1       0                               0D   3102
     110    3520       0       0       0                        01010000D   3103
     110       0       0       1       0                               0D   3104
     120    3521       0       0       0                        01010000D   3105
     120       0       0       1       0                               0D   3106
     126    3522       0       0       0                        01010500D   3107
     126       0       0       2       0                               0D   3108
     110    3524       0       0       0                        01010000D   3109
     110       0       0       1       0                               0D   3110
     126    3525       0       0       0                        01010500D   3111
     126       0       0       2       0                               0D   3112
     100    3527       0       0       0                        01010000D   3113
     100       0       0       1       0                               0D   3114
     126    3528       0       0       0                        01010500D   3115
     126       0       0       2       0                               0D   3116
     110    3530       0       0       0                        01010000D   3117
     110       0       0       1       0                               0D   3118
     126    3531       0       0       0                        01010500D   3119
     126       0       0       2       0                               0D   3120
     124    3533       0       0       0                        00000000D   3121
     124       0       0       2       0                               0D   3122
     100    3535       0       0       0            3121        01010000D   3123
     100       0       0       2       0                               0D   3124
     102    3537       0       0       0                        01010500D   3125
     102       0       0       1       0                               0D   3126
     102    3538       0       0       0                        01010000D   3127
     102       0       0       1       0                               0D   3128
     142    3539       0       0       0                        00010500D   3129
     142       0       0       1       0                               0D   3130
     144    3540       0       0       5                        00010000D   3131
     144       0      -1       1       0                               0D   3132
     110    3541       0       0       0                        01010000D   3133
     110       0       0       1       0                               0D   3134
     110    3542       0       0       0                        01010000D   3135
     110       0       0       1       0                               0D   3136
     120    3543       0       0       0                        01010000D   3137
     120       0       0       1       0                               0D   3138
     126    3544       0       0       0                        01010500D   3139
     126       0       0       2       0                               0D   3140
     110    3546       0       0       0                        01010000D   3141
     110       0       0       1       0                               0D   3142
     126    3547       0       0       0                        01010500D   3143
     126       0       0       2       0                               0D   3144
     100    3549       0       0       0                        01010000D   3145
     100       0       0       1       0                               0D   3146
     126    3550       0       0       0                        01010500D   3147
     126       0       0       2       0                               0D   3148
     110    3552       0       0       0                        01010000D   3149
     110       0       0       1       0                               0D   3150
     126    3553       0       0       0                        01010500D   3151
     126       0       0       2       0                               0D   3152
     124    3555       0       0       0                        00000000D   3153
     124       0       0       4       0                               0D   3154
     100    3559       0       0       0            3153        01010000D   3155
     100       0       0       1       0                               0D   3156
     102    3560       0       0       0                        01010500D   3157
     102       0       0       1       0                               0D   3158
     102    3561       0       0       0                        01010000D   3159
     102       0       0       1       0                               0D   3160
     142    3562       0       0       0                        00010500D   3161
     142       0       0       1       0                               0D   3162
     144    3563       0       0       5                        00010000D   3163
     144       0      -1       1       0                               0D   3164
     110    3564       0       0       0                        01010000D   3165
     110       0       0       1       0                               0D   3166
     110    3565       0       0       0                        01010000D   3167
     110       0       0       1       0                               0D   3168
     120    3566       0       0       0                        01010000D   3169
     120       0       0       1       0                               0D   3170
     126    3567       0       0       0                        01010500D   3171
     126       0       0       2       0                               0D   3172
     110    3569       0       0       0                        01010000D   3173
     110       0       0       1       0                               0D   3174
     126    3570       0       0       0                        01010500D   3175
     126       0       0       2       0                               0D   3176
     100    3572       0       0       0                        01010000D   3177
     100       0       0       2       0                               0D   3178
     126    3574       0       0       0                        01010500D   3179
     126       0       0       2       0                               0D   3180
     110    3576       0       0       0                        01010000D   3181
     110       0       0       1       0                               0D   3182
     126    3577       0       0       0                        01010500D   3183
     126       0       0       2       0                               0D   3184
     124    3579       0       0       0                        00000000D   3185
     124       0       0       5       0                               0D   3186
     100    3584       0       0       0            3185        01010000D   3187
     100       0       0       2       0                               0D   3188
     102    3586       0       0       0                        01010500D   3189
     102       0       0       1       0                               0D   3190
     102    3587       0       0       0                        01010000D   3191
     102       0       0       1       0                               0D   3192
     142    3588       0       0       0                        00010500D   3193
     142       0       0       1       0                               0D   3194
     144    3589       0       0       5                        00010000D   3195
     144       0      -1       1       0                               0D   3196
     110    3590       0       0       0                        01010000D   3197
     110       0       0       1       0                               0D   3198
     110    3591       0       0       0                        01010000D   3199
     110       0       0       1       0                               0D   3200
     120    3592       0       0       0                        01010000D   3201
     120       0       0       1       0                               0D   3202
     126    3593       0       0       0                        01010500D   3203
     126       0       0       2       0                               0D   3204
     110    3595       0       0       0                        01010000D   3205
     110       0       0       1       0                               0D   3206
     126    3596       0       0       0                        01010500D   3207
     126       0       0       2       0                               0D   3208
     100    3598       0       0       0                        01010000D   3209
     100       0       0       1       0                               0D   3210
     126    3599       0       0       0                        01010500D   3211
     126       0       0       2       0                               0D   3212
     110    3601       0       0       0                        01010000D   3213
     110       0       0       1       0                               0D   3214
     126    3602       0       0       0                        01010500D   3215
     126       0       0       2       0                               0D   3216
     124    3604       0       0       0                        00000000D   3217
     124       0       0       4       0                               0D   3218
     100    3608       0       0       0            3217        01010000D   3219
     100       0       0       1       0                               0D   3220
     102    3609       0       0       0                        01010500D   3221
     102       0       0       1       0                               0D   3222
     102    3610       0       0       0                        01010000D   3223
     102       0       0       1       0                               0D   3224
     142    3611       0       0       0                        00010500D   3225
     142       0       0       1       0                               0D   3226
     144    3612       0       0       5                        00010000D   3227
     144       0      -1       1       0                               0D   3228
     128    3613       0       0       0                        01010000D   3229
     128       0       0       3       0                               0D   3230
     126    3616       0       0       0                        01010500D   3231
     126       0       0      11       0                               0D   3232
     124    3627       0       0       0                        00000000D   3233
     124       0       0       4       0                               0D   3234
     100    3631       0       0       0            3233        01010000D   3235
     100       0       0       1       0                               0D   3236
     126    3632       0       0       0                        01010500D   3237
     126       0       0       2       0                               0D   3238
     110    3634       0       0       0                        01010000D   3239
     110       0       0       1       0                               0D   3240
     126    3635       0       0       0                        01010500D   3241
     126       0       0      11       0                               0D   3242
     124    3646       0       0       0                        00000000D   3243
     124       0       0       2       0                               0D   3244
     100    3648       0       0       0            3243        01010000D   3245
     100       0       0       2       0                               0D   3246
     126    3650       0       0       0                        01010500D   3247
     126       0       0       2       0                               0D   3248
     110    3652       0       0       0                        01010000D   3249
     110       0       0       1       0                               0D   3250
     126    3653       0       0       0                        01010500D   3251
     126       0       0      11       0                               0D   3252
     124    3664       0       0       0                        00000000D   3253
     124       0       0       5       0                               0D   3254
     100    3669       0       0       0            3253        01010000D   3255
     100       0       0       2       0                               0D   3256
     126    3671       0       0       0                        01010500D   3257
     126       0       0       2       0                               0D   3258
     110    3673       0       0       0                        01010000D   3259
     110       0       0       1       0                               0D   3260
     126    3674       0       0       0                        01010500D   3261
     126       0       0      11       0                               0D   3262
     124    3685       0       0       0                        00000000D   3263
     124       0       0       4       0                               0D   3264
     100    3689       0       0       0            3263        01010000D   3265
     100       0       0       1       0                               0D   3266
     126    3690       0       0       0                        01010500D   3267
     126       0       0       2       0                               0D   3268
     110    3692       0       0       0                        01010000D   3269
     110       0       0       1       0                               0D   3270
     102    3693       0       0       0                        01010500D   3271
     102       0       0       1       0                               0D   3272
     102    3694       0       0       0                        01010000D   3273
     102       0       0       1       0                               0D   3274
     142    3695       0       0       0                        00010500D   3275
     142       0       0       1       0                               0D   3276
     144    3696       0       0       5                        00010000D   3277
     144       0      -1       1       0                               0D   3278
     128    3697       0       0       0                        01010000D   3279
     128       0       0       3       0                               0D   3280
     126    3700       0       0       0                        01010500D   3281
     126       0       0       2       0                               0D   3282
     110    3702       0       0       0                        01010000D   3283
     110       0       0       1       0                               0D   3284
     126    3703       0       0       0                        01010500D   3285
     126       0       0       2       0                               0D   3286
     110    3705       0       0       0                        01010000D   3287
     110       0       0       1       0                               0D   3288
     126    3706       0       0       0                        01010500D   3289
     126       0       0       2       0                               0D   3290
     110    3708       0       0       0                        01010000D   3291
     110       0       0       1       0                               0D   3292
     126    3709       0       0       0                        01010500D   3293
     126       0       0       2       0                               0D   3294
     110    3711       0       0       0                        01010000D   3295
     110       0       0       1       0                               0D   3296
     102    3712       0       0       0                        01010500D   3297
     102       0       0       1       0                               0D   3298
     102    3713       0       0       0                        01010000D   3299
     102       0       0       1       0                               0D   3300
     142    3714       0       0       0                        00010500D   3301
     142       0       0       1       0                               0D   3302
     144    3715       0       0       5                        00010000D   3303
     144       0      -1       1       0                               0D   3304
     128    3716       0       0       0                        01010000D   3305
     128       0       0       3       0                               0D   3306
     126    3719       0       0       0                        01010500D   3307
     126       0       0       2       0                               0D   3308
     110    3721       0       0       0                        01010000D   3309
     110       0       0       1       0                               0D   3310
     126    3722       0       0       0                        01010500D   3311
     126       0       0       2       0                               0D   3312
     110    3724       0       0       0                        01010000D   3313
     110       0       0       1       0                               0D   3314
     126    3725       0       0       0                        01010500D   3315
     126       0       0       2       0                               0D   3316
     110    3727       0       0       0                        01010000D   3317
     110       0       0       1       0                               0D   3318
     126    3728       0       0       0                        01010500D   3319
     126       0       0       2       0                               0D   3320
     110    3730       0       0       0                        01010000D   3321
     110       0       0       1       0                               0D   3322
     102    3731       0       0       0                        01010500D   3323
     102       0       0       1       0                               0D   3324
     102    3732       0       0       0                        01010000D   3325
     102       0       0       1       0                               0D   3326
     142    3733       0       0       0                        00010500D   3327
     142       0       0       1       0                               0D   3328
     144    3734       0       0       5                        00010000D   3329
     144       0      -1       1       0                               0D   3330
     128    3735       0       0       0                        01010000D   3331
     128       0       0       3       0                               0D   3332
     126    3738       0       0       0                        01010500D   3333
     126       0       0       2       0                               0D   3334
     110    3740       0       0       0                        01010000D   3335
     110       0       0       1       0                               0D   3336
     126    3741       0       0       0                        01010500D   3337
     126       0       0       2       0                               0D   3338
     110    3743       0       0       0                        01010000D   3339
     110       0       0       1       0                               0D   3340
     126    3744       0       0       0                        01010500D   3341
     126       0       0       2       0                               0D   3342
     110    3746       0       0       0                        01010000D   3343
     110       0       0       1       0                               0D   3344
     126    3747       0       0       0                        01010500D   3345
     126       0       0       2       0                               0D   3346
     110    3749       0       0       0                        01010000D   3347
     110       0       0       1       0                               0D   3348
     102    3750       0       0       0                        01010500D   3349
     102       0       0       1       0                               0D   3350
     102    3751       0       0       0                        01010000D   3351
     102       0       0       1       0                               0D   3352
     142    3752       0       0       0                        00010500D   3353
     142       0       0       1       0                               0D   3354
     144    3753       0       0       5                        00010000D   3355
     144       0      -1       1       0                               0D   3356
     128    3754       0       0       0                        01010000D   3357
     128       0       0       3       0                               0D   3358
     126    3757       0       0       0                        01010500D   3359
     126       0       0       2       0                               0D   3360
     110    3759       0       0       0                        01010000D   3361
     110       0       0       1       0                               0D   3362
     126    3760       0       0       0                        01010500D   3363
     126       0       0       2       0                               0D   3364
     110    3762       0       0       0                        01010000D   3365
     110       0       0       1       0                               0D   3366
     126    3763       0       0       0                        01010500D   3367
     126       0       0       2       0                               0D   3368
     110    3765       0       0       0                        01010000D   3369
     110       0       0       1       0                               0D   3370
     126    3766       0       0       0                        01010500D   3371
     126       0       0       2       0                               0D   3372
     110    3768       0       0       0                        01010000D   3373
     110       0       0       1       0                               0D   3374
     102    3769       0       0       0                        01010500D   3375
     102       0       0       1       0                               0D   3376
     102    3770       0       0       0                        01010000D   3377
     102       0       0       1       0                               0D   3378
     142    3771       0       0       0                        00010500D   3379
     142       0       0       1       0                               0D   3380
     144    3772       0       0       5                        00010000D   3381
     144       0      -1       1       0                               0D   3382
     128    3773       0       0       0                        01010000D   3383
     128       0       0       3       0                               0D   3384
     126    3776       0       0       0                        01010500D   3385
     126       0       0       2       0                               0D   3386
     110    3778       0       0       0                        01010000D   3387
     110       0       0       1       0                               0D   3388
     126    3779       0       0       0                        01010500D   3389
     126       0       0       2       0                               0D   3390
     110    3781       0       0       0                        01010000D   3391
     110       0       0       1       0                               0D   3392
     126    3782       0       0       0                        01010500D   3393
     126       0       0       2       0                               0D   3394
     110    3784       0       0       0                        01010000D   3395
     110       0       0       1       0                               0D   3396
     126    3785       0       0       0                        01010500D   3397
     126       0       0       2       0                               0D   3398
     110    3787       0       0       0                        01010000D   3399
     110       0       0       1       0                               0D   3400
     102    3788       0       0       0                        01010500D   3401
     102       0       0       1       0                               0D   3402
     102    3789       0       0       0                        01010000D   3403
     102       0       0       1       0                               0D   3404
     142    3790       0       0       0                        00010500D   3405
     142       0       0       1       0                               0D   3406
     144    3791       0       0       5                        00010000D   3407
     144       0      -1       1       0                               0D   3408
     128    3792       0       0       0                        01010000D   3409
     128       0       0       3       0                               0D   3410
     126    3795       0       0       0                        01010500D   3411
     126       0       0       2       0                               0D   3412
     110    3797       0       0       0                        01010000D   3413
     110       0       0       1       0                               0D   3414
     126    3798       0       0       0                        01010500D   3415
     126       0       0       2       0                               0D   3416
     110    3800       0       0       0                        01010000D   3417
     110       0       0       1       0                               0D   3418
     126    3801       0       0       0                        01010500D   3419
     126       0       0       2       0                               0D   3420
     110    3803       0       0       0                        01010000D   3421
     110       0       0       1       0                               0D   3422
     126    3804       0       0       0                        01010500D   3423
     126       0       0       2       0                               0D   3424
     110    3806       0       0       0                        01010000D   3425
     110       0       0       1       0                               0D   3426
     102    3807       0       0       0                        01010500D   3427
     102       0       0       1       0                               0D   3428
     102    3808       0       0       0                        01010000D   3429
     102       0       0       1       0                               0D   3430
     142    3809       0       0       0                        00010500D   3431
     142       0       0       1       0                               0D   3432
     144    3810       0       0       5                        00010000D   3433
     144       0      -1       1       0                               0D   3434
     128    3811       0       0       0                        01010000D   3435
     128       0       0       3       0                               0D   3436
     126    3814       0       0       0                        01010500D   3437
     126       0       0       2       0                               0D   3438
     110    3816       0       0       0                        01010000D   3439
     110       0       0       1       0                               0D   3440
     126    3817       0       0       0                        01010500D   3441
     126       0       0       2       0                               0D   3442
     110    3819       0       0       0                        01010000D   3443
     110       0       0       1       0                               0D   3444
     126    3820       0       0       0                        01010500D   3445
     126       0       0       2       0                               0D   3446
     110    3822       0       0       0                        01010000D   3447
     110       0       0       1       0                               0D   3448
     126    3823       0       0       0                        01010500D   3449
     126       0       0       2       0                               0D   3450
     110    3825       0       0       0                        01010000D   3451
     110       0       0       1       0                               0D   3452
     102    3826       0       0       0                        01010500D   3453
     102       0       0       1       0                               0D   3454
     102    3827       0       0       0                        01010000D   3455
     102       0       0       1       0                               0D   3456
     142    3828       0       0       0                        00010500D   3457
     142       0       0       1       0                               0D   3458
     144    3829       0       0       5                        00010000D   3459
     144       0      -1       1       0                               0D   3460
     128    3830       0       0       0                        01010000D   3461
     128       0       0       3       0                               0D   3462
     126    3833       0       0       0                        01010500D   3463
     126       0       0       2       0                               0D   3464
     110    3835       0       0       0                        01010000D   3465
     110       0       0       1       0                               0D   3466
     126    3836       0       0       0                        01010500D   3467
     126       0       0       2       0                               0D   3468
     110    3838       0       0       0                        01010000D   3469
     110       0       0       1       0                               0D   3470
     126    3839       0       0       0                        01010500D   3471
     126       0       0       2       0                               0D   3472
     110    3841       0       0       0                        01010000D   3473
     110       0       0       1       0                               0D   3474
     126    3842       0       0       0                        01010500D   3475
     126       0       0       2       0                               0D   3476
     110    3844       0       0       0                        01010000D   3477
     110       0       0       1       0                               0D   3478
     102    3845       0       0       0                        01010500D   3479
     102       0       0       1       0                               0D   3480
     102    3846       0       0       0                        01010000D   3481
     102       0       0       1       0                               0D   3482
     142    3847       0       0       0                        00010500D   3483
     142       0       0       1       0                               0D   3484
     144    3848       0       0       5                        00010000D   3485
     144       0      -1       1       0                               0D   3486
     128    3849       0       0       0                        01010000D   3487
     128       0       0       3       0                               0D   3488
     126    3852       0       0       0                        01010500D   3489
     126       0       0      11       0                               0D   3490
     124    3863       0       0       0                        00000000D   3491
     124       0       0       4       0                               0D   3492
     100    3867       0       0       0            3491        01010000D   3493
     100       0       0       1       0                               0D   3494
     126    3868       0       0       0                        01010500D   3495
     126       0       0       2       0                               0D   3496
     110    3870       0       0       0                        01010000D   3497
     110       0       0       1       0                               0D   3498
     126    3871       0       0       0                        01010500D   3499
     126       0       0      11       0                               0D   3500
     124    3882       0       0       0                        00000000D   3501
     124       0       0       2       0                               0D   3502
     100    3884       0       0       0            3501        01010000D   3503
     100       0       0       2       0                               0D   3504
     126    3886       0       0       0                        01010500D   3505
     126       0       0       2       0                               0D   3506
     110    3888       0       0       0                        01010000D   3507
     110       0       0       1       0                               0D   3508
     126    3889       0       0       0                        01010500D   3509
     126       0       0      11       0                               0D   3510
     124    3900       0       0       0                        00000000D   3511
     124       0       0       4       0                               0D   3512
     100    3904       0       0       0            3511        01010000D   3513
     100       0       0       2       0                               0D   3514
     126    3906       0       0       0                        01010500D   3515
     126       0       0       2       0                               0D   3516
     110    3908       0       0       0                        01010000D   3517
     110       0       0       1       0                               0D   3518
     126    3909       0       0       0                        01010500D   3519
     126       0       0      11       0                               0D   3520
     124    3920       0       0       0                        00000000D   3521
     124       0       0       4       0                               0D   3522
     100    3924       0       0       0            3521        01010000D   3523
     100       0       0       1       0                               0D   3524
     126    3925       0       0       0                        01010500D   3525
     126       0       0       2       0                               0D   3526
     110    3927       0       0       0                        01010000D   3527
     110       0       0       1       0                               0D   3528
     102    3928       0       0       0                        01010500D   3529
     102       0       0       1       0                               0D   3530
     102    3929       0       0       0                        01010000D   3531
     102       0       0       1       0                               0D   3532
     142    3930       0       0       0                        00010500D   3533
     142       0       0       1       0                               0D   3534
     126    3931       0       0       0                        01010500D   3535
     126       0       0       2       0                               0D   3536
     110    3933       0       0       0                        01010000D   3537
     110       0       0       1       0                               0D   3538
     126    3934       0       0       0                        01010500D   3539
     126       0       0       2       0                               0D   3540
     110    3936       0       0       0                        01010000D   3541
     110       0       0       1       0                               0D   3542
     126    3937       0       0       0                        01010500D   3543
     126       0       0       2       0                               0D   3544
     110    3939       0       0       0                        01010000D   3545
     110       0       0       1       0                               0D   3546
     126    3940       0       0       0                        01010500D   3547
     126       0       0       2       0                               0D   3548
     110    3942       0       0       0                        01010000D   3549
     110       0       0       1       0                               0D   3550
     102    3943       0       0       0                        01010500D   3551
     102       0       0       1       0                               0D   3552
     102    3944       0       0       0                        01010000D   3553
     102       0       0       1       0                               0D   3554
     142    3945       0       0       0                        00010500D   3555
     142       0       0       1       0                               0D   3556
     126    3946       0       0       0                        01010500D   3557
     126       0       0       2       0                               0D   3558
     110    3948       0       0       0                        01010000D   3559
     110       0       0       1       0                               0D   3560
     126    3949       0       0       0                        01010500D   3561
     126       0       0       2       0                               0D   3562
     110    3951       0       0       0                        01010000D   3563
     110       0       0       1       0                               0D   3564
     126    3952       0       0       0                        01010500D   3565
     126       0       0       2       0                               0D   3566
     110    3954       0       0       0                        01010000D   3567
     110       0       0       1       0                               0D   3568
     126    3955       0       0       0                        01010500D   3569
     126       0       0       2       0                               0D   3570
     110    3957       0       0       0                        01010000D   3571
     110       0       0       1       0                               0D   3572
     102    3958       0       0       0                        01010500D   3573
     102       0       0       1       0                               0D   3574
     102    3959       0       0       0                        01010000D   3575
     102       0       0       1       0                               0D   3576
     142    3960       0       0       0                        00010500D   3577
     142       0       0       1       0                               0D   3578
     144    3961       0       0       5                        00010000D   3579
     144       0      -1       1       0                               0D   3580
     128    3962       0       0       0                        01010000D   3581
     128       0       0       3       0                               0D   3582
     126    3965       0       0       0                        01010500D   3583
     126       0       0       2       0                               0D   3584
     110    3967       0       0       0                        01010000D   3585
     110       0       0       1       0                               0D   3586
     126    3968       0       0       0                        01010500D   3587
     126       0       0       2       0                               0D   3588
     110    3970       0       0       0                        01010000D   3589
     110       0       0       1       0                               0D   3590
     126    3971       0       0       0                        01010500D   3591
     126       0       0       2       0                               0D   3592
     110    3973       0       0       0                        01010000D   3593
     110       0       0       1       0                               0D   3594
     126    3974       0       0       0                        01010500D   3595
     126       0       0       2       0                               0D   3596
     110    3976       0       0       0                        01010000D   3597
     110       0       0       1       0                               0D   3598
     102    3977       0       0       0                        01010500D   3599
     102       0       0       1       0                               0D   3600
     102    3978       0       0       0                        01010000D   3601
     102       0       0       1       0                               0D   3602
     142    3979       0       0       0                        00010500D   3603
     142       0       0       1       0                               0D   3604
     144    3980       0       0       5                        00010000D   3605
     144       0      -1       1       0                               0D   3606
     128    3981       0       0       0                        01010000D   3607
     128       0       0       3       0                               0D   3608
     126    3984       0       0       0                        01010500D   3609
     126       0       0       2       0                               0D   3610
     110    3986       0       0       0                        01010000D   3611
     110       0       0       1       0                               0D   3612
     126    3987       0       0       0                        01010500D   3613
     126       0       0       2       0                               0D   3614
     110    3989       0       0       0                        01010000D   3615
     110       0       0       1       0                               0D   3616
     126    3990       0       0       0                        01010500D   3617
     126       0       0       2       0                               0D   3618
     110    3992       0       0       0                        01010000D   3619
     110       0       0       1       0                               0D   3620
     126    3993       0       0       0                        01010500D   3621
     126       0       0       2       0                               0D   3622
     110    3995       0       0       0                        01010000D   3623
     110       0       0       1       0                               0D   3624
     102    3996       0       0       0                        01010500D   3625
     102       0       0       1       0                               0D   3626
     102    3997       0       0       0                        01010000D   3627
     102       0       0       1       0                               0D   3628
     142    3998       0       0       0                        00010500D   3629
     142       0       0       1       0                               0D   3630
     144    3999       0       0       5                        00010000D   3631
     144       0      -1       1       0                               0D   3632
     308    4000       0       0       5                        00010201D   3633
     308       0       0       3       0                               0D   3634
     124    4003       0       0       0                        00000000D   3635
     124       0       0       2       0                               0D   3636
     408    4005       0       0       6            3635        00000001D   3637
     408       0       0       1       0                               0D   3638
     110    4006       0       0       0                        01010000D   3639
     110       0       0       1       0                               0D   3640
     110    4007       0       0       0                        01010000D   3641
     110       0       0       1       0                               0D   3642
     120    4008       0       0       0                        01010000D   3643
     120       0       0       1       0                               0D   3644
     126    4009       0       0       0                        01010500D   3645
     126       0       0       2       0                               0D   3646
     124    4011       0       0       0                        00000000D   3647
     124       0       0       2       0                               0D   3648
     100    4013       0       0       0            3647        01010000D   3649
     100       0       0       1       0                               0D   3650
     126    4014       0       0       0                        01010500D   3651
     126       0       0       2       0                               0D   3652
     110    4016       0       0       0                        01010000D   3653
     110       0       0       1       0                               0D   3654
     126    4017       0       0       0                        01010500D   3655
     126       0       0       2       0                               0D   3656
     124    4019       0       0       0                        00000000D   3657
     124       0       0       2       0                               0D   3658
     100    4021       0       0       0            3657        01010000D   3659
     100       0       0       1       0                               0D   3660
     126    4022       0       0       0                        01010500D   3661
     126       0       0       2       0                               0D   3662
     110    4024       0       0       0                        01010000D   3663
     110       0       0       1       0                               0D   3664
     102    4025       0       0       0                        01010500D   3665
     102       0       0       1       0                               0D   3666
     102    4026       0       0       0                        01010000D   3667
     102       0       0       1       0                               0D   3668
     142    4027       0       0       0                        00010500D   3669
     142       0       0       1       0                               0D   3670
     144    4028       0       0       7                        00010000D   3671
     144       0      -1       1       0                               0D   3672
     110    4029       0       0       0                        01010000D   3673
     110       0       0       1       0                               0D   3674
     110    4030       0       0       0                        01010000D   3675
     110       0       0       1       0                               0D   3676
     120    4031       0       0       0                        01010000D   3677
     120       0       0       1       0                               0D   3678
     126    4032       0       0       0                        01010500D   3679
     126       0       0       2       0                               0D   3680
     124    4034       0       0       0                        00000000D   3681
     124       0       0       2       0                               0D   3682
     100    4036       0       0       0            3681        01010000D   3683
     100       0       0       1       0                               0D   3684
     126    4037       0       0       0                        01010500D   3685
     126       0       0       2       0                               0D   3686
     110    4039       0       0       0                        01010000D   3687
     110       0       0       1       0                               0D   3688
     126    4040       0       0       0                        01010500D   3689
     126       0       0       2       0                               0D   3690
     124    4042       0       0       0                        00000000D   3691
     124       0       0       2       0                               0D   3692
     100    4044       0       0       0            3691        01010000D   3693
     100       0       0       1       0                               0D   3694
     126    4045       0       0       0                        01010500D   3695
     126       0       0       2       0                               0D   3696
     110    4047       0       0       0                        01010000D   3697
     110       0       0       1       0                               0D   3698
     102    4048       0       0       0                        01010500D   3699
     102       0       0       1       0                               0D   3700
     102    4049       0       0       0                        01010000D   3701
     102       0       0       1       0                               0D   3702
     142    4050       0       0       0                        00010500D   3703
     142       0       0       1       0                               0D   3704
     144    4051       0       0       7                        00010000D   3705
     144       0      -1       1       0                               0D   3706
     110    4052       0       0       0                        01010000D   3707
     110       0       0       1       0                               0D   3708
     110    4053       0       0       0                        01010000D   3709
     110       0       0       1       0                               0D   3710
     120    4054       0       0       0                        01010000D   3711
     120       0       0       1       0                               0D   3712
     126    4055       0       0       0                        01010500D   3713
     126       0       0       2       0                               0D   3714
     124    4057       0       0       0                        00000000D   3715
     124       0       0       2       0                               0D   3716
     100    4059       0       0       0            3715        01010000D   3717
     100       0       0       1       0                               0D   3718
     126    4060       0       0       0                        01010500D   3719
     126       0       0       2       0                               0D   3720
     110    4062       0       0       0                        01010000D   3721
     110       0       0       1       0                               0D   3722
     126    4063       0       0       0                        01010500D   3723
     126       0       0       2       0                               0D   3724
     124    4065       0       0       0                        00000000D   3725
     124       0       0       2       0                               0D   3726
     100    4067       0       0       0            3725        01010000D   3727
     100       0       0       1       0                               0D   3728
     126    4068       0       0       0                        01010500D   3729
     126       0       0       2       0                               0D   3730
     110    4070       0       0       0                        01010000D   3731
     110       0       0       1       0                               0D   3732
     102    4071       0       0       0                        01010500D   3733
     102       0       0       1       0                               0D   3734
     102    4072       0       0       0                        01010000D   3735
     102       0       0       1       0                               0D   3736
     142    4073       0       0       0                        00010500D   3737
     142       0       0       1       0                               0D   3738
     144    4074       0       0       7                        00010000D   3739
     144       0      -1       1       0                               0D   3740
     128    4075       0       0       0                        01010000D   3741
     128       0       0       3       0                               0D   3742
     126    4078       0       0       0                        01010500D   3743
     126       0       0      44       0                               0D   3744
     124    4122       0       0       0                        00000000D   3745
     124       0       0       3       0                               0D   3746
     100    4125       0       0       0            3745        01010000D   3747
     100       0       0       1       0                               0D   3748
     126    4126       0       0       0                        01010500D   3749
     126       0       0      44       0                               0D   3750
     124    4170       0       0       0                        00000000D   3751
     124       0       0       2       0                               0D   3752
     100    4172       0       0       0            3751        01010000D   3753
     100       0       0       1       0                               0D   3754
     102    4173       0       0       0                        01010500D   3755
     102       0       0       1       0                               0D   3756
     102    4174       0       0       0                        01010000D   3757
     102       0       0       1       0                               0D   3758
     142    4175       0       0       0                        00010500D   3759
     142       0       0       1       0                               0D   3760
     126    4176       0       0       0                        01010500D   3761
     126       0       0      20       0                               0D   3762
     124    4196       0       0       0                        00000000D   3763
     124       0       0       3       0                               0D   3764
     100    4199       0       0       0            3763        01010000D   3765
     100       0       0       1       0                               0D   3766
     126    4200       0       0       0                        01010500D   3767
     126       0       0      20       0                               0D   3768
     124    4220       0       0       0                        00000000D   3769
     124       0       0       2       0                               0D   3770
     100    4222       0       0       0            3769        01010000D   3771
     100       0       0       1       0                               0D   3772
     102    4223       0       0       0                        01010500D   3773
     102       0       0       1       0                               0D   3774
     102    4224       0       0       0                        01010000D   3775
     102       0       0       1       0                               0D   3776
     142    4225       0       0       0                        00010500D   3777
     142       0       0       1       0                               0D   3778
     144    4226       0       0       7                        00010000D   3779
     144       0      -1       1       0                               0D   3780
     110    4227       0       0       0                        01010000D   3781
     110       0       0       1       0                               0D   3782
     110    4228       0       0       0                        01010000D   3783
     110       0       0       1       0                               0D   3784
     120    4229       0       0       0                        01010000D   3785
     120       0       0       1       0                               0D   3786
     126    4230       0       0       0                        01010500D   3787
     126       0       0       2       0                               0D   3788
     110    4232       0       0       0                        01010000D   3789
     110       0       0       1       0                               0D   3790
     126    4233       0       0       0                        01010500D   3791
     126       0       0       2       0                               0D   3792
     124    4235       0       0       0                        00000000D   3793
     124       0       0       3       0                               0D   3794
     100    4238       0       0       0            3793        01010000D   3795
     100       0       0       1       0                               0D   3796
     126    4239       0       0       0                        01010500D   3797
     126       0       0       2       0                               0D   3798
     110    4241       0       0       0                        01010000D   3799
     110       0       0       1       0                               0D   3800
     126    4242       0       0       0                        01010500D   3801
     126       0       0       2       0                               0D   3802
     124    4244       0       0       0                        00000000D   3803
     124       0       0       3       0                               0D   3804
     100    4247       0       0       0            3803        01010000D   3805
     100       0       0       1       0                               0D   3806
     102    4248       0       0       0                        01010500D   3807
     102       0       0       1       0                               0D   3808
     102    4249       0       0       0                        01010000D   3809
     102       0       0       1       0                               0D   3810
     142    4250       0       0       0                        00010500D   3811
     142       0       0       1       0                               0D   3812
     144    4251       0       0       7                        00010000D   3813
     144       0      -1       1       0                               0D   3814
     128    4252       0       0       0                        01010000D   3815
     128       0       0       3       0                               0D   3816
     126    4255       0       0       0                        01010500D   3817
     126       0       0      44       0                               0D   3818
     124    4299       0       0       0                        00000000D   3819
     124       0       0       3       0                               0D   3820
     100    4302       0       0       0            3819        01010000D   3821
     100       0       0       1       0                               0D   3822
     126    4303       0       0       0                        01010500D   3823
     126       0       0      44       0                               0D   3824
     124    4347       0       0       0                        00000000D   3825
     124       0       0       2       0                               0D   3826
     100    4349       0       0       0            3825        01010000D   3827
     100       0       0       1       0                               0D   3828
     102    4350       0       0       0                        01010500D   3829
     102       0       0       1       0                               0D   3830
     102    4351       0       0       0                        01010000D   3831
     102       0       0       1       0                               0D   3832
     142    4352       0       0       0                        00010500D   3833
     142       0       0       1       0                               0D   3834
     126    4353       0       0       0                        01010500D   3835
     126       0       0      20       0                               0D   3836
     124    4373       0       0       0                        00000000D   3837
     124       0       0       3       0                               0D   3838
     100    4376       0       0       0            3837        01010000D   3839
     100       0       0       1       0                               0D   3840
     126    4377       0       0       0                        01010500D   3841
     126       0       0      20       0                               0D   3842
     124    4397       0       0       0                        00000000D   3843
     124       0       0       2       0                               0D   3844
     100    4399       0       0       0            3843        01010000D   3845
     100       0       0       1       0                               0D   3846
     102    4400       0       0       0                        01010500D   3847
     102       0       0       1       0                               0D   3848
     102    4401       0       0       0                        01010000D   3849
     102       0       0       1       0                               0D   3850
     142    4402       0       0       0                        00010500D   3851
     142       0       0       1       0                               0D   3852
     144    4403       0       0       7                        00010000D   3853
     144       0      -1       1       0                               0D   3854
     110    4404       0       0       0                        01010000D   3855
     110       0       0       1       0                               0D   3856
     110    4405       0       0       0                        01010000D   3857
     110       0       0       1       0                               0D   3858
     120    4406       0       0       0                        01010000D   3859
     120       0       0       1       0                               0D   3860
     126    4407       0       0       0                        01010500D   3861
     126       0       0       2       0                               0D   3862
     110    4409       0       0       0                        01010000D   3863
     110       0       0       1       0                               0D   3864
     126    4410       0       0       0                        01010500D   3865
     126       0       0       2       0                               0D   3866
     124    4412       0       0       0                        00000000D   3867
     124       0       0       3       0                               0D   3868
     100    4415       0       0       0            3867        01010000D   3869
     100       0       0       1       0                               0D   3870
     126    4416       0       0       0                        01010500D   3871
     126       0       0       2       0                               0D   3872
     110    4418       0       0       0                        01010000D   3873
     110       0       0       1       0                               0D   3874
     126    4419       0       0       0                        01010500D   3875
     126       0       0       2       0                               0D   3876
     124    4421       0       0       0                        00000000D   3877
     124       0       0       3       0                               0D   3878
     100    4424       0       0       0            3877        01010000D   3879
     100       0       0       1       0                               0D   3880
     102    4425       0       0       0                        01010500D   3881
     102       0       0       1       0                               0D   3882
     102    4426       0       0       0                        01010000D   3883
     102       0       0       1       0                               0D   3884
     142    4427       0       0       0                        00010500D   3885
     142       0       0       1       0                               0D   3886
     144    4428       0       0       7                        00010000D   3887
     144       0      -1       1       0                               0D   3888
     128    4429       0       0       0                        01010000D   3889
     128       0       0       3       0                               0D   3890
     126    4432       0       0       0                        01010500D   3891
     126       0       0      22       0                               0D   3892
     124    4454       0       0       0                        00000000D   3893
     124       0       0       3       0                               0D   3894
     100    4457       0       0       0            3893        01010000D   3895
     100       0       0       1       0                               0D   3896
     126    4458       0       0       0                        01010500D   3897
     126       0       0      22       0                               0D   3898
     124    4480       0       0       0                        00000000D   3899
     124       0       0       2       0                               0D   3900
     100    4482       0       0       0            3899        01010000D   3901
     100       0       0       1       0                               0D   3902
     102    4483       0       0       0                        01010500D   3903
     102       0       0       1       0                               0D   3904
     102    4484       0       0       0                        01010000D   3905
     102       0       0       1       0                               0D   3906
     142    4485       0       0       0                        00010500D   3907
     142       0       0       1       0                               0D   3908
     144    4486       0       0       7                        00010000D   3909
     144       0      -1       1       0                               0D   3910
     128    4487       0       0       0                        01010000D   3911
     128       0       0       3       0                               0D   3912
     126    4490       0       0       0                        01010500D   3913
     126       0       0      22       0                               0D   3914
     124    4512       0       0       0                        00000000D   3915
     124       0       0       3       0                               0D   3916
     100    4515       0       0       0            3915        01010000D   3917
     100       0       0       1       0                               0D   3918
     126    4516       0       0       0                        01010500D   3919
     126       0       0      22       0                               0D   3920
     124    4538       0       0       0                        00000000D   3921
     124       0       0       2       0                               0D   3922
     100    4540       0       0       0            3921        01010000D   3923
     100       0       0       1       0                               0D   3924
     102    4541       0       0       0                        01010500D   3925
     102       0       0       1       0                               0D   3926
     102    4542       0       0       0                        01010000D   3927
     102       0       0       1       0                               0D   3928
     142    4543       0       0       0                        00010500D   3929
     142       0       0       1       0                               0D   3930
     144    4544       0       0       7                        00010000D   3931
     144       0      -1       1       0                               0D   3932
     110    4545       0       0       0                        01010000D   3933
     110       0       0       1       0                               0D   3934
     110    4546       0       0       0                        01010000D   3935
     110       0       0       1       0                               0D   3936
     120    4547       0       0       0                        01010000D   3937
     120       0       0       1       0                               0D   3938
     126    4548       0       0       0                        01010500D   3939
     126       0       0       2       0                               0D   3940
     110    4550       0       0       0                        01010000D   3941
     110       0       0       1       0                               0D   3942
     126    4551       0       0       0                        01010500D   3943
     126       0       0       2       0                               0D   3944
     124    4553       0       0       0                        00000000D   3945
     124       0       0       3       0                               0D   3946
     100    4556       0       0       0            3945        01010000D   3947
     100       0       0       1       0                               0D   3948
     126    4557       0       0       0                        01010500D   3949
     126       0       0       2       0                               0D   3950
     110    4559       0       0       0                        01010000D   3951
     110       0       0       1       0                               0D   3952
     126    4560       0       0       0                        01010500D   3953
     126       0       0       2       0                               0D   3954
     124    4562       0       0       0                        00000000D   3955
     124       0       0       3       0                               0D   3956
     100    4565       0       0       0            3955        01010000D   3957
     100       0       0       1       0                               0D   3958
     102    4566       0       0       0                        01010500D   3959
     102       0       0       1       0                               0D   3960
     102    4567       0       0       0                        01010000D   3961
     102       0       0       1       0                               0D   3962
     142    4568       0       0       0                        00010500D   3963
     142       0       0       1       0                               0D   3964
     144    4569       0       0       7                        00010000D   3965
     144       0      -1       1       0                               0D   3966
     308    4570       0       0       7                        00010201D   3967
     308       0       0       2       0                               0D   3968
     124    4572       0       0       0                        00000000D   3969
     124       0       0       3       0                               0D   3970
     408    4575       0       0       8            3969        00000001D   3971
     408       0       0       1       0                               0D   3972
314,79.2156862745098,81.9607843137255,93.3333333333333,;               1P      1
128,17,2,3,2,0,0,0,0,0,5.02218104756989,5.02218104756989,              3P      2
5.02218104756989,5.02218104756989,5.17980658002111,                    3P      3
5.17980658002111,5.33743211247232,5.33743211247232,                    3P      4
5.49505764492353,5.49505764492353,5.65268317737474,                    3P      5
5.65268317737474,5.81030870982595,5.81030870982595,                    3P      6
5.96793424227716,5.96793424227716,6.12555977472837,                    3P      7
6.12555977472837,6.28318530717959,6.28318530717959,                    3P      8
6.28318530717959,6.28318530717959,0.,0.,0.,1.,1.,1.,1.,1.,1.,          3P      9
1.,1.,1.,1.,1.,1.,1.,1.,1.,1.,1.,1.,1.,1.,1.,0.71104496163373,         3P     10
0.711689613491876,0.71231704439039,0.713522369409498,                  3P     11
0.714100235003521,0.715192476591773,0.715706843215553,                 3P     12
0.716659782618008,0.71709834749244,0.717889253915669,                  3P     13
0.718241589090958,0.718851697735249,0.719109466401497,                 3P     14
0.7195243640869,0.719681489895696,0.719891405785159,                   3P     15
0.719944232948056,0.71994419425834,1.,1.,1.,1.,1.,1.,1.,1.,1.,         3P     16
1.,1.,1.,1.,1.,1.,1.,1.,1.,52.656793749,51.181,105.877593023,          3P     17
52.656793749,51.181,106.011131275,52.646253309,51.181,                 3P     18
106.144662786,52.604352463,51.181,106.408410694,52.572992486,          3P     19
51.181,106.538623766,52.490229703,51.181,106.79250487,                 3P     20
52.43882774,51.181,106.916170314,52.317255073,51.181,                  3P     21
107.153889784,52.247085607,51.181,107.267941387,52.089717377,          3P     22
51.181,107.48360511,52.002520218,51.181,107.585215031,                 3P     23
51.813258279,51.181,107.773475751,51.711195429,51.181,                 3P     24
107.860124632,51.494732418,51.181,108.016314537,51.380334464,          3P     25
51.181,108.08585397,51.142037453,51.181,108.206100424,                 3P     26
51.018141426,51.181,108.256806027,50.891029537,51.181,                 3P     27
108.297467001,55.168578964,51.181,105.877593023,55.163977264,          3P     28
51.181,106.142794844,55.138585681,51.181,106.407521276,                3P     29
55.047025068,51.181,106.929108542,54.980919432,51.181,                 3P     30
107.186010621,54.809818954,51.181,107.685817984,54.704869958,          3P     31
51.181,107.928783873,54.458846485,51.181,108.395000523,                3P     32
54.317796458,51.181,108.618321983,54.003129169,51.181,                 3P     33
109.040050461,53.82951316,51.181,109.238531195,53.453975222,           3P     34
51.181,109.605995351,53.252031737,51.181,109.775048317,                3P     35
52.824703539,51.181,110.079773549,52.59927695,51.181,                  3P     36
110.215504511,52.130344346,51.181,110.450470878,51.886781341,          3P     37
51.181,110.549748259,51.637050541,51.181,110.629632977,                3P     38
55.196635291,48.669371482,105.877593023,55.19658327,                   3P     39
48.674028481,106.144506896,55.175451684,48.678567659,                  3P     40
106.411411412,55.091552469,48.687298147,106.938602351,                 3P     41
55.028785696,48.691489345,107.198882135,54.86317154,48.6994199,        3P     42
107.706367403,54.760325846,48.703159177,107.953567711,                 3P     43
54.517103054,48.710093166,108.428764512,54.376728437,                  3P     44
48.713287809,108.656756159,54.061927573,48.719053308,                  3P     45
109.087882269,53.887504538,48.721624107,109.291012336,                 3P     46
53.508930905,48.726078165,109.667378238,53.304784168,                  3P     47
48.727961379,109.840610236,52.871824274,48.730993559,                  3P     48
110.152884161,52.643015533,48.732142494,110.291922904,                 3P     49
52.166404363,48.733677616,110.532362205,51.918607995,                  3P     50
48.734063786,110.633759926,51.664384218,48.734063786,                  3P     51
110.715081873,5.02218104756989,6.28318530717959,0.,1.;                 3P     52
126,1,1,1,0,1,0,0.,0.,1.,1.,1.,1.,5.022181048,0.,0.,                   5P     53
6.283185307,0.,0.,0.,1.,0.,0.,1.;                                      5P     54
126,3,3,1,0,0,0,0.,0.,0.,0.,1.,1.,1.,1.,1.,0.871821052877675,          7P     55
0.871821052877675,1.,52.656793749,51.181,105.877593023,                7P     56
52.656793749,51.181,107.023371515,51.981668884,51.181,                 7P     57
107.948589662,50.891029537,51.181,108.297467001,0.,1.,0.,1.,0.;        7P     58
126,1,1,1,0,1,0,0.,0.,1.,1.,1.,1.,6.283185307,0.,0.,                   9P     59
6.283185307,1.,0.,0.,1.,0.,0.,1.;                                      9P     60
124,-1.86559582016401E-017,0.304674918754193,0.952456399990113,       11P     61
-67.0772787333278,1.,6.12323399573677E-017,0.,                        11P     62
-2.25002953728898,-5.83211340787652E-017,0.952456399990113,           11P     63
-0.304674918754193,94.9645572084483;                                  11P     64
100,108.297467001,50.891029537,48.641,53.431029537,48.641,            13P     65
50.984093323,51.179294532;                                            13P     66
126,1,1,1,0,1,0,0.,0.,1.,1.,1.,1.,6.283185307,1.,0.,                  15P     67
5.022181048,1.,0.,0.,1.,0.,0.,1.;                                     15P     68
126,3,3,1,0,0,0,0.,0.,0.,0.,1.,1.,1.,1.,1.,0.871821052877674,         17P     69
0.871821052877674,1.,51.664384218,48.734063786,110.715081873,         17P     70
53.845662911,48.734063786,110.017327195,55.19618894,                  17P     71
48.709329236,108.16775465,55.196635291,48.669371482,                  17P     72
105.877593023,0.,1.,0.005580598,-0.999832238,0.01744573;              17P     73
126,1,1,1,0,1,0,0.,0.,1.,1.,1.,1.,5.022181048,1.,0.,                  19P     74
5.022181048,0.,0.,0.,1.,0.,0.,1.;                                     19P     75
100,105.877593023,52.656793749,48.641,55.196635291,                   21P     76
48.669371482,52.656793749,51.181;                                     21P     77
102,4,5,9,15,19;                                                      23P     78
102,4,7,13,17,21;                                                     25P     79
142,1,3,23,25,1;                                                      27P     80
144,3,1,0,27;                                                         29P     81
128,5,2,3,2,0,0,0,0,0,5.83816375381807,5.83816375381807,              31P     82
5.83816375381807,5.83816375381807,6.06067453049883,                   31P     83
6.06067453049883,6.28318530717959,6.28318530717959,                   31P     84
6.28318530717959,6.28318530717959,0.,0.,0.,1.,1.,1.,1.,1.,1.,         31P     85
1.,1.,1.,0.714745403180924,0.715014266468236,0.715219824114553,       31P     86
0.715495146501842,0.715564906371861,0.715564803266219,1.,1.,1.,       31P     87
1.,1.,1.,52.900821054,31.734969575,89.190267718,52.904585496,         31P     88
31.572707113,89.530360692,52.907467907,31.448463696,                  31P     89
89.888546448,52.911327429,31.282102897,90.623538103,                  31P     90
52.912304312,31.239995342,91.000300618,52.912304312,                  31P     91
31.239995342,91.377092577,55.386036478,31.714000705,                  31P     92
89.167021584,55.387886683,31.54836861,89.509795138,                   31P     93
55.389306289,31.421284142,89.871616321,55.391206985,                  31P     94
31.251132132,90.614614708,55.391688639,31.208013994,                  31P     95
90.995872143,55.391688639,31.208013994,91.377092577,                  31P     96
55.411092925,29.470924234,88.096855288,55.413811349,                  31P     97
29.227568323,88.606994726,55.415892831,29.041232108,                  31P     98
89.144273383,55.418679917,28.791729634,90.246760866,                  31P     99
55.419385355,28.728578103,90.811904639,55.419385355,                  31P    100
28.728578103,91.377092577,5.83816375381807,6.28318530717959,0.,       31P    101
1.;                                                                   31P    102
126,1,1,1,0,1,0,0.,0.,1.,1.,1.,1.,5.838163754,0.,0.,                  33P    103
6.283185307,0.,0.,0.,1.,0.,0.,1.;                                     33P    104
126,3,3,1,0,0,0,0.,0.,0.,0.,1.,1.,1.,1.,1.,0.983564298687127,         35P    105
0.983564298687127,1.,52.900821054,31.734969575,89.190267718,          35P    106
52.908412596,31.407743817,89.876114462,52.912304312,                  35P    107
31.239995342,90.617236949,52.912304312,31.239995342,                  35P    108
91.377092577,0.,1.,0.999730995,0.023193468,0.;                        35P    109
126,1,1,1,0,1,0,0.,0.,1.,1.,1.,1.,6.283185307,0.,0.,                  37P    110
6.283185307,1.,0.,0.,1.,0.,0.,1.;                                     37P    111
124,0.0128978341648121,0.999916819477429,7.79988197466137E-017,       39P    112
23.499692904205,0.999916819477429,-0.0128978341648121,                39P    113
-6.98252704556721E-015,-23.8047681392603,                             39P    114
-6.98094021947655E-015,1.68051807649068E-016,-1.,                     39P    115
182.754185154345;                                                     39P    116
100,91.377092577,52.879543813,28.70020662,55.419543813,               41P    117
28.70020662,52.940671391,31.239470967;                                41P    118
126,1,1,1,0,1,0,0.,0.,1.,1.,1.,1.,6.283185307,1.,0.,                  43P    119
5.838163754,1.,0.,0.,1.,0.,0.,1.;                                     43P    120
126,3,3,1,0,0,0,0.,0.,0.,0.,1.,1.,1.,1.,1.,0.983564298687127,         45P    121
0.983564298687127,1.,55.419385355,28.728578103,91.377092577,          45P    122
55.419385355,28.728578103,90.237309135,55.416575022,                  45P    123
28.980161767,89.125625404,55.411092925,29.470924234,                  45P    124
88.096855288,0.,1.,-0.999937615,-0.011169875,0.;                      45P    125
126,1,1,1,0,1,0,0.,0.,1.,1.,1.,1.,5.838163754,1.,0.,                  47P    126
5.838163754,0.,0.,0.,1.,0.,0.,1.;                                     47P    127
124,0.999937615001086,-0.0100814033075412,0.0048095127913002,         49P    128
-0.123582330727452,0.0111698749294243,0.902496620857565,              49P    129
-0.430552067971736,40.210466344773,-7.23379689482329E-016,            49P    130
0.430578929637793,0.902552926620911,-4.09256212794923;                49P    131
100,88.096855288,52.871251383,29.442552752,55.411251383,              51P    132
29.442552752,52.926425219,31.981953439;                               51P    133
102,4,33,37,43,47;                                                    53P    134
102,4,35,41,45,51;                                                    55P    135
142,1,31,53,55,1;                                                     57P    136
144,31,1,0,57;                                                        59P    137
128,5,2,3,2,0,0,0,0,0,5.97378306301752,5.97378306301752,              61P    138
5.97378306301752,5.97378306301752,6.12848418509855,                   61P    139
6.12848418509855,6.28318530717959,6.28318530717959,                   61P    140
6.28318530717959,6.28318530717959,0.,0.,0.,1.,1.,1.,1.,1.,1.,         61P    141
1.,1.,1.,0.719339800338651,0.719539774391014,0.719691121759374,       61P    142
0.719893350019061,0.71994423015777,0.719944194258341,1.,1.,1.,        61P    143
1.,1.,1.,45.039288982,51.181,2.452849488,45.432256045,51.181,         61P    144
2.452849488,45.825204035,51.181,2.483322719,46.601701619,             61P    145
51.181,2.604488953,46.98524045,51.181,2.695180277,47.359501114,       61P    146
51.181,2.814900022,45.039288982,51.181,0.,45.558667837,51.181,        61P    147
0.001412449,46.078029573,51.181,0.042753863,47.104088723,             61P    148
51.181,0.204307645,47.610917508,51.181,0.324518279,                   61P    149
48.105522117,51.181,0.482734045,45.039288982,48.729644722,            61P    150
-0.085603213,45.563228738,48.73110598,-0.085552184,46.08714703,       61P    151
48.732212927,-0.044882554,47.122460622,48.73369184,0.116724069,       61P    152
47.633841575,48.734063786,0.237658823,48.132855794,                   61P    153
48.734063786,0.39728515,5.97378306301752,6.28318530717959,0.,         61P    154
1.;                                                                   61P    155
126,1,1,1,0,1,0,0.,0.,1.,1.,1.,1.,5.973783063,0.,0.,                  63P    156
6.283185307,0.,0.,0.,1.,0.,0.,1.;                                     63P    157
126,3,3,1,0,0,0,0.,0.,0.,0.,1.,1.,1.,1.,1.,0.992038418298538,         65P    158
0.992038418298538,1.,45.039288982,51.181,2.452849488,                 65P    159
45.828370869,51.181,2.452849488,46.60798185,51.181,2.574501542,       65P    160
47.359501114,51.181,2.814900022,0.,1.,0.,1.,0.;                       65P    161
126,1,1,1,0,1,0,0.,0.,1.,1.,1.,1.,6.283185307,0.,0.,                  67P    162
6.283185307,1.,0.,0.,1.,0.,0.,1.;                                     67P    163
124,-1.86559582016402E-017,0.304674918754194,                         69P    164
-0.952456399990113,35.220877931991,1.,6.12323399573677E-017,0.,       69P    165
1.28149888618038,5.83211340787651E-017,-0.952456399990113,            69P    166
-0.304674918754194,50.0009612094339;                                  69P    167
100,2.814900022,47.359501114,48.641,49.899501114,48.641,              71P    168
47.452564899,51.179294532;                                            71P    169
126,1,1,1,0,1,0,0.,0.,1.,1.,1.,1.,6.283185307,1.,0.,                  73P    170
5.973783063,1.,0.,0.,1.,0.,0.,1.;                                     73P    171
126,3,3,1,0,0,0,0.,0.,0.,0.,1.,1.,1.,1.,1.,0.992038418298538,         75P    172
0.992038418298538,1.,48.132855794,48.734063786,0.39728515,            75P    173
47.130830109,48.734063786,0.076753843,46.091365388,                   75P    174
48.732578943,-0.085500747,45.039288982,48.729644722,                  75P    175
-0.085603213,0.,1.,0.002789713,-0.99995808,-0.008721034;              75P    176
126,1,1,1,0,1,0,0.,0.,1.,1.,1.,1.,5.973783063,1.,0.,                  77P    177
5.973783063,0.,0.,0.,1.,0.,0.,1.;                                     77P    178
124,6.11950388703081E-017,-2.13697784642832E-018,1.,                  79P    179
42.5864394943482,0.0348994967024969,0.999390827019096,0.,             79P    180
-1.54221773435845,-0.999390827019096,0.0348994967024969,              79P    181
6.12323399573677E-017,45.7671553333348;                               79P    182
100,2.452849488,45.039288982,48.641,47.579288982,48.641,              81P    183
45.127933704,51.179452701;                                            81P    184
102,4,63,67,73,77;                                                    83P    185
102,4,65,71,75,81;                                                    85P    186
142,1,61,83,85,1;                                                     87P    187
144,61,1,0,87;                                                        89P    188
110,44.577,44.704,44.958,-955.423,44.704,44.958;                      91P    189
110,14.605,44.704,47.498,11.049,44.704,47.498;                        93P    190
120,91,93,0.,6.28318530717959;                                        95P    191
126,1,1,1,0,1,0,0.,0.,1.,1.,1.,1.,0.,0.977027411,0.,1.,               97P    192
0.977027411,0.,0.,1.,0.,0.,1.;                                        97P    193
110,14.605,46.809248278,46.379101575,11.049,46.809248278,             99P    194
46.379101575;                                                         99P    195
126,1,1,1,0,1,0,0.,0.,1.,1.,1.,1.,1.,0.977027411,0.,1.,0.,0.,        101P    196
0.,1.,0.,0.,1.;                                                      101P    197
124,-3.42588089593536E-017,-5.07516843596462E-017,1.,-33.909,        103P    198
0.828837904855204,-0.559488809070598,0.,60.5575577099468,            103P    199
0.559488809070598,0.828837904855204,6.12323399573677E-017,           103P    200
1.72383844993191;                                                    103P    201
100,44.958,11.049,44.704,13.589,44.704,12.470101575,                 105P    202
46.809248278;                                                        105P    203
126,1,1,1,0,1,0,0.,0.,1.,1.,1.,1.,1.,0.,0.,0.,0.,0.,0.,1.,0.,        107P    204
0.,1.;                                                               107P    205
110,11.049,44.704,47.498,14.605,44.704,47.498;                       109P    206
126,1,1,1,0,1,0,0.,0.,1.,1.,1.,1.,0.,0.,0.,0.,0.977027411,0.,        111P    207
0.,1.,0.,0.,1.;                                                      111P    208
124,6.12323399573677E-017,0.,-1.,59.563,0.,1.,0.,0.,1.,0.,           113P    209
6.12323399573677E-017,30.353;                                        113P    210
100,44.958,14.605,44.704,17.145,44.704,16.026101575,                 115P    211
46.809248278;                                                        115P    212
102,4,97,101,107,111;                                                117P    213
102,4,99,105,109,115;                                                119P    214
142,1,95,117,119,1;                                                  121P    215
144,95,1,0,121;                                                      123P    216
110,44.577,44.704,44.958,-955.423,44.704,44.958;                     125P    217
110,44.577,44.704,47.498,41.021,44.704,47.498;                       127P    218
120,125,127,0.,6.28318530717959;                                     129P    219
126,1,1,1,0,1,0,0.,0.,1.,1.,1.,1.,0.,0.977027411,0.,1.,              131P    220
0.977027411,0.,0.,1.,0.,0.,1.;                                       131P    221
110,44.577,46.809248278,46.379101575,41.021,46.809248278,            133P    222
46.379101575;                                                        133P    223
126,1,1,1,0,1,0,0.,0.,1.,1.,1.,1.,1.,0.977027411,0.,1.,0.,0.,        135P    224
0.,1.,0.,0.,1.;                                                      135P    225
124,-3.42588089593537E-017,-5.07516843596462E-017,1.,                137P    226
-3.93700000000001,0.828837904855203,-0.559488809070599,0.,           137P    227
35.7156280256268,0.559488809070599,0.828837904855203,                137P    228
6.12323399573677E-017,-15.045160135532;                              137P    229
100,44.958,41.021,44.704,43.561,44.704,42.442101575,                 139P    230
46.809248278;                                                        139P    231
126,1,1,1,0,1,0,0.,0.,1.,1.,1.,1.,1.,0.,0.,0.,0.,0.,0.,1.,0.,        141P    232
0.,1.;                                                               141P    233
110,41.021,44.704,47.498,44.577,44.704,47.498;                       143P    234
126,1,1,1,0,1,0,0.,0.,1.,1.,1.,1.,0.,0.,0.,0.,0.977027411,0.,        145P    235
0.,1.,0.,0.,1.;                                                      145P    236
124,6.12323399573677E-017,0.,-1.,89.535,0.,1.,0.,0.,1.,0.,           147P    237
6.12323399573677E-017,0.380999999999994;                             147P    238
100,44.958,44.577,44.704,47.117,44.704,45.998101575,                 149P    239
46.809248278;                                                        149P    240
102,4,131,135,141,145;                                               151P    241
102,4,133,139,143,149;                                               153P    242
142,1,129,151,153,1;                                                 155P    243
144,129,1,0,155;                                                     157P    244
110,41.021,44.704,44.958,1041.021,44.704,44.958;                     159P    245
110,14.605,44.704,14.224,41.021,44.704,14.224;                       161P    246
120,159,161,0.,6.28318530717959;                                     163P    247
126,1,1,1,0,1,0,0.,0.,1.,1.,1.,1.,0.,0.212335788,0.,1.,              165P    248
0.212335788,0.,0.,1.,0.,0.,1.;                                       165P    249
110,14.605,51.181,14.914244792,41.021,51.181,14.914244792;           167P    250
126,1,1,1,0,1,0,0.,0.,1.,1.,1.,1.,1.,0.212335788,0.,1.,0.,0.,        169P    251
0.,1.,0.,0.,1.;                                                      169P    252
124,-5.98571429847725E-017,-1.2904336106718E-017,-1.,85.979,         171P    253
0.210743801652892,-0.977541329082759,0.,79.7590860877124,            171P    254
-0.977541329082759,-0.210743801652892,6.12323399573677E-017,         171P    255
94.4788137693947;                                                    171P    256
100,44.958,41.021,44.704,71.755,44.704,71.064755208,51.181;          173P    257
126,1,1,1,0,1,0,0.,0.,1.,1.,1.,1.,1.,0.,0.,0.,0.,0.,0.,1.,0.,        175P    258
0.,1.;                                                               175P    259
110,41.021,44.704,14.224,14.605,44.704,14.224;                       177P    260
126,1,1,1,0,1,0,0.,0.,1.,1.,1.,1.,0.,0.,0.,0.,0.212335788,0.,        179P    261
0.,1.,0.,0.,1.;                                                      179P    262
124,6.12323399573677E-017,0.,1.,-30.353,0.,1.,0.,0.,-1.,0.,          181P    263
6.12323399573677E-017,59.563;                                        181P    264
100,44.958,14.605,44.704,45.339,44.704,44.648755208,51.181;          183P    265
102,4,165,169,175,179;                                               185P    266
102,4,167,173,177,183;                                               187P    267
142,1,163,185,187,1;                                                 189P    268
144,163,1,0,189;                                                     191P    269
128,1,1,1,1,0,0,1,0,0,0.,0.,1.,1.,0.,0.,1.,1.,1.,1.,1.,1.,           193P    270
3.167627036,51.181,108.418150512,3.167627036,51.181,                 193P    271
100.800975873,14.9479,51.181,108.418150512,14.9479,51.181,           193P    272
100.800975873,0.,1.,0.,1.;                                           193P    273
126,1,1,1,0,1,0,0.,0.,1.,1.,1.,1.,0.33351004,0.,0.,0.994035785,      195P    274
0.,0.,0.,1.,0.,0.,1.;                                                195P    275
110,3.167627036,51.181,105.877746291,3.167627036,51.181,             197P    276
100.846406338;                                                       197P    277
126,1,1,1,0,1,0,0.,0.,1.,1.,1.,1.,0.994035785,0.,0.,                 199P    278
0.991024469,1.,0.,0.,1.,0.,0.,1.;                                    199P    279
110,3.167627036,51.181,100.846406338,14.9479,51.181,                 201P    280
100.86934406;                                                        201P    281
126,1,1,1,0,1,0,0.,0.,1.,1.,1.,1.,0.991024469,1.,0.,0.,1.,0.,        203P    282
0.,1.,0.,0.,1.;                                                      203P    283
110,14.9479,51.181,100.86934406,14.9479,51.181,108.418150512;        205P    284
126,1,1,1,0,1,0,0.,0.,1.,1.,1.,1.,0.,1.,0.,0.,0.215535572,0.,        207P    285
0.,1.,0.,0.,1.;                                                      207P    286
110,14.9479,51.181,108.418150512,5.706694913,51.181,                 209P    287
108.418150512;                                                       209P    288
126,16,2,1,0,1,0,0.,0.,0.,0.125,0.125,0.25,0.25,0.375,0.375,         211P    289
0.5,0.5,0.625,0.625,0.75,0.75,0.875,0.875,1.,1.,1.,1.,1.,1.,1.,      211P    290
1.,1.,1.,1.,1.,1.,1.,1.,1.,1.,1.,1.,1.,0.,0.215535572,0.,0.,         211P    291
0.194303739,0.,0.006407526,0.1734815,0.,0.012815051,                 211P    292
0.152659261,0.,0.025384006,0.133046347,0.,0.03795296,                211P    293
0.113433433,0.,0.056200602,0.095783126,0.,0.074448243,               211P    294
0.078132819,0.,0.097673725,0.063123024,0.,0.120899207,               211P    295
0.048113228,0.,0.148210497,0.036320432,0.,0.175521787,               211P    296
0.024527636,0.,0.205869927,0.016404772,0.,0.236218068,               211P    297
0.008281908,0.,0.268437462,0.004140954,0.,0.300656857,0.,0.,         211P    298
0.33351004,0.,0.,0.,1.,0.,0.,-1.;                                    211P    299
126,3,3,1,0,0,0,0.,0.,0.,0.,1.,1.,1.,1.,1.,0.804843938356264,        213P    300
0.804843938356264,1.,5.706694913,51.181,108.418150512,               213P    301
4.219204763,51.181,108.418150512,3.167627036,51.181,                 213P    302
107.366019327,3.167627036,51.181,105.877746291,0.,1.,0.,1.,0.;       213P    303
102,5,195,199,203,207,211;                                           215P    304
102,5,197,201,205,209,213;                                           217P    305
142,1,193,215,217,1;                                                 219P    306
144,193,1,0,219;                                                     221P    307
128,1,1,1,1,0,0,1,0,0,0.,0.,1.,1.,0.,0.,1.,1.,1.,1.,1.,1.,           223P    308
40.6781,51.181,108.418150512,40.6781,51.181,100.874451865,           223P    309
52.656793749,51.181,108.418150512,52.656793749,51.181,               223P    310
100.874451865,0.,1.,0.,1.;                                           223P    311
126,1,1,1,0,1,0,0.,0.,1.,1.,1.,1.,0.994035785,0.,0.,                 225P    312
0.990943924,1.,0.,0.,1.,0.,0.,1.;                                    225P    313
110,40.6781,51.181,100.919444103,52.656793749,51.181,                227P    314
100.942768177;                                                       227P    315
126,1,1,1,0,1,0,0.,0.,1.,1.,1.,1.,0.990943924,1.,0.,                 229P    316
0.336778762,1.,0.,0.,1.,0.,0.,1.;                                    229P    317
110,52.656793749,51.181,100.942768177,52.656793749,51.181,           231P    318
105.877593023;                                                       231P    319
126,16,2,1,0,1,0,0.,0.,0.,0.125,0.125,0.25,0.25,0.375,0.375,         233P    320
0.5,0.5,0.625,0.625,0.75,0.75,0.875,0.875,1.,1.,1.,1.,1.,1.,1.,      233P    321
1.,1.,1.,1.,1.,1.,1.,1.,1.,1.,1.,1.,1.,0.336778762,1.,0.,            233P    322
0.310170833,1.,0.,0.283894396,0.997371094,0.,0.257617959,            233P    323
0.994742187,0.,0.232324524,0.989549557,0.,0.207031088,               233P    324
0.984356927,0.,0.183347788,0.976729321,0.,0.159664489,               233P    325
0.969101714,0.,0.13817854,0.959228254,0.,0.11669259,                 233P    326
0.949354794,0.,0.097936723,0.937480287,0.,0.079180855,               233P    327
0.925605779,0.,0.063620109,0.912024646,0.,0.048059363,               233P    328
0.898443512,0.,0.036079558,0.883492489,0.,0.024099754,               233P    329
0.868541466,0.,0.015997923,0.852591255,0.,0.,1.,0.,0.,-1.;           233P    330
126,3,3,1,0,0,0,0.,0.,0.,0.,1.,1.,1.,1.,1.,0.871821052877675,        235P    331
0.871821052877675,1.,52.656793749,51.181,105.877593023,              235P    332
52.656793749,51.181,107.023371515,51.981668884,51.181,               235P    333
107.948589662,50.891029537,51.181,108.297467001,0.,1.,0.,1.,0.;      235P    334
126,4,2,1,0,1,0,0.,0.,0.,0.5,0.5,1.,1.,1.,1.,1.,1.,1.,1.,            237P    335
0.015997923,0.852591255,0.,0.008047012,0.836938161,0.,               237P    336
0.004023506,0.820699957,0.,0.,0.804461752,0.,0.,0.788026282,0.,      237P    337
0.,1.,0.,0.,-1.;                                                     237P    338
126,3,3,1,0,0,0,0.,0.,0.,0.,1.,1.,1.,1.,1.,0.992038418298538,        239P    339
0.992038418298538,1.,50.891029537,51.181,108.297467001,              239P    340
50.640523116,51.181,108.377599827,50.380652789,51.181,               239P    341
108.418150512,50.117625493,51.181,108.418150512,0.,1.,0.,1.,0.;      239P    342
126,1,1,1,0,1,0,0.,0.,1.,1.,1.,1.,0.,0.788026282,0.,0.,0.,0.,        241P    343
0.,1.,0.,0.,1.;                                                      241P    344
110,50.117625493,51.181,108.418150512,40.6781,51.181,                243P    345
108.418150512;                                                       243P    346
126,1,1,1,0,1,0,0.,0.,1.,1.,1.,1.,0.,0.,0.,0.994035785,0.,0.,        245P    347
0.,1.,0.,0.,1.;                                                      245P    348
110,40.6781,51.181,108.418150512,40.6781,51.181,100.919444103;       247P    349
102,6,225,229,233,237,241,245;                                       249P    350
102,6,227,231,235,239,243,247;                                       251P    351
142,1,223,249,251,1;                                                 253P    352
144,223,1,0,253;                                                     255P    353
128,1,1,1,1,0,0,1,0,0,0.,0.,1.,1.,0.,0.,1.,1.,1.,1.,1.,1.,           257P    354
4.804632786,48.729644722,110.956603213,4.804632786,0.,               257P    355
112.658279903,50.935466455,48.729644722,110.956603213,               257P    356
50.935466455,0.,112.658279903,0.,1.,0.,1.;                           257P    357
126,1,1,1,0,1,0,0.,0.,1.,1.,1.,1.,1.,0.994071146,0.,0.,              259P    358
0.982271273,0.,0.,1.,0.,0.,1.;                                       259P    359
110,50.661963489,0.,112.658279903,50.117625493,48.729644722,         261P    360
110.956603213;                                                       261P    361
126,1,1,1,0,1,0,0.,0.,1.,1.,1.,1.,0.,0.982271273,0.,0.,              263P    362
0.019554429,0.,0.,1.,0.,0.,1.;                                       263P    363
110,50.117625493,48.729644722,110.956603213,5.706694913,             265P    364
48.729644722,110.956603213;                                          265P    365
126,1,1,1,0,1,0,0.,0.,1.,1.,1.,1.,0.,0.019554429,0.,1.,              267P    366
0.005928854,0.,0.,1.,0.,0.,1.;                                       267P    367
110,5.706694913,48.729644722,110.956603213,5.078135752,0.,           269P    368
112.658279903;                                                       269P    369
126,1,1,1,0,1,0,0.,0.,1.,1.,1.,1.,1.,0.005928854,0.,1.,              271P    370
0.994071146,0.,0.,1.,0.,0.,1.;                                       271P    371
110,5.078135752,0.,112.658279903,50.661963489,0.,112.658279903;      273P    372
102,4,259,263,267,271;                                               275P    373
102,4,261,265,269,273;                                               277P    374
142,1,257,275,277,1;                                                 279P    375
144,257,1,0,279;                                                     281P    376
128,1,1,1,1,0,0,1,0,0,0.,0.,1.,1.,0.,0.,1.,1.,1.,1.,1.,1.,           283P    377
3.007226068,49.034394496,98.336697096,3.007226068,35.577648374,      283P    378
96.305359615,52.812004078,49.020081755,98.431512918,                 283P    379
52.812004078,35.563335632,96.400175437,0.,1.,0.,1.;                  283P    380
126,1,1,1,0,1,0,0.,0.,1.,1.,1.,1.,0.000255917,0.756370682,0.,        285P    381
0.018991869,0.756370682,0.,0.,1.,0.,0.,1.;                           285P    382
110,40.6781,49.020124953,98.407893151,40.6781,48.768,                287P    383
98.369834109;                                                        287P    384
126,1,1,1,0,1,0,0.,0.,1.,1.,1.,1.,0.018991869,0.756370682,0.,        289P    385
0.019541353,0.239749566,0.,0.,1.,0.,0.,1.;                           289P    386
110,40.6781,48.768,98.369834109,14.9479,48.768,98.319734066;         291P    387
126,1,1,1,0,1,0,0.,0.,1.,1.,1.,1.,0.019541353,0.239749566,0.,        293P    388
0.0008054,0.239749566,0.,0.,1.,0.,0.,1.;                             293P    389
110,14.9479,48.768,98.319734066,14.9479,49.020124953,                295P    390
98.357793108;                                                        295P    391
126,1,1,1,0,1,0,0.,0.,1.,1.,1.,1.,0.0008054,0.239749566,0.,          297P    392
0.001056871,0.003318783,0.,0.,1.,0.,0.,1.;                           297P    393
110,14.9479,49.020124953,98.357793108,3.172517334,49.020124953,      299P    394
98.334864908;                                                        299P    395
126,1,1,1,0,1,0,0.,0.,1.,1.,1.,1.,0.001056871,0.003318783,0.,        301P    396
0.953323452,0.,0.,0.,1.,0.,0.,1.;                                    301P    397
110,3.172517334,49.020124953,98.334864908,3.007226068,               303P    398
36.205762837,96.400175437;                                           303P    399
126,1,1,1,0,1,0,0.,0.,1.,1.,1.,1.,0.953323452,0.,0.,1.,1.,0.,        305P    400
0.,1.,0.,0.,1.;                                                      305P    401
110,3.007226068,36.205762837,96.400175437,52.812004078,              307P    402
35.563335632,96.400175437;                                           307P    403
126,1,1,1,0,1,0,0.,0.,1.,1.,1.,1.,1.,1.,0.,0.,0.996981815,0.,        309P    404
0.,1.,0.,0.,1.;                                                      309P    405
110,52.812004078,35.563335632,96.400175437,52.661684047,             311P    406
49.020124953,98.431226747;                                           311P    407
126,1,1,1,0,1,0,0.,0.,1.,1.,1.,1.,0.,0.996981815,0.,                 313P    408
0.000255917,0.756370682,0.,0.,1.,0.,0.,1.;                           313P    409
110,52.661684047,49.020124953,98.431226747,40.6781,                  315P    410
49.020124953,98.407893151;                                           315P    411
102,8,285,289,293,297,301,305,309,313;                               317P    412
102,8,287,291,295,299,303,307,311,315;                               319P    413
142,1,283,317,319,1;                                                 321P    414
144,283,1,0,321;                                                     323P    415
128,1,1,1,1,0,0,1,0,0,0.,0.,1.,1.,0.,0.,1.,1.,1.,1.,1.,1.,           325P    416
3.167627036,51.181,49.470529226,3.167627036,51.181,2.452849488,      325P    417
52.656793749,51.181,49.470529226,52.656793749,51.181,                325P    418
2.452849488,0.,1.,0.,1.;                                             325P    419
126,1,1,1,0,1,0,0.,0.,1.,1.,1.,1.,0.027736594,0.764882003,0.,        327P    420
0.14999739,0.764882003,0.,0.,1.,0.,0.,1.;                            327P    421
110,41.021,51.181,48.166418946,41.021,51.181,42.418;                 329P    422
126,1,1,1,0,1,0,0.,0.,1.,1.,1.,1.,0.14999739,0.764882003,0.,         331P    423
0.14999739,0.836736112,0.,0.,1.,0.,0.,1.;                            331P    424
110,41.021,51.181,42.418,44.577,51.181,42.418;                       333P    425
126,1,1,1,0,1,0,0.,0.,1.,1.,1.,1.,0.14999739,0.836736112,0.,         335P    426
0.314444214,0.836736112,0.,0.,1.,0.,0.,1.;                           335P    427
110,44.577,51.181,42.418,44.577,51.181,34.68609186;                  337P    428
126,1,1,1,0,1,0,0.,0.,1.,1.,1.,1.,0.314444214,0.836736112,0.,        339P    429
0.314444214,0.764882003,0.,0.,1.,0.,0.,1.;                           339P    430
110,44.577,51.181,34.68609186,41.021,51.181,34.68609186;             341P    431
126,1,1,1,0,1,0,0.,0.,1.,1.,1.,1.,0.314444214,0.764882003,0.,        343P    432
0.734963627,0.764882003,0.,0.,1.,0.,0.,1.;                           343P    433
110,41.021,51.181,34.68609186,41.021,51.181,14.914244792;            345P    434
126,1,1,1,0,1,0,0.,0.,1.,1.,1.,1.,0.734963627,0.764882003,0.,        347P    435
0.734963627,0.231108619,0.,0.,1.,0.,0.,1.;                           347P    436
110,41.021,51.181,14.914244792,14.605,51.181,14.914244792;           349P    437
126,1,1,1,0,1,0,0.,0.,1.,1.,1.,1.,0.734963627,0.231108619,0.,        351P    438
0.314444214,0.231108619,0.,0.,1.,0.,0.,1.;                           351P    439
110,14.605,51.181,14.914244792,14.605,51.181,34.68609186;            353P    440
126,1,1,1,0,1,0,0.,0.,1.,1.,1.,1.,0.314444214,0.231108619,0.,        355P    441
0.314444214,0.159254509,0.,0.,1.,0.,0.,1.;                           355P    442
110,14.605,51.181,34.68609186,11.049,51.181,34.68609186;             357P    443
126,1,1,1,0,1,0,0.,0.,1.,1.,1.,1.,0.314444214,0.159254509,0.,        359P    444
0.14999739,0.159254509,0.,0.,1.,0.,0.,1.;                            359P    445
110,11.049,51.181,34.68609186,11.049,51.181,42.418;                  361P    446
126,1,1,1,0,1,0,0.,0.,1.,1.,1.,1.,0.14999739,0.159254509,0.,         363P    447
0.14999739,0.231108619,0.,0.,1.,0.,0.,1.;                            363P    448
110,11.049,51.181,42.418,14.605,51.181,42.418;                       365P    449
126,1,1,1,0,1,0,0.,0.,1.,1.,1.,1.,0.14999739,0.231108619,0.,         367P    450
0.012542725,0.231108619,0.,0.,1.,0.,0.,1.;                           367P    451
110,14.605,51.181,42.418,14.605,51.181,48.88079938;                  369P    452
126,1,1,1,0,1,0,0.,0.,1.,1.,1.,1.,0.012542725,0.231108619,0.,        371P    453
0.005964215,0.,0.,0.,1.,0.,0.,1.;                                    371P    454
110,14.605,51.181,48.88079938,3.167627036,51.181,49.190105689;       373P    455
126,1,1,1,0,1,0,0.,0.,1.,1.,1.,1.,0.005964215,0.,0.,                 375P    456
0.837907513,0.,0.,0.,1.,0.,0.,1.;                                    375P    457
110,3.167627036,51.181,49.190105689,3.167627036,51.181,              377P    458
10.07406215;                                                         377P    459
126,16,2,1,0,1,0,0.,0.,0.,0.125,0.125,0.25,0.25,0.375,0.375,         379P    460
0.5,0.5,0.625,0.625,0.75,0.75,0.875,0.875,1.,1.,1.,1.,1.,1.,1.,      379P    461
1.,1.,1.,1.,1.,1.,1.,1.,1.,1.,1.,1.,1.,0.837907513,0.,0.,            379P    462
0.85387481,0.,0.,0.869534075,0.002957106,0.,0.885193339,             379P    463
0.005914212,0.,0.899943136,0.011714848,0.,0.914692934,               379P    464
0.017515485,0.,0.927966762,0.025936865,0.,0.94124059,                379P    465
0.034358244,0.,0.952528635,0.045076923,0.,0.963816679,               379P    466
0.055795601,0.,0.972685394,0.068399901,0.,0.981554109,               379P    467
0.081004201,0.,0.98766287,0.095010023,0.,0.993771631,                379P    468
0.109015845,0.,0.996885816,0.12388526,0.,1.,0.138754675,0.,1.,       379P    469
0.153916587,0.,0.,1.,0.,0.,-1.;                                      379P    470
126,3,3,1,0,0,0,0.,0.,0.,0.,1.,1.,1.,1.,1.,0.804843938356264,        381P    471
0.804843938356264,1.,3.167627036,51.181,10.07406215,                 381P    472
3.167627036,51.181,5.609243044,6.322360215,51.181,2.452849488,       381P    473
10.784830665,51.181,2.452849488,0.,1.,0.,1.,0.;                      381P    474
126,1,1,1,0,1,0,0.,0.,1.,1.,1.,1.,1.,0.153916587,0.,1.,              383P    475
0.846077328,0.,0.,1.,0.,0.,1.;                                       383P    476
110,10.784830665,51.181,2.452849488,45.039288982,51.181,             385P    477
2.452849488;                                                         385P    478
126,4,2,1,0,1,0,0.,0.,0.,0.5,0.5,1.,1.,1.,1.,1.,1.,1.,1.,1.,         387P    479
0.846077328,0.,1.,0.858011787,0.,0.998063359,0.869803002,0.,         387P    480
0.996126719,0.881594218,0.,0.992299694,0.892960561,0.,0.,1.,0.,      387P    481
0.,-1.;                                                              387P    482
126,3,3,1,0,0,0,0.,0.,0.,0.,1.,1.,1.,1.,1.,0.992038418298538,        389P    483
0.992038418298538,1.,45.039288982,51.181,2.452849488,                389P    484
45.828370869,51.181,2.452849488,46.60798185,51.181,2.574501542,      389P    485
47.359501114,51.181,2.814900022,0.,1.,0.,1.,0.;                      389P    486
126,16,2,1,0,1,0,0.,0.,0.,0.125,0.125,0.25,0.25,0.375,0.375,         391P    487
0.5,0.5,0.625,0.625,0.75,0.75,0.875,0.875,1.,1.,1.,1.,1.,1.,1.,      391P    488
1.,1.,1.,1.,1.,1.,1.,1.,1.,1.,1.,1.,1.,0.992299694,0.892960561,      391P    489
0.,0.988400026,0.904542653,0.,0.982633768,0.915399194,0.,            391P    490
0.976867509,0.926255736,0.,0.96937763,0.936117545,0.,                391P    491
0.961887751,0.945979354,0.,0.952859959,0.954601913,0.,               391P    492
0.943832166,0.963224472,0.,0.9334903,0.97039399,0.,0.923148433,      391P    493
0.977563508,0.,0.911748912,0.98310222,0.,0.900349391,                391P    494
0.988640933,0.,0.888174861,0.992411512,0.,0.87600033,                391P    495
0.99618209,0.,0.86335265,0.998091045,0.,0.850704971,1.,0.,           391P    496
0.837897733,1.,0.,0.,1.,0.,0.,-1.;                                   391P    497
126,3,3,1,0,0,0,0.,0.,0.,0.,1.,1.,1.,1.,1.,0.871821052877674,        393P    498
0.871821052877674,1.,47.359501114,51.181,2.814900022,                393P    499
50.631419154,51.181,3.861532039,52.656793749,51.181,6.63718648,      393P    500
52.656793749,51.181,10.074521954,0.,1.,0.,1.,0.;                     393P    501
126,1,1,1,0,1,0,0.,0.,1.,1.,1.,1.,0.837897733,1.,0.,                 395P    502
0.034429231,1.,0.,0.,1.,0.,0.,1.;                                    395P    503
110,52.656793749,51.181,10.074521954,52.656793749,51.181,            397P    504
47.851746649;                                                        397P    505
126,1,1,1,0,1,0,0.,0.,1.,1.,1.,1.,0.034429231,1.,0.,                 399P    506
0.027736594,0.764882003,0.,0.,1.,0.,0.,1.;                           399P    507
110,52.656793749,51.181,47.851746649,41.021,51.181,                  401P    508
48.166418946;                                                        401P    509
102,19,327,331,335,339,343,347,351,355,359,363,367,371,375,379,      403P    510
383,387,391,395,399;                                                 403P    511
102,19,329,333,337,341,345,349,353,357,361,365,369,373,377,381,      405P    512
385,389,393,397,401;                                                 405P    513
142,1,325,403,405,1;                                                 407P    514
144,325,1,0,407;                                                     409P    515
128,1,1,1,1,0,0,1,0,0,0.,0.,1.,1.,0.,0.,1.,1.,1.,1.,1.,1.,           411P    516
14.605,13.746734,13.858477385,14.605,13.746734,75.50995838,          411P    517
14.605,51.181,13.858477385,14.605,51.181,75.50995838,0.,1.,0.,       411P    518
1.;                                                                  411P    519
126,1,1,1,0,1,0,0.,0.,1.,1.,1.,1.,0.463241469,1.,0.,                 413P    520
0.463241469,0.954643236,0.,0.,1.,0.,0.,1.;                           413P    521
110,14.605,51.181,42.418,14.605,49.483102828,42.418;                 415P    522
126,1,1,1,0,1,0,0.,0.,1.,1.,1.,1.,0.463241469,0.954643236,0.,        417P    523
0.52749137,0.883215241,0.,0.,1.,0.,0.,1.;                            417P    524
110,14.605,49.483102828,42.418,14.605,46.809248278,                  419P    525
46.379101575;                                                        419P    526
126,8,2,1,0,1,0,0.,0.,0.,0.25,0.25,0.5,0.5,0.75,0.75,1.,1.,1.,       421P    527
1.,1.,1.,1.,1.,1.,1.,1.,1.,0.52749137,0.883215241,0.,                421P    528
0.531682618,0.878555741,0.,0.535065256,0.872365237,0.,               421P    529
0.538447893,0.866174732,0.,0.540821109,0.858820725,0.,               421P    530
0.543194324,0.851466718,0.,0.544417231,0.843385781,0.,               421P    531
0.545640138,0.835304844,0.,0.545640138,0.826976706,0.,0.,1.,0.,      421P    532
0.,1.;                                                               421P    533
124,-3.42588089593536E-017,-5.07516843596462E-017,1.,-30.353,        423P    534
0.828837904855204,-0.559488809070598,0.,57.6102101202817,            423P    535
0.559488809070598,0.828837904855204,6.12323399573677E-017,           423P    536
-0.265703755123128;                                                  423P    537
100,44.958,14.605,44.704,17.145,44.704,16.026101575,                 425P    538
46.809248278;                                                        425P    539
126,16,2,1,0,1,0,0.,0.,0.,0.125,0.125,0.25,0.25,0.375,0.375,         427P    540
0.5,0.5,0.625,0.625,0.75,0.75,0.875,0.875,1.,1.,1.,1.,1.,1.,1.,      427P    541
1.,1.,1.,1.,1.,1.,1.,1.,1.,1.,1.,1.,1.,0.545640138,0.826976706,      427P    542
0.,0.545640138,0.817447756,0.,0.544046464,0.808287405,0.,            427P    543
0.54245279,0.799127054,0.,0.539388735,0.791043984,0.,                427P    544
0.536324679,0.782960915,0.,0.532027291,0.776580465,0.,               427P    545
0.527729903,0.770200016,0.,0.522531644,0.766015805,0.,               427P    546
0.517333386,0.761831594,0.,0.511636416,0.760167328,0.,               427P    547
0.505939447,0.758503062,0.,0.500184507,0.759487497,0.,               427P    548
0.494429567,0.760471931,0.,0.489061881,0.764028906,0.,               427P    549
0.483694196,0.76758588,0.,0.479129032,0.773440213,0.,0.,1.,0.,       427P    550
0.,1.;                                                               427P    551
124,-6.12323399573677E-017,4.27583144589696E-031,1.,-30.353,         429P    552
-6.98296267768627E-015,-1.,0.,89.4080000000001,1.,                   429P    553
-6.98296267768627E-015,6.12323399573677E-017,30.3530000000003;       429P    554
100,44.958,14.605,44.704,17.145,44.704,13.044491805,                 431P    555
46.708099342;                                                        431P    556
126,1,1,1,0,1,0,0.,0.,1.,1.,1.,1.,0.479129032,0.773440213,0.,        433P    557
0.337828291,0.954643236,0.,0.,1.,0.,0.,1.;                           433P    558
110,14.605,42.699900658,43.397491805,14.605,49.483102828,            435P    559
34.68609186;                                                         435P    560
126,1,1,1,0,1,0,0.,0.,1.,1.,1.,1.,0.337828291,0.954643236,0.,        437P    561
0.337828291,1.,0.,0.,1.,0.,0.,1.;                                    437P    562
110,14.605,49.483102828,34.68609186,14.605,51.181,34.68609186;       439P    563
126,1,1,1,0,1,0,0.,0.,1.,1.,1.,1.,0.337828291,1.,0.,0.01712477,      441P    564
1.,0.,0.,1.,0.,0.,1.;                                                441P    565
110,14.605,51.181,34.68609186,14.605,51.181,14.914244792;            443P    566
126,4,2,1,0,1,0,0.,0.,0.,0.5,0.5,1.,1.,1.,1.,1.,1.,1.,1.,            445P    567
0.01712477,1.,0.,0.011542616,0.95735616,0.,0.008735735,              445P    568
0.913978217,0.,0.005928854,0.870600273,0.,0.005928854,               445P    569
0.826976706,0.,0.,1.,0.,0.,-1.;                                      445P    570
124,-5.98571429847725E-017,-1.2904336106718E-017,-1.,59.563,         447P    571
0.210743801652892,-0.977541329082759,0.,85.3260943521752,            447P    572
-0.977541329082759,-0.210743801652892,6.12323399573677E-017,         447P    573
68.6560820203446;                                                    447P    574
100,44.958,14.605,44.704,45.339,44.704,44.648755208,51.181;          449P    575
126,64,2,1,0,1,0,0.,0.,0.,0.03125,0.03125,0.0625,0.0625,             451P    576
0.09375,0.09375,0.125,0.125,0.15625,0.15625,0.1875,0.1875,           451P    577
0.21875,0.21875,0.25,0.25,0.28125,0.28125,0.3125,0.3125,             451P    578
0.34375,0.34375,0.375,0.375,0.40625,0.40625,0.4375,0.4375,           451P    579
0.46875,0.46875,0.5,0.5,0.53125,0.53125,0.5625,0.5625,0.59375,       451P    580
0.59375,0.625,0.625,0.65625,0.65625,0.6875,0.6875,0.71875,           451P    581
0.71875,0.75,0.75,0.78125,0.78125,0.8125,0.8125,0.84375,             451P    582
0.84375,0.875,0.875,0.90625,0.90625,0.9375,0.9375,0.96875,           451P    583
0.96875,1.,1.,1.,1.,1.,1.,1.,1.,1.,1.,1.,1.,1.,1.,1.,1.,1.,1.,       451P    584
1.,1.,1.,1.,1.,1.,1.,1.,1.,1.,1.,1.,1.,1.,1.,1.,1.,1.,1.,1.,1.,      451P    585
1.,1.,1.,1.,1.,1.,1.,1.,1.,1.,1.,1.,1.,1.,1.,1.,1.,1.,1.,1.,1.,      451P    586
1.,1.,1.,1.,1.,1.,1.,1.,0.005928854,0.826976706,0.,0.005928854,      451P    587
0.789073612,0.,0.008049317,0.751331742,0.,0.01016978,                451P    588
0.713589873,0.,0.014392667,0.676330303,0.,0.018615554,               451P    589
0.639070734,0.,0.024904941,0.602610439,0.,0.031194327,               451P    590
0.566150143,0.,0.039496707,0.530799296,0.,0.047799088,               451P    591
0.495448449,0.,0.058043833,0.461507786,0.,0.068288578,               451P    592
0.427567122,0.,0.080388534,0.395325381,0.,0.09248849,                451P    593
0.363083641,0.,0.10634072,0.332815109,0.,0.12019295,                 451P    594
0.302546577,0.,0.135679611,0.274508753,0.,0.151166272,               451P    595
0.24647093,0.,0.168155617,0.220902337,0.,0.185144961,                451P    596
0.195333744,0.,0.203492458,0.172451899,0.,0.221839955,               451P    597
0.149570053,0.,0.241389518,0.129569615,0.,0.260939082,               451P    598
0.109569176,0.,0.2815244,0.092620292,0.,0.302109719,                 451P    599
0.075671407,0.,0.323555671,0.061918264,0.,0.345001622,               451P    600
0.048165121,0.,0.367125762,0.03772472,0.,0.389249901,                451P    601
0.027284318,0.,0.411864015,0.020245476,0.,0.434478129,               451P    602
0.013206635,0.,0.457389835,0.009629233,0.,0.480301541,               451P    603
0.006051832,0.,0.503315926,0.005966305,0.,0.52633031,                451P    604
0.005880778,0.,0.549251586,0.009287852,0.,0.572172861,               451P    605
0.012694926,0.,0.594806033,0.019565618,0.,0.617439204,               451P    606
0.026436309,0.,0.639591728,0.036712167,0.,0.661744251,               451P    607
0.046988026,0.,0.68322767,0.060581633,0.,0.70471109,                 451P    608
0.074175239,0.,0.725342643,0.090970951,0.,0.745974195,               451P    609
0.107766663,0.,0.765578365,0.127621597,0.,0.785182535,               451P    610
0.14747653,0.,0.803592546,0.170221775,0.,0.822002557,                451P    611
0.192967021,0.,0.839061792,0.21840908,0.,0.856121027,                451P    612
0.24385114,0.,0.87168436,0.271773574,0.,0.887247693,                 451P    613
0.299696008,0.,0.901182725,0.329861276,0.,0.915117756,               451P    614
0.360026543,0.,0.927305938,0.392178023,0.,0.93949412,                451P    615
0.424329503,0.,0.949831765,0.458193677,0.,0.960169411,               451P    616
0.492057851,0.,0.968568575,0.527346631,0.,0.97696774,                451P    617
0.562635411,0.,0.983356972,0.599048589,0.,0.989746203,               451P    618
0.635461768,0.,0.994071146,0.672689571,0.,0.,1.,0.,0.,-1.;           451P    619
124,-6.12323399573677E-017,4.27583144589696E-031,-1.,59.563,         453P    620
-6.98296267768627E-015,-1.,0.,89.4080000000001,-1.,                  453P    621
6.98296267768627E-015,6.12323399573677E-017,59.5629999999997;        453P    622
100,44.958,14.605,44.704,45.339,44.704,-15.581435765,                455P    623
50.479625663;                                                        455P    624
126,1,1,1,0,1,0,0.,0.,1.,1.,1.,1.,0.994071146,0.672689571,0.,        457P    625
0.585817786,0.993386189,0.,0.,1.,0.,0.,1.;                           457P    626
110,14.605,38.928374337,75.144435765,14.605,50.933416824,            459P    627
49.975011476;                                                        459P    628
126,4,2,1,0,1,0,0.,0.,0.,0.5,0.5,1.,1.,1.,1.,1.,1.,1.,1.,            461P    629
0.585817786,0.993386189,0.,0.581660609,0.996651789,0.,               461P    630
0.5771681,0.998325895,0.,0.572675591,1.,0.,0.568069435,1.,0.,        461P    631
0.,1.,0.,0.,-1.;                                                     461P    632
126,3,3,1,0,0,0,0.,0.,0.,0.,1.,1.,1.,1.,1.,0.983551469126938,        463P    633
0.983551469126938,1.,14.605,50.933416824,49.975011476,14.605,        463P    634
51.097092113,49.631854606,14.605,51.181,49.261017515,14.605,         463P    635
51.181,48.88079938,0.,1.,1.,0.,0.;                                   463P    636
126,1,1,1,0,1,0,0.,0.,1.,1.,1.,1.,0.568069435,1.,0.,                 465P    637
0.463241469,1.,0.,0.,1.,0.,0.,1.;                                    465P    638
110,14.605,51.181,48.88079938,14.605,51.181,42.418;                  467P    639
102,12,413,417,421,427,433,437,441,445,451,457,461,465;              469P    640
102,12,415,419,425,431,435,439,443,449,455,459,463,467;              471P    641
142,1,411,469,471,1;                                                 473P    642
144,411,1,0,473;                                                     475P    643
128,1,1,1,1,0,0,1,0,0,0.,0.,1.,1.,0.,0.,1.,1.,1.,1.,1.,1.,           477P    644
41.021,13.746734,75.448318916,41.021,13.746734,13.858845016,         477P    645
41.021,51.181,75.448318916,41.021,51.181,13.858845016,0.,1.,0.,      477P    646
1.;                                                                  477P    647
126,64,2,1,0,1,0,0.,0.,0.,0.03125,0.03125,0.0625,0.0625,             479P    648
0.09375,0.09375,0.125,0.125,0.15625,0.15625,0.1875,0.1875,           479P    649
0.21875,0.21875,0.25,0.25,0.28125,0.28125,0.3125,0.3125,             479P    650
0.34375,0.34375,0.375,0.375,0.40625,0.40625,0.4375,0.4375,           479P    651
0.46875,0.46875,0.5,0.5,0.53125,0.53125,0.5625,0.5625,0.59375,       479P    652
0.59375,0.625,0.625,0.65625,0.65625,0.6875,0.6875,0.71875,           479P    653
0.71875,0.75,0.75,0.78125,0.78125,0.8125,0.8125,0.84375,             479P    654
0.84375,0.875,0.875,0.90625,0.90625,0.9375,0.9375,0.96875,           479P    655
0.96875,1.,1.,1.,1.,1.,1.,1.,1.,1.,1.,1.,1.,1.,1.,1.,1.,1.,1.,       479P    656
1.,1.,1.,1.,1.,1.,1.,1.,1.,1.,1.,1.,1.,1.,1.,1.,1.,1.,1.,1.,1.,      479P    657
1.,1.,1.,1.,1.,1.,1.,1.,1.,1.,1.,1.,1.,1.,1.,1.,1.,1.,1.,1.,1.,      479P    658
1.,1.,1.,1.,1.,1.,1.,1.,0.005928854,0.664367977,0.,0.010475669,      479P    659
0.627345906,0.,0.017069306,0.591167054,0.,0.023662943,               479P    660
0.554988201,0.,0.0322477,0.5199582,0.,0.040832457,0.484928198,       479P    661
0.,0.051335811,0.451342974,0.,0.061839166,0.417757749,0.,            479P    662
0.074172388,0.385901022,0.,0.086505611,0.354044295,0.,               479P    663
0.100564513,0.324185185,0.,0.114623414,0.294326074,0.,               479P    664
0.130289229,0.266716824,0.,0.145955043,0.239107574,0.,               479P    665
0.163095428,0.21398142,0.,0.180235814,0.188855267,0.,                479P    666
0.198705972,0.166424472,0.,0.21717613,0.143993676,0.,                479P    667
0.236820029,0.124447729,0.,0.256463928,0.104901782,0.,               479P    668
0.27711562,0.088405803,0.,0.297767312,0.071909824,0.,                479P    669
0.319252336,0.058603167,0.,0.34073736,0.045296511,0.,                479P    670
0.362874216,0.03529159,0.,0.385011071,0.025286668,0.,                479P    671
0.40761275,0.018668001,0.,0.430214429,0.012049333,0.,                479P    672
0.453089998,0.008872833,0.,0.475965566,0.005696333,0.,               479P    673
0.498921776,0.005988834,0.,0.521877986,0.006281336,0.,               479P    674
0.544720909,0.010040368,0.,0.567563831,0.0137994,0.,                 479P    675
0.590100493,0.020993207,0.,0.612637156,0.028187014,0.,               479P    676
0.634677173,0.038754825,0.,0.656717191,0.049322635,0.,               479P    677
0.678074374,0.063175175,0.,0.699431557,0.077027714,0.,               479P    678
0.719925485,0.094047959,0.,0.740419413,0.111068203,0.,               479P    679
0.759876957,0.13111237,0.,0.779334501,0.151156537,0.,                479P    680
0.797591289,0.174055296,0.,0.815848076,0.196954056,0.,               479P    681
0.832749877,0.222513965,0.,0.849651678,0.248073874,0.,               479P    682
0.86505571,0.276079007,0.,0.880459742,0.304084141,0.,                479P    683
0.894235874,0.334297917,0.,0.908012007,0.364511693,0.,               479P    684
0.920043862,0.396678873,0.,0.932075718,0.428846053,0.,               479P    685
0.942261654,0.462694895,0.,0.95244759,0.496543736,0.,                479P    686
0.960701557,0.531788292,0.,0.968955525,0.567032848,0.,               479P    687
0.975207796,0.603375379,0.,0.981460068,0.63971791,0.,                479P    688
0.985657825,0.676851402,0.,0.989855583,0.713984895,0.,               479P    689
0.991963364,0.751595653,0.,0.994071146,0.789206411,0.,               479P    690
0.994071146,0.826976706,0.,0.,1.,0.,0.,-1.;                          479P    691
124,-6.00193362140803E-017,1.2127602280576E-017,1.,                  481P    692
-3.93700000000002,-0.198058775624444,-0.980190145532053,0.,          481P    693
96.6469893007552,0.980190145532053,-0.198058775624444,               481P    694
6.12323399573677E-017,13.6036395456449;                              481P    695
100,44.958,41.021,44.704,71.755,44.704,10.895836067,                 483P    696
50.79113841;                                                         483P    697
126,4,2,1,0,1,0,0.,0.,0.,0.5,0.5,1.,1.,1.,1.,1.,1.,1.,1.,            485P    698
0.994071146,0.826976706,0.,0.994071146,0.870600273,0.,               485P    699
0.991261439,0.913978217,0.,0.988451732,0.95735616,0.,                485P    700
0.982863959,1.,0.,0.,1.,0.,0.,-1.;                                   485P    701
124,6.12323399573677E-017,0.,1.,-3.93700000000002,0.,1.,0.,0.,       487P    702
-1.,0.,6.12323399573677E-017,85.979;                                 487P    703
100,44.958,41.021,44.704,71.755,44.704,71.064755208,51.181;          489P    704
126,1,1,1,0,1,0,0.,0.,1.,1.,1.,1.,0.982863959,1.,0.,                 491P    705
0.661837559,1.,0.,0.,1.,0.,0.,1.;                                    491P    706
110,41.021,51.181,14.914244792,41.021,51.181,34.68609186;            493P    707
126,1,1,1,0,1,0,0.,0.,1.,1.,1.,1.,0.661837559,1.,0.,                 495P    708
0.661837559,0.954643236,0.,0.,1.,0.,0.,1.;                           495P    709
110,41.021,51.181,34.68609186,41.021,49.483102828,34.68609186;       497P    710
126,1,1,1,0,1,0,0.,0.,1.,1.,1.,1.,0.661837559,0.954643236,0.,        499P    711
0.520394559,0.773440213,0.,0.,1.,0.,0.,1.;                           499P    712
110,41.021,49.483102828,34.68609186,41.021,42.699900658,             501P    713
43.397491805;                                                        501P    714
126,16,2,1,0,1,0,0.,0.,0.,0.125,0.125,0.25,0.25,0.375,0.375,         503P    715
0.5,0.5,0.625,0.625,0.75,0.75,0.875,0.875,1.,1.,1.,1.,1.,1.,1.,      503P    716
1.,1.,1.,1.,1.,1.,1.,1.,1.,1.,1.,1.,1.,0.520394559,0.773440213,      503P    717
0.,0.515824799,0.76758588,0.,0.51045171,0.764028906,0.,              503P    718
0.50507862,0.760471931,0.,0.499317886,0.759487497,0.,                503P    719
0.493557152,0.758503062,0.,0.487854447,0.760167328,0.,               503P    720
0.482151742,0.761831594,0.,0.47694825,0.766015805,0.,                503P    721
0.471744758,0.770200016,0.,0.467443043,0.776580465,0.,               503P    722
0.463141328,0.782960915,0.,0.460074188,0.791043984,0.,               503P    723
0.457007048,0.799127054,0.,0.455411769,0.808287405,0.,               503P    724
0.453816491,0.817447756,0.,0.453816491,0.826976706,0.,0.,1.,0.,      503P    725
0.,1.;                                                               503P    726
124,-3.76195150840707E-017,4.83132646536541E-017,-1.,85.979,         505P    727
-0.789015488993098,-0.614373305189103,0.,104.53514860916,            505P    728
-0.614373305189103,0.789015488993098,6.12323399573677E-017,          505P    729
34.8880589322147;                                                    505P    730
100,44.958,41.021,44.704,43.561,44.704,39.460491805,                 507P    731
46.708099342;                                                        507P    732
126,8,2,1,0,1,0,0.,0.,0.,0.25,0.25,0.5,0.5,0.75,0.75,1.,1.,1.,       509P    733
1.,1.,1.,1.,1.,1.,1.,1.,1.,0.453816491,0.826976706,0.,               509P    734
0.453816491,0.835304844,0.,0.455040629,0.843385781,0.,               509P    735
0.456264767,0.851466718,0.,0.458640372,0.858820725,0.,               509P    736
0.461015977,0.866174732,0.,0.46440202,0.872365237,0.,                509P    737
0.467788063,0.878555741,0.,0.471983531,0.883215241,0.,0.,1.,0.,      509P    738
0.,1.;                                                               509P    739
124,6.12323399573677E-017,0.,-1.,85.979,0.,1.,0.,0.,1.,0.,           511P    740
6.12323399573677E-017,3.937;                                         511P    741
100,44.958,41.021,44.704,43.561,44.704,42.442101575,                 513P    742
46.809248278;                                                        513P    743
126,1,1,1,0,1,0,0.,0.,1.,1.,1.,1.,0.471983531,0.883215241,0.,        515P    744
0.536298118,0.954643236,0.,0.,1.,0.,0.,1.;                           515P    745
110,41.021,46.809248278,46.379101575,41.021,49.483102828,            517P    746
42.418;                                                              517P    747
126,1,1,1,0,1,0,0.,0.,1.,1.,1.,1.,0.536298118,0.954643236,0.,        519P    748
0.536298118,1.,0.,0.,1.,0.,0.,1.;                                    519P    749
110,41.021,49.483102828,42.418,41.021,51.181,42.418;                 521P    750
126,1,1,1,0,1,0,0.,0.,1.,1.,1.,1.,0.536298118,1.,0.,                 523P    751
0.442963679,1.,0.,0.,1.,0.,0.,1.;                                    523P    752
110,41.021,51.181,42.418,41.021,51.181,48.166418946;                 525P    753
126,4,2,1,0,1,0,0.,0.,0.,0.5,0.5,1.,1.,1.,1.,1.,1.,1.,1.,            527P    754
0.442963679,1.,0.,0.438352886,1.,0.,0.433855854,0.998325895,0.,      527P    755
0.429358822,0.996651789,0.,0.42519746,0.993386189,0.,0.,1.,0.,       527P    756
0.,-1.;                                                              527P    757
126,3,3,1,0,0,0,0.,0.,0.,0.,1.,1.,1.,1.,1.,0.983551469126937,        529P    758
0.983551469126937,1.,41.021,51.181,48.166418946,41.021,51.181,       529P    759
48.546637081,41.021,51.097092113,48.917474172,41.021,                529P    760
50.933416824,49.260631042,0.,1.,-1.,0.,0.;                           529P    761
126,1,1,1,0,1,0,0.,0.,1.,1.,1.,1.,0.42519746,0.993386189,0.,         531P    762
0.005928854,0.664367977,0.,0.,1.,0.,0.,1.;                           531P    763
110,41.021,50.933416824,49.260631042,41.021,38.61686159,             533P    764
75.083163933;                                                        533P    765
102,12,479,485,491,495,499,503,509,515,519,523,527,531;              535P    766
102,12,483,489,493,497,501,507,513,517,521,525,529,533;              537P    767
142,1,477,535,537,1;                                                 539P    768
144,477,1,0,539;                                                     541P    769
128,1,1,1,1,0,0,1,0,0,0.,0.,1.,1.,0.,0.,1.,1.,1.,1.,1.,1.,0.,        543P    770
0.,7.779118173,0.627838315,48.673760499,7.779118173,0.,0.,           543P    771
108.172690269,0.627838315,48.673760499,108.172690269,0.,1.,0.,       543P    772
1.;                                                                  543P    773
126,32,2,1,0,1,0,0.,0.,0.,0.0625,0.0625,0.125,0.125,0.1875,          545P    774
0.1875,0.25,0.25,0.3125,0.3125,0.375,0.375,0.4375,0.4375,0.5,        545P    775
0.5,0.5625,0.5625,0.625,0.625,0.6875,0.6875,0.75,0.75,0.8125,        545P    776
0.8125,0.875,0.875,0.9375,0.9375,1.,1.,1.,1.,1.,1.,1.,1.,1.,1.,      545P    777
1.,1.,1.,1.,1.,1.,1.,1.,1.,1.,1.,1.,1.,1.,1.,1.,1.,1.,1.,1.,1.,      545P    778
1.,1.,1.,1.,1.,0.618804104,0.800028682,0.,0.614870192,               545P    779
0.804028088,0.,0.611922785,0.808222276,0.,0.608975379,               545P    780
0.812416464,0.,0.607054521,0.816748452,0.,0.605133663,               545P    781
0.82108044,0.,0.604265451,0.825491375,0.,0.603397239,                545P    782
0.82990231,0.,0.603593467,0.834332266,0.,0.603789695,                545P    783
0.838762222,0.,0.605047698,0.843151014,0.,0.6063057,                 545P    784
0.847539807,0.,0.608608387,0.851827812,0.,0.610911074,               545P    785
0.856115816,0.,0.61422716,0.860244777,0.,0.617543247,                545P    786
0.864373738,0.,0.621827682,0.86828756,0.,0.626112117,                545P    787
0.872201381,0.,0.631306693,0.875846892,0.,0.636501269,               545P    788
0.879492403,0.,0.642535415,0.882820075,0.,0.64856956,                545P    789
0.886147748,0.,0.655361296,0.889112373,0.,0.662153032,               545P    790
0.892076999,0.,0.669610089,0.894638301,0.,0.677067145,               545P    791
0.897199603,0.,0.685088211,0.899322784,0.,0.693109278,               545P    792
0.901445965,0.,0.701585382,0.90310218,0.,0.710061487,                545P    793
0.904758395,0.,0.718877475,0.905925144,0.,0.727693464,               545P    794
0.907091892,0.,0.736729565,0.907753323,0.,0.,1.,0.,0.,1.;            545P    795
124,-0.011641603011262,-0.00555222527202837,-0.999916819477429,      547P    796
92.0576797252089,-0.902526308517101,-0.430441527165248,              547P    797
0.0128978341648191,52.173855977005,-0.430477334494887,               547P    798
0.902601387372176,6.12323399573677E-017,58.189185227756;             547P    799
100,91.377092577,0.477217941,36.996773242,8.097217941,               549P    800
36.996773242,-1.739585514,44.287190407;                              549P    801
126,1,1,1,0,1,0,0.,0.,1.,1.,1.,1.,0.736729565,0.907753323,0.,        551P    802
1.,0.927024372,0.,0.,1.,0.,0.,1.;                                    551P    803
110,0.462547048,35.859398383,98.911716867,0.627838315,               553P    804
48.673760499,100.846406338;                                          553P    805
126,1,1,1,0,1,0,0.,0.,1.,1.,1.,1.,1.,0.927024372,0.,1.,              555P    806
0.977140529,0.,0.,1.,0.,0.,1.;                                       555P    807
110,0.627838315,48.673760499,100.846406338,0.627838315,              557P    808
48.673760499,105.877746291;                                          557P    809
126,1,1,1,0,1,0,0.,0.,1.,1.,1.,1.,1.,0.977140529,0.,0.,              559P    810
0.994071146,0.,0.,1.,0.,0.,1.;                                       559P    811
110,0.627838315,48.673760499,105.877746291,0.,0.,107.577471462;      561P    812
126,1,1,1,0,1,0,0.,0.,1.,1.,1.,1.,0.,0.994071146,0.,0.,              563P    813
0.005928854,0.,0.,1.,0.,0.,1.;                                       563P    814
110,0.,0.,107.577471462,0.,0.,8.374336979;                           565P    815
126,1,1,1,0,1,0,0.,0.,1.,1.,1.,1.,0.,0.005928854,0.,1.,              567P    816
0.022859471,0.,0.,1.,0.,0.,1.;                                       567P    817
110,0.,0.,8.374336979,0.627838315,48.673760499,10.07406215;          569P    818
126,1,1,1,0,1,0,0.,0.,1.,1.,1.,1.,1.,0.022859471,0.,1.,              571P    819
0.412486444,0.,0.,1.,0.,0.,1.;                                       571P    820
110,0.627838315,48.673760499,10.07406215,0.627838315,                573P    821
48.673760499,49.190105689;                                           573P    822
126,1,1,1,0,1,0,0.,0.,1.,1.,1.,1.,1.,0.412486444,0.,                 575P    823
0.618804104,0.800028682,0.,0.,1.,0.,0.,1.;                           575P    824
110,0.627838315,48.673760499,49.190105689,0.388508926,               577P    825
30.119522771,88.096855288;                                           577P    826
102,8,545,551,555,559,563,567,571,575;                               579P    827
102,8,549,553,557,561,565,569,573,577;                               581P    828
142,1,543,579,581,1;                                                 583P    829
144,543,1,0,583;                                                     585P    830
128,1,1,1,1,0,0,1,0,0,0.,0.,1.,1.,0.,0.,1.,1.,1.,1.,1.,1.,0.,        587P    831
0.,-1.787279903,0.,0.,112.658279903,55.7403,0.,-1.787279903,         587P    832
55.7403,0.,112.658279903,0.,1.,0.,1.;                                587P    833
126,16,2,1,0,1,0,0.,0.,0.,0.125,0.125,0.25,0.25,0.375,0.375,         589P    834
0.5,0.5,0.625,0.625,0.75,0.75,0.875,0.875,1.,1.,1.,1.,1.,1.,1.,      589P    835
1.,1.,1.,1.,1.,1.,1.,1.,1.,1.,1.,1.,1.,0.088795319,1.,0.,            589P    836
0.080048518,1.,0.,0.071470367,0.996499173,0.,0.062892216,            589P    837
0.992998346,0.,0.054812205,0.98613116,0.,0.046732194,                589P    838
0.979263974,0.,0.039460679,0.969294201,0.,0.032189164,               589P    839
0.959324428,0.,0.026005447,0.94663501,0.,0.019821731,                589P    840
0.933945593,0.,0.014963332,0.919023938,0.,0.010104933,               589P    841
0.904102283,0.,0.006758465,0.887521537,0.,0.003411996,               589P    842
0.870940791,0.,0.001705998,0.853337827,0.,0.,0.835734864,0.,0.,      589P    843
0.817785821,0.,0.,1.,0.,0.,-1.;                                      589P    844
126,3,3,1,0,0,0,0.,0.,0.,0.,1.,1.,1.,1.,1.,0.804829727337045,        591P    845
0.804829727337045,1.,55.7403,0.,8.374950051,55.7403,0.,              591P    846
2.421573062,51.533748528,0.,-1.787279903,45.583626978,0.,            591P    847
-1.787279903,0.,1.,0.,-1.,0.;                                        591P    848
126,1,1,1,0,1,0,0.,0.,1.,1.,1.,1.,0.,0.817785821,0.,0.,              593P    849
0.182206976,0.,0.,1.,0.,0.,1.;                                       593P    850
110,45.583626978,0.,-1.787279903,10.156271504,0.,-1.787279903;       595P    851
126,16,2,1,0,1,0,0.,0.,0.,0.125,0.125,0.25,0.25,0.375,0.375,         597P    852
0.5,0.5,0.625,0.625,0.75,0.75,0.875,0.875,1.,1.,1.,1.,1.,1.,1.,      597P    853
1.,1.,1.,1.,1.,1.,1.,1.,1.,1.,1.,1.,1.,0.,0.182206976,0.,0.,         597P    854
0.164258254,0.,0.001705868,0.14665579,0.,0.003411735,                597P    855
0.129053326,0.,0.006757952,0.112473186,0.,0.010104169,               597P    856
0.095893047,0.,0.014962216,0.080972034,0.,0.019820263,               597P    857
0.066051021,0.,0.026003554,0.053362214,0.,0.032186845,               597P    858
0.040673406,0.,0.039457896,0.030704148,0.,0.046728946,               597P    859
0.02073489,0.,0.054808494,0.013868077,0.,0.062888041,                597P    860
0.007001264,0.,0.071465771,0.003500632,0.,0.0800435,0.,0.,           597P    861
0.088789962,0.,0.,0.,1.,0.,0.,-1.;                                   597P    862
126,3,3,1,0,0,0,0.,0.,0.,0.,1.,1.,1.,1.,1.,0.804843938356263,        599P    863
0.804843938356263,1.,10.156271504,0.,-1.787279903,4.206310905,       599P    864
0.,-1.787279903,0.,0.,2.421244838,0.,0.,8.374336979,0.,1.,0.,        599P    865
-1.,0.;                                                              599P    866
126,1,1,1,0,1,0,0.,0.,1.,1.,1.,1.,0.088789962,0.,0.,                 601P    867
0.955605019,0.,0.,0.,1.,0.,0.,1.;                                    601P    868
110,0.,0.,8.374336979,0.,0.,107.577471462;                           603P    869
126,16,2,1,0,1,0,0.,0.,0.,0.125,0.125,0.25,0.25,0.375,0.375,         605P    870
0.5,0.5,0.625,0.625,0.75,0.75,0.875,0.875,1.,1.,1.,1.,1.,1.,1.,      605P    871
1.,1.,1.,1.,1.,1.,1.,1.,1.,1.,1.,1.,1.,0.955605019,0.,0.,            605P    872
0.95997825,0.,0.,0.964267115,0.001750316,0.,0.968555979,             605P    873
0.003500632,0.,0.972595753,0.006934039,0.,0.976635527,               605P    874
0.010367445,0.,0.980271052,0.015352074,0.,0.983906578,               605P    875
0.020336703,0.,0.986998223,0.026681107,0.,0.990089869,               605P    876
0.033025511,0.,0.992518892,0.040486017,0.,0.994947915,               605P    877
0.047946524,0.,0.996621024,0.056236593,0.,0.998294132,               605P    878
0.064526663,0.,0.999147066,0.073327895,0.,1.,0.082129127,0.,1.,      605P    879
0.091103488,0.,0.,1.,0.,0.,-1.;                                      605P    880
126,3,3,1,0,0,0,0.,0.,0.,0.,1.,1.,1.,1.,1.,0.804843938356264,        607P    881
0.804843938356264,1.,0.,0.,107.577471462,0.,0.,110.554017533,        607P    882
2.103155453,0.,112.658279903,5.078135752,0.,112.658279903,0.,        607P    883
1.,0.,-1.,0.;                                                        607P    884
126,1,1,1,0,1,0,0.,0.,1.,1.,1.,1.,1.,0.091103488,0.,1.,              609P    885
0.90889291,0.,0.,1.,0.,0.,1.;                                        609P    886
110,5.078135752,0.,112.658279903,50.661963489,0.,112.658279903;      611P    887
126,16,2,1,0,1,0,0.,0.,0.,0.125,0.125,0.25,0.25,0.375,0.375,         613P    888
0.5,0.5,0.625,0.625,0.75,0.75,0.875,0.875,1.,1.,1.,1.,1.,1.,1.,      613P    889
1.,1.,1.,1.,1.,1.,1.,1.,1.,1.,1.,1.,1.,1.,0.90889291,0.,1.,          613P    890
0.917867432,0.,0.999147001,0.926668914,0.,0.998294002,               613P    891
0.935470395,0.,0.996620768,0.943760768,0.,0.994947534,               613P    892
0.952051141,0.,0.992518334,0.959511969,0.,0.990089135,               613P    893
0.966972797,0.,0.986997276,0.973317505,0.,0.983905418,               613P    894
0.979662214,0.,0.980269661,0.9846471,0.,0.976633903,                 613P    895
0.989631987,0.,0.972593897,0.99306558,0.,0.968553892,                613P    896
0.996499173,0.,0.964264816,0.998249586,0.,0.959975741,1.,0.,         613P    897
0.955602341,1.,0.,0.,1.,0.,0.,-1.;                                   613P    898
126,3,3,1,0,0,0,0.,0.,0.,0.,1.,1.,1.,1.,1.,0.804829727337046,        615P    899
0.804829727337046,1.,50.661963489,0.,112.658279903,                  615P    900
53.637024264,0.,112.658279903,55.7403,0.,110.553853421,55.7403,      615P    901
0.,107.577164926,0.,1.,0.,-1.,0.;                                    615P    902
126,1,1,1,0,1,0,0.,0.,1.,1.,1.,1.,0.955602341,1.,0.,                 617P    903
0.088795319,1.,0.,0.,1.,0.,0.,1.;                                    617P    904
110,55.7403,0.,107.577164926,55.7403,0.,8.374950051;                 619P    905
102,8,589,593,597,601,605,609,613,617;                               621P    906
102,8,591,595,599,603,607,611,615,619;                               623P    907
142,1,587,621,623,1;                                                 625P    908
144,587,1,0,625;                                                     627P    909
128,1,1,1,1,0,0,1,0,0,0.,0.,1.,1.,0.,0.,1.,1.,1.,1.,1.,1.,           629P    910
55.196635291,48.669371482,7.779736761,55.7403,0.,7.779736761,        629P    911
55.196635291,48.669371482,108.172378216,55.7403,0.,                  629P    912
108.172378216,0.,1.,0.,1.;                                           629P    913
126,16,2,1,0,1,0,0.,0.,0.,0.125,0.125,0.25,0.25,0.375,0.375,         631P    914
0.5,0.5,0.625,0.625,0.75,0.75,0.875,0.875,1.,1.,1.,1.,1.,1.,1.,      631P    915
1.,1.,1.,1.,1.,1.,1.,1.,1.,1.,1.,1.,1.,0.276494003,0.907755576,      631P    916
0.,0.290282311,0.906746685,0.,0.303485901,0.904572877,0.,            631P    917
0.31668949,0.902399069,0.,0.328892896,0.899128745,0.,                631P    918
0.341096302,0.895858421,0.,0.35191553,0.891594486,0.,                631P    919
0.362734758,0.887330551,0.,0.37182937,0.882207173,0.,                631P    920
0.380923982,0.877083796,0.,0.388007805,0.87126219,0.,                631P    921
0.395091628,0.865440583,0.,0.399941762,0.85910393,0.,                631P    922
0.404791897,0.852767278,0.,0.407255727,0.846114969,0.,               631P    923
0.409719558,0.83946266,0.,0.409719558,0.832704017,0.,0.,1.,0.,       631P    924
0.,1.;                                                               631P    925
126,3,3,1,0,0,0,0.,0.,0.,0.,1.,1.,1.,1.,1.,0.838698813676131,        633P    926
0.838698813676131,1.,55.346955323,35.212582162,98.911716867,         633P    927
55.390598687,31.305587455,98.322028902,55.419385355,                 633P    928
28.728578103,95.327459947,55.419385355,28.728578103,                 633P    929
91.377092577,0.,1.,-0.999937615,-0.011169875,0.;                     633P    930
126,4,2,1,0,1,0,0.,0.,0.,0.5,0.5,1.,1.,1.,1.,1.,1.,1.,1.,            635P    931
0.409719558,0.832704017,0.,0.409719558,0.824224498,0.,               635P    932
0.405858757,0.81595403,0.,0.401997956,0.807683561,0.,                635P    933
0.394466718,0.800029936,0.,0.,1.,0.,0.,1.;                           635P    934
126,3,3,1,0,0,0,0.,0.,0.,0.,1.,1.,1.,1.,1.,0.983564298687127,        637P    935
0.983564298687127,1.,55.419385355,28.728578103,91.377092577,         637P    936
55.419385355,28.728578103,90.237309135,55.416575022,                 637P    937
28.980161767,89.125625404,55.411092925,29.470924234,                 637P    938
88.096855288,0.,1.,-0.999937615,-0.011169875,0.;                     637P    939
126,1,1,1,0,1,0,0.,0.,1.,1.,1.,1.,0.394466718,0.800029936,0.,        639P    940
0.,0.399152859,0.,0.,1.,0.,0.,1.;                                    639P    941
110,55.411092925,29.470924234,88.096855288,55.196635291,             641P    942
48.669371482,47.851746649;                                           641P    943
126,1,1,1,0,1,0,0.,0.,1.,1.,1.,1.,0.,0.399152859,0.,0.,              643P    944
0.022858102,0.,0.,1.,0.,0.,1.;                                       643P    945
110,55.196635291,48.669371482,47.851746649,55.196635291,             645P    946
48.669371482,10.074521954;                                           645P    947
126,1,1,1,0,1,0,0.,0.,1.,1.,1.,1.,0.,0.022858102,0.,1.,              647P    948
0.005928854,0.,0.,1.,0.,0.,1.;                                       647P    949
110,55.196635291,48.669371482,10.074521954,55.7403,0.,               649P    950
8.374950051;                                                         649P    951
126,1,1,1,0,1,0,0.,0.,1.,1.,1.,1.,1.,0.005928854,0.,1.,              651P    952
0.994071146,0.,0.,1.,0.,0.,1.;                                       651P    953
110,55.7403,0.,8.374950051,55.7403,0.,107.577164926;                 653P    954
126,1,1,1,0,1,0,0.,0.,1.,1.,1.,1.,1.,0.994071146,0.,0.,              655P    955
0.977141898,0.,0.,1.,0.,0.,1.;                                       655P    956
110,55.7403,0.,107.577164926,55.196635291,48.669371482,              657P    957
105.877593023;                                                       657P    958
126,1,1,1,0,1,0,0.,0.,1.,1.,1.,1.,0.,0.977141898,0.,0.,              659P    959
0.927986654,0.,0.,1.,0.,0.,1.;                                       659P    960
110,55.196635291,48.669371482,105.877593023,55.196635291,            661P    961
48.669371482,100.942768177;                                          661P    962
126,1,1,1,0,1,0,0.,0.,1.,1.,1.,1.,0.,0.927986654,0.,                 663P    963
0.276494003,0.907755576,0.,0.,1.,0.,0.,1.;                           663P    964
110,55.196635291,48.669371482,100.942768177,55.346955323,            665P    965
35.212582162,98.911716867;                                           665P    966
102,9,631,635,639,643,647,651,655,659,663;                           667P    967
102,9,633,637,641,645,649,653,657,661,665;                           669P    968
142,1,629,667,669,1;                                                 671P    969
144,629,1,0,671;                                                     673P    970
128,1,1,1,1,0,0,1,0,0,0.,0.,1.,1.,0.,0.,1.,1.,1.,1.,1.,1.,           675P    971
9.943707371,0.,-1.787279903,9.943707371,48.729644722,                675P    972
-0.085603213,45.796191111,0.,-1.787279903,45.796191111,              675P    973
48.729644722,-0.085603213,0.,1.,0.,1.;                               675P    974
126,1,1,1,0,1,0,0.,0.,1.,1.,1.,1.,0.,0.005928854,0.,1.,              677P    975
0.02346067,0.,0.,1.,0.,0.,1.;                                        677P    976
110,10.156271504,0.,-1.787279903,10.784830665,48.729644722,          679P    977
-0.085603213;                                                        679P    978
126,1,1,1,0,1,0,0.,0.,1.,1.,1.,1.,1.,0.02346067,0.,1.,               681P    979
0.978888433,0.,0.,1.,0.,0.,1.;                                       681P    980
110,10.784830665,48.729644722,-0.085603213,45.039288982,             683P    981
48.729644722,-0.085603213;                                           683P    982
126,1,1,1,0,1,0,0.,0.,1.,1.,1.,1.,1.,0.978888433,0.,0.,              685P    983
0.994071146,0.,0.,1.,0.,0.,1.;                                       685P    984
110,45.039288982,48.729644722,-0.085603213,45.583626978,0.,          687P    985
-1.787279903;                                                        687P    986
126,1,1,1,0,1,0,0.,0.,1.,1.,1.,1.,0.,0.994071146,0.,0.,              689P    987
0.005928854,0.,0.,1.,0.,0.,1.;                                       689P    988
110,45.583626978,0.,-1.787279903,10.156271504,0.,-1.787279903;       691P    989
102,4,677,681,685,689;                                               693P    990
102,4,679,683,687,691;                                               695P    991
142,1,675,693,695,1;                                                 697P    992
144,675,1,0,697;                                                     699P    993
110,41.021,44.704,44.958,1041.021,44.704,44.958;                     701P    994
110,14.605,44.704,14.224,41.021,44.704,14.224;                       703P    995
120,701,703,0.,6.28318530717959;                                     705P    996
126,1,1,1,0,1,0,0.,0.,1.,1.,1.,1.,1.,6.283185307,0.,1.,              707P    997
3.34096972,0.,0.,1.,0.,0.,1.;                                        707P    998
124,-6.12323399573677E-017,4.27583144589696E-031,-1.,85.979,         709P    999
-6.98296267768627E-015,-1.,0.,89.4080000000003,-1.,                  709P   1000
6.98296267768627E-015,6.12323399573677E-017,85.9789999999997;        709P   1001
100,44.958,41.021,44.704,71.755,44.704,10.895836067,                 711P   1002
50.79113841;                                                         711P   1003
126,1,1,1,0,1,0,0.,0.,1.,1.,1.,1.,1.,3.34096972,0.,0.,               713P   1004
3.330639701,0.,0.,1.,0.,0.,1.;                                       713P   1005
126,3,3,1,0,0,0,0.,0.,0.,0.,1.,1.,1.,1.,1.,0.999991107579182,        715P   1006
0.999991107579182,1.,41.021,38.61686159,75.083163933,                715P   1007
32.204052119,38.72059322,75.104124111,23.398640484,                  715P   1008
38.824431726,75.124548236,14.605,38.928374337,75.144435765,0.,       715P   1009
1.,0.011641603,0.902526309,0.430477335;                              715P   1010
126,1,1,1,0,1,0,0.,0.,1.,1.,1.,1.,0.,3.330639701,0.,0.,              717P   1011
6.283185307,0.,0.,1.,0.,0.,1.;                                       717P   1012
124,-6.01414100629762E-017,1.15069653815237E-017,1.,-30.353,         719P   1013
-0.187923005874597,-0.982183762777137,0.,91.3561584319877,           719P   1014
0.982183762777137,-0.187923005874597,6.12323399573677E-017,          719P   1015
39.0141161992579;                                                    719P   1016
100,44.958,14.605,44.704,45.339,44.704,-15.581435765,                721P   1017
50.479625663;                                                        721P   1018
126,1,1,1,0,1,0,0.,0.,1.,1.,1.,1.,0.,6.283185307,0.,1.,              723P   1019
6.283185307,0.,0.,1.,0.,0.,1.;                                       723P   1020
110,14.605,44.704,14.224,41.021,44.704,14.224;                       725P   1021
102,4,707,713,717,723;                                               727P   1022
102,4,711,715,721,725;                                               729P   1023
142,1,705,727,729,1;                                                 731P   1024
144,705,1,0,731;                                                     733P   1025
128,1,1,1,1,0,0,1,0,0,0.,0.,1.,1.,0.,0.,1.,1.,1.,1.,1.,1.,           735P   1026
2.658209597,32.147755699,89.683567094,2.658209597,51.574303691,      735P   1027
48.954429364,53.200478777,31.616643527,89.430242897,                 735P   1028
53.200478777,51.043191519,48.701105167,0.,1.,0.,1.;                  735P   1029
126,1,1,1,0,1,0,0.,0.,1.,1.,1.,1.,0.012074831,0.005928854,0.,        737P   1030
0.967301291,0.010664086,0.,0.,1.,0.,0.,1.;                           737P   1031
110,2.957867319,32.379179096,89.190267718,3.197196708,               739P   1032
50.933416824,50.283518119;                                           739P   1033
126,1,1,1,0,1,0,0.,0.,1.,1.,1.,1.,0.967301291,0.010664086,0.,        741P   1034
0.97347204,0.23637226,0.,0.,1.,0.,0.,1.;                             741P   1035
110,3.197196708,50.933416824,50.283518119,14.605,50.933416824,       743P   1036
49.975011476;                                                        743P   1037
126,1,1,1,0,1,0,0.,0.,1.,1.,1.,1.,0.97347204,0.23637226,0.,          745P   1038
0.355501082,0.23637226,0.,0.,1.,0.,0.,1.;                            745P   1039
110,14.605,50.933416824,49.975011476,14.605,38.928374337,            747P   1040
75.144435765;                                                        747P   1041
126,2,2,1,0,1,0,0.,0.,0.,1.,1.,1.,1.,1.,1.,0.355501082,              749P   1042
0.23637226,0.,0.354610291,0.49735222,0.,0.353754703,                 749P   1043
0.759023903,0.,0.,1.,0.,0.,1.;                                       749P   1044
126,3,3,1,0,0,0,0.,0.,0.,0.,1.,1.,1.,1.,1.,0.999991107579182,        751P   1045
0.999991107579182,1.,14.605,38.928374337,75.144435765,               751P   1046
23.398640484,38.824431726,75.124548236,32.204052119,                 751P   1047
38.72059322,75.104124111,41.021,38.61686159,75.083163933,0.,1.,      751P   1048
-0.011641603,-0.902526309,-0.430477335;                              751P   1049
126,1,1,1,0,1,0,0.,0.,1.,1.,1.,1.,0.353754703,0.759023903,0.,        753P   1050
0.987761077,0.759023903,0.,0.,1.,0.,0.,1.;                           753P   1051
110,41.021,38.61686159,75.083163933,41.021,50.933416824,             755P   1052
49.260631042;                                                        755P   1053
126,1,1,1,0,1,0,0.,0.,1.,1.,1.,1.,0.987761077,0.759023903,0.,        757P   1054
0.994071146,0.989828012,0.,0.,1.,0.,0.,1.;                           757P   1055
110,41.021,50.933416824,49.260631042,52.686363421,50.933416824,      759P   1056
48.945159079;                                                        759P   1057
126,1,1,1,0,1,0,0.,0.,1.,1.,1.,1.,0.994071146,0.989828012,0.,        761P   1058
0.005928854,0.994071146,0.,0.,1.,0.,0.,1.;                           761P   1059
110,52.686363421,50.933416824,48.945159079,52.900821054,             763P   1060
31.734969575,89.190267718;                                           763P   1061
126,1,1,1,0,1,0,0.,0.,1.,1.,1.,1.,0.005928854,0.994071146,0.,        765P   1062
0.012074831,0.005928854,0.,0.,1.,0.,0.,1.;                           765P   1063
110,52.900821054,31.734969575,89.190267718,2.957867319,              767P   1064
32.379179096,89.190267718;                                           767P   1065
102,8,737,741,745,749,753,757,761,765;                               769P   1066
102,8,739,743,747,751,755,759,763,767;                               771P   1067
142,1,735,769,771,1;                                                 773P   1068
144,735,1,0,773;                                                     775P   1069
128,1,1,1,1,0,0,1,0,0,0.,0.,1.,1.,0.,0.,1.,1.,1.,1.,1.,1.,           777P   1070
41.021,46.809248278,46.379101575,41.021,49.483102828,42.418,         777P   1071
44.577,46.809248278,46.379101575,44.577,49.483102828,42.418,0.,      777P   1072
1.,0.,1.;                                                            777P   1073
126,1,1,1,0,1,0,0.,0.,1.,1.,1.,1.,0.,0.,0.,1.,0.,0.,0.,1.,0.,        779P   1074
0.,1.;                                                               779P   1075
110,41.021,46.809248278,46.379101575,41.021,49.483102828,            781P   1076
42.418;                                                              781P   1077
126,1,1,1,0,1,0,0.,0.,1.,1.,1.,1.,1.,0.,0.,1.,1.,0.,0.,1.,0.,        783P   1078
0.,1.;                                                               783P   1079
110,41.021,49.483102828,42.418,44.577,49.483102828,42.418;           785P   1080
126,1,1,1,0,1,0,0.,0.,1.,1.,1.,1.,1.,1.,0.,0.,1.,0.,0.,1.,0.,        787P   1081
0.,1.;                                                               787P   1082
110,44.577,49.483102828,42.418,44.577,46.809248278,                  789P   1083
46.379101575;                                                        789P   1084
126,1,1,1,0,1,0,0.,0.,1.,1.,1.,1.,0.,1.,0.,0.,0.,0.,0.,1.,0.,        791P   1085
0.,1.;                                                               791P   1086
110,44.577,46.809248278,46.379101575,41.021,46.809248278,            793P   1087
46.379101575;                                                        793P   1088
102,4,779,783,787,791;                                               795P   1089
102,4,781,785,789,793;                                               797P   1090
142,1,777,795,797,1;                                                 799P   1091
144,777,1,0,799;                                                     801P   1092
128,1,1,1,1,0,0,1,0,0,0.,0.,1.,1.,0.,0.,1.,1.,1.,1.,1.,1.,           803P   1093
44.577,49.483102828,42.418,41.021,49.483102828,42.418,44.577,        803P   1094
51.181,42.418,41.021,51.181,42.418,0.,1.,0.,1.;                      803P   1095
126,1,1,1,0,1,0,0.,0.,1.,1.,1.,1.,1.,1.,0.,0.,1.,0.,0.,1.,0.,        805P   1096
0.,1.;                                                               805P   1097
110,41.021,51.181,42.418,44.577,51.181,42.418;                       807P   1098
126,1,1,1,0,1,0,0.,0.,1.,1.,1.,1.,0.,1.,0.,0.,0.,0.,0.,1.,0.,        809P   1099
0.,1.;                                                               809P   1100
110,44.577,51.181,42.418,44.577,49.483102828,42.418;                 811P   1101
126,1,1,1,0,1,0,0.,0.,1.,1.,1.,1.,0.,0.,0.,1.,0.,0.,0.,1.,0.,        813P   1102
0.,1.;                                                               813P   1103
110,44.577,49.483102828,42.418,41.021,49.483102828,42.418;           815P   1104
126,1,1,1,0,1,0,0.,0.,1.,1.,1.,1.,1.,0.,0.,1.,1.,0.,0.,1.,0.,        817P   1105
0.,1.;                                                               817P   1106
110,41.021,49.483102828,42.418,41.021,51.181,42.418;                 819P   1107
102,4,805,809,813,817;                                               821P   1108
102,4,807,811,815,819;                                               823P   1109
142,1,803,821,823,1;                                                 825P   1110
144,803,1,0,825;                                                     827P   1111
128,1,1,1,1,0,0,1,0,0,0.,0.,1.,1.,0.,0.,1.,1.,1.,1.,1.,1.,           829P   1112
41.021,49.483102828,34.68609186,44.577,49.483102828,                 829P   1113
34.68609186,41.021,51.181,34.68609186,44.577,51.181,                 829P   1114
34.68609186,0.,1.,0.,1.;                                             829P   1115
126,1,1,1,0,1,0,0.,0.,1.,1.,1.,1.,1.,1.,0.,0.,1.,0.,0.,1.,0.,        831P   1116
0.,1.;                                                               831P   1117
110,44.577,51.181,34.68609186,41.021,51.181,34.68609186;             833P   1118
126,1,1,1,0,1,0,0.,0.,1.,1.,1.,1.,0.,1.,0.,0.,0.,0.,0.,1.,0.,        835P   1119
0.,1.;                                                               835P   1120
110,41.021,51.181,34.68609186,41.021,49.483102828,34.68609186;       837P   1121
126,1,1,1,0,1,0,0.,0.,1.,1.,1.,1.,0.,0.,0.,1.,0.,0.,0.,1.,0.,        839P   1122
0.,1.;                                                               839P   1123
110,41.021,49.483102828,34.68609186,44.577,49.483102828,             841P   1124
34.68609186;                                                         841P   1125
126,1,1,1,0,1,0,0.,0.,1.,1.,1.,1.,1.,0.,0.,1.,1.,0.,0.,1.,0.,        843P   1126
0.,1.;                                                               843P   1127
110,44.577,49.483102828,34.68609186,44.577,51.181,34.68609186;       845P   1128
102,4,831,835,839,843;                                               847P   1129
102,4,833,837,841,845;                                               849P   1130
142,1,829,847,849,1;                                                 851P   1131
144,829,1,0,851;                                                     853P   1132
128,1,1,1,1,0,0,1,0,0,0.,0.,1.,1.,0.,0.,1.,1.,1.,1.,1.,1.,           855P   1133
41.021,49.483102828,34.68609186,41.021,42.699900658,                 855P   1134
43.397491805,44.577,49.483102828,34.68609186,44.577,                 855P   1135
42.699900658,43.397491805,0.,1.,0.,1.;                               855P   1136
126,1,1,1,0,1,0,0.,0.,1.,1.,1.,1.,0.,0.,0.,1.,0.,0.,0.,1.,0.,        857P   1137
0.,1.;                                                               857P   1138
110,41.021,49.483102828,34.68609186,41.021,42.699900658,             859P   1139
43.397491805;                                                        859P   1140
126,1,1,1,0,1,0,0.,0.,1.,1.,1.,1.,1.,0.,0.,1.,1.,0.,0.,1.,0.,        861P   1141
0.,1.;                                                               861P   1142
110,41.021,42.699900658,43.397491805,44.577,42.699900658,            863P   1143
43.397491805;                                                        863P   1144
126,1,1,1,0,1,0,0.,0.,1.,1.,1.,1.,1.,1.,0.,0.,1.,0.,0.,1.,0.,        865P   1145
0.,1.;                                                               865P   1146
110,44.577,42.699900658,43.397491805,44.577,49.483102828,            867P   1147
34.68609186;                                                         867P   1148
126,1,1,1,0,1,0,0.,0.,1.,1.,1.,1.,0.,1.,0.,0.,0.,0.,0.,1.,0.,        869P   1149
0.,1.;                                                               869P   1150
110,44.577,49.483102828,34.68609186,41.021,49.483102828,             871P   1151
34.68609186;                                                         871P   1152
102,4,857,861,865,869;                                               873P   1153
102,4,859,863,867,871;                                               875P   1154
142,1,855,873,875,1;                                                 877P   1155
144,855,1,0,877;                                                     879P   1156
110,44.577,44.704,44.958,-955.423,44.704,44.958;                     881P   1157
110,44.577,44.704,47.498,41.021,44.704,47.498;                       883P   1158
120,881,883,0.,6.28318530717959;                                     885P   1159
126,1,1,1,0,1,0,0.,0.,1.,1.,1.,1.,1.,6.283185307,0.,1.,              887P   1160
4.050797534,0.,0.,1.,0.,0.,1.;                                       887P   1161
124,-6.12323399573677E-017,4.27583144589696E-031,1.,                 889P   1162
-3.93700000000001,-6.98296267768627E-015,-1.,0.,                     889P   1163
89.4080000000003,1.,-6.98296267768627E-015,                          889P   1164
6.12323399573677E-017,3.93700000000032;                              889P   1165
100,44.958,41.021,44.704,43.561,44.704,39.460491805,                 891P   1166
46.708099342;                                                        891P   1167
126,1,1,1,0,1,0,0.,0.,1.,1.,1.,1.,1.,4.050797534,0.,0.,              893P   1168
4.050797534,0.,0.,1.,0.,0.,1.;                                       893P   1169
110,41.021,42.699900658,43.397491805,44.577,42.699900658,            895P   1170
43.397491805;                                                        895P   1171
126,1,1,1,0,1,0,0.,0.,1.,1.,1.,1.,0.,4.050797534,0.,0.,              897P   1172
6.283185307,0.,0.,1.,0.,0.,1.;                                       897P   1173
124,-3.76195150840707E-017,4.83132646536541E-017,-1.,89.535,         899P   1174
-0.789015488993098,-0.614373305189103,0.,107.340887688019,           899P   1175
-0.614373305189103,0.789015488993098,6.12323399573677E-017,          899P   1176
37.0727704054672;                                                    899P   1177
100,44.958,44.577,44.704,47.117,44.704,43.016491805,                 901P   1178
46.708099342;                                                        901P   1179
126,1,1,1,0,1,0,0.,0.,1.,1.,1.,1.,0.,6.283185307,0.,1.,              903P   1180
6.283185307,0.,0.,1.,0.,0.,1.;                                       903P   1181
110,44.577,44.704,47.498,41.021,44.704,47.498;                       905P   1182
102,4,887,893,897,903;                                               907P   1183
102,4,891,895,901,905;                                               909P   1184
142,1,885,907,909,1;                                                 911P   1185
144,885,1,0,911;                                                     913P   1186
128,1,1,1,1,0,0,1,0,0,0.,0.,1.,1.,0.,0.,1.,1.,1.,1.,1.,1.,           915P   1187
44.577,42.109898,47.574871449,44.577,42.109898,34.68609186,          915P   1188
44.577,51.181,47.574871449,44.577,51.181,34.68609186,0.,1.,0.,       915P   1189
1.;                                                                  915P   1190
126,1,1,1,0,1,0,0.,0.,1.,1.,1.,1.,1.,1.,0.,0.400105488,1.,0.,        917P   1191
0.,1.,0.,0.,1.;                                                      917P   1192
110,44.577,51.181,34.68609186,44.577,51.181,42.418;                  919P   1193
126,1,1,1,0,1,0,0.,0.,1.,1.,1.,1.,0.400105488,1.,0.,                 921P   1194
0.400105488,0.812823495,0.,0.,1.,0.,0.,1.;                           921P   1195
110,44.577,51.181,42.418,44.577,49.483102828,42.418;                 923P   1196
126,1,1,1,0,1,0,0.,0.,1.,1.,1.,1.,0.400105488,0.812823495,0.,        925P   1197
0.092776036,0.518057263,0.,0.,1.,0.,0.,1.;                           925P   1198
110,44.577,49.483102828,42.418,44.577,46.809248278,                  927P   1199
46.379101575;                                                        927P   1200
126,8,2,1,0,1,0,0.,0.,0.,0.25,0.25,0.5,0.5,0.75,0.75,1.,1.,1.,       929P   1201
1.,1.,1.,1.,1.,1.,1.,1.,1.,0.092776036,0.518057263,0.,               929P   1202
0.072727851,0.498828622,0.,0.056547529,0.473281892,0.,               929P   1203
0.040367206,0.447735163,0.,0.029015297,0.417386935,0.,               929P   1204
0.017663387,0.387038708,0.,0.011813801,0.353690618,0.,               929P   1205
0.005964215,0.320342527,0.,0.005964215,0.285974295,0.,0.,1.,0.,      929P   1206
0.,-1.;                                                              929P   1207
124,-3.42588089593536E-017,-5.07516843596462E-017,1.,                931P   1208
-0.380999999999998,0.828837904855204,-0.559488809070598,0.,          931P   1209
32.7682804359616,0.559488809070598,0.828837904855204,                931P   1210
6.12323399573677E-017,-17.0347023405871;                             931P   1211
100,44.958,44.577,44.704,47.117,44.704,45.998101575,                 933P   1212
46.809248278;                                                        933P   1213
126,16,2,1,0,1,0,0.,0.,0.,0.125,0.125,0.25,0.25,0.375,0.375,         935P   1214
0.5,0.5,0.625,0.625,0.75,0.75,0.875,0.875,1.,1.,1.,1.,1.,1.,1.,      935P   1215
1.,1.,1.,1.,1.,1.,1.,1.,1.,1.,1.,1.,1.,0.005964215,0.285974295,      935P   1216
0.,0.005964215,0.246650599,0.,0.013587308,0.208848024,0.,            935P   1217
0.021210402,0.171045449,0.,0.035866835,0.137688555,0.,               935P   1218
0.050523269,0.104331662,0.,0.071079161,0.078001075,0.,               935P   1219
0.091635053,0.051670489,0.,0.116500117,0.034403251,0.,               935P   1220
0.14136518,0.017136013,0.,0.168615752,0.010267987,0.,                935P   1221
0.195866323,0.003399961,0.,0.223394188,0.007462486,0.,               935P   1222
0.250922053,0.011525011,0.,0.276597544,0.026203793,0.,               935P   1223
0.302273034,0.040882576,0.,0.32410979,0.065042005,0.,0.,1.,0.,       935P   1224
0.,-1.;                                                              935P   1225
124,-6.12323399573677E-017,4.27583144589696E-031,1.,                 937P   1226
-0.380999999999999,-6.98296267768627E-015,-1.,0.,                    937P   1227
89.4080000000003,1.,-6.98296267768627E-015,                          937P   1228
6.12323399573677E-017,0.381000000000311;                             937P   1229
100,44.958,44.577,44.704,47.117,44.704,43.016491805,                 939P   1230
46.708099342;                                                        939P   1231
126,1,1,1,0,1,0,0.,0.,1.,1.,1.,1.,0.32410979,0.065042005,0.,1.,      941P   1232
0.812823495,0.,0.,1.,0.,0.,1.;                                       941P   1233
110,44.577,42.699900658,43.397491805,44.577,49.483102828,            943P   1234
34.68609186;                                                         943P   1235
126,1,1,1,0,1,0,0.,0.,1.,1.,1.,1.,1.,0.812823495,0.,1.,1.,0.,        945P   1236
0.,1.,0.,0.,1.;                                                      945P   1237
110,44.577,49.483102828,34.68609186,44.577,51.181,34.68609186;       947P   1238
102,7,917,921,925,929,935,941,945;                                   949P   1239
102,7,919,923,927,933,939,943,947;                                   951P   1240
142,1,915,949,951,1;                                                 953P   1241
144,915,1,0,953;                                                     955P   1242
128,1,1,1,1,0,0,1,0,0,0.,0.,1.,1.,0.,0.,1.,1.,1.,1.,1.,1.,           957P   1243
11.049,42.109898,47.574871449,11.049,42.109898,34.68609186,          957P   1244
11.049,51.181,47.574871449,11.049,51.181,34.68609186,0.,1.,0.,       957P   1245
1.;                                                                  957P   1246
126,1,1,1,0,1,0,0.,0.,1.,1.,1.,1.,1.,1.,0.,0.400105488,1.,0.,        959P   1247
0.,1.,0.,0.,1.;                                                      959P   1248
110,11.049,51.181,34.68609186,11.049,51.181,42.418;                  961P   1249
126,1,1,1,0,1,0,0.,0.,1.,1.,1.,1.,0.400105488,1.,0.,                 963P   1250
0.400105488,0.812823495,0.,0.,1.,0.,0.,1.;                           963P   1251
110,11.049,51.181,42.418,11.049,49.483102828,42.418;                 965P   1252
126,1,1,1,0,1,0,0.,0.,1.,1.,1.,1.,0.400105488,0.812823495,0.,        967P   1253
0.092776036,0.518057263,0.,0.,1.,0.,0.,1.;                           967P   1254
110,11.049,49.483102828,42.418,11.049,46.809248278,                  969P   1255
46.379101575;                                                        969P   1256
126,8,2,1,0,1,0,0.,0.,0.,0.25,0.25,0.5,0.5,0.75,0.75,1.,1.,1.,       971P   1257
1.,1.,1.,1.,1.,1.,1.,1.,1.,0.092776036,0.518057263,0.,               971P   1258
0.072727851,0.498828622,0.,0.056547529,0.473281892,0.,               971P   1259
0.040367206,0.447735163,0.,0.029015297,0.417386935,0.,               971P   1260
0.017663387,0.387038708,0.,0.011813801,0.353690618,0.,               971P   1261
0.005964215,0.320342527,0.,0.005964215,0.285974295,0.,0.,1.,0.,      971P   1262
0.,-1.;                                                              971P   1263
124,-3.42588089593536E-017,-5.07516843596462E-017,1.,-33.909,        973P   1264
0.828837904855204,-0.559488809070598,0.,60.5575577099468,            973P   1265
0.559488809070598,0.828837904855204,6.12323399573677E-017,           973P   1266
1.72383844993191;                                                    973P   1267
100,44.958,11.049,44.704,13.589,44.704,12.470101575,                 975P   1268
46.809248278;                                                        975P   1269
126,16,2,1,0,1,0,0.,0.,0.,0.125,0.125,0.25,0.25,0.375,0.375,         977P   1270
0.5,0.5,0.625,0.625,0.75,0.75,0.875,0.875,1.,1.,1.,1.,1.,1.,1.,      977P   1271
1.,1.,1.,1.,1.,1.,1.,1.,1.,1.,1.,1.,1.,0.005964215,0.285974295,      977P   1272
0.,0.005964215,0.246650599,0.,0.013587308,0.208848024,0.,            977P   1273
0.021210402,0.171045449,0.,0.035866835,0.137688555,0.,               977P   1274
0.050523269,0.104331662,0.,0.071079161,0.078001075,0.,               977P   1275
0.091635053,0.051670489,0.,0.116500117,0.034403251,0.,               977P   1276
0.14136518,0.017136013,0.,0.168615752,0.010267987,0.,                977P   1277
0.195866323,0.003399961,0.,0.223394188,0.007462486,0.,               977P   1278
0.250922053,0.011525011,0.,0.276597544,0.026203793,0.,               977P   1279
0.302273034,0.040882576,0.,0.32410979,0.065042005,0.,0.,1.,0.,       977P   1280
0.,-1.;                                                              977P   1281
124,-6.12323399573677E-017,4.27583144589696E-031,1.,-33.909,         979P   1282
-6.98296267768627E-015,-1.,0.,89.4080000000001,1.,                   979P   1283
-6.98296267768627E-015,6.12323399573677E-017,33.9090000000003;       979P   1284
100,44.958,11.049,44.704,13.589,44.704,9.488491805,                  981P   1285
46.708099342;                                                        981P   1286
126,1,1,1,0,1,0,0.,0.,1.,1.,1.,1.,0.32410979,0.065042005,0.,1.,      983P   1287
0.812823495,0.,0.,1.,0.,0.,1.;                                       983P   1288
110,11.049,42.699900658,43.397491805,11.049,49.483102828,            985P   1289
34.68609186;                                                         985P   1290
126,1,1,1,0,1,0,0.,0.,1.,1.,1.,1.,1.,0.812823495,0.,1.,1.,0.,        987P   1291
0.,1.,0.,0.,1.;                                                      987P   1292
110,11.049,49.483102828,34.68609186,11.049,51.181,34.68609186;       989P   1293
102,7,959,963,967,971,977,983,987;                                   991P   1294
102,7,961,965,969,975,981,985,989;                                   993P   1295
142,1,957,991,993,1;                                                 995P   1296
144,957,1,0,995;                                                     997P   1297
110,44.577,44.704,44.958,-955.423,44.704,44.958;                     999P   1298
110,14.605,44.704,47.498,11.049,44.704,47.498;                      1001P   1299
120,999,1001,0.,6.28318530717959;                                   1003P   1300
126,1,1,1,0,1,0,0.,0.,1.,1.,1.,1.,1.,6.283185307,0.,1.,             1005P   1301
4.050797534,0.,0.,1.,0.,0.,1.;                                      1005P   1302
124,-6.12323399573677E-017,4.27583144589696E-031,1.,-33.909,        1007P   1303
-6.98296267768627E-015,-1.,0.,89.4080000000001,1.,                  1007P   1304
-6.98296267768627E-015,6.12323399573677E-017,33.9090000000003;      1007P   1305
100,44.958,11.049,44.704,13.589,44.704,9.488491805,                 1009P   1306
46.708099342;                                                       1009P   1307
126,1,1,1,0,1,0,0.,0.,1.,1.,1.,1.,1.,4.050797534,0.,0.,             1011P   1308
4.050797534,0.,0.,1.,0.,0.,1.;                                      1011P   1309
110,11.049,42.699900658,43.397491805,14.605,42.699900658,           1013P   1310
43.397491805;                                                       1013P   1311
126,1,1,1,0,1,0,0.,0.,1.,1.,1.,1.,0.,4.050797534,0.,0.,             1015P   1312
6.283185307,0.,0.,1.,0.,0.,1.;                                      1015P   1313
124,-3.76195150840707E-017,4.83132646536541E-017,-1.,59.563,        1017P   1314
-0.789015488993098,-0.614373305189103,0.,83.6925154519178,          1017P   1315
-0.614373305189103,0.789015488993098,6.12323399573677E-017,         1017P   1316
18.6587737023394;                                                   1017P   1317
100,44.958,14.605,44.704,17.145,44.704,13.044491805,                1019P   1318
46.708099342;                                                       1019P   1319
126,1,1,1,0,1,0,0.,0.,1.,1.,1.,1.,0.,6.283185307,0.,1.,             1021P   1320
6.283185307,0.,0.,1.,0.,0.,1.;                                      1021P   1321
110,14.605,44.704,47.498,11.049,44.704,47.498;                      1023P   1322
102,4,1005,1011,1015,1021;                                          1025P   1323
102,4,1009,1013,1019,1023;                                          1027P   1324
142,1,1003,1025,1027,1;                                             1029P   1325
144,1003,1,0,1029;                                                  1031P   1326
128,1,1,1,1,0,0,1,0,0,0.,0.,1.,1.,0.,0.,1.,1.,1.,1.,1.,1.,          1033P   1327
11.049,49.483102828,34.68609186,11.049,42.699900658,                1033P   1328
43.397491805,14.605,49.483102828,34.68609186,14.605,                1033P   1329
42.699900658,43.397491805,0.,1.,0.,1.;                              1033P   1330
126,1,1,1,0,1,0,0.,0.,1.,1.,1.,1.,1.,1.,0.,0.,1.,0.,0.,1.,0.,       1035P   1331
0.,1.;                                                              1035P   1332
110,14.605,42.699900658,43.397491805,14.605,49.483102828,           1037P   1333
34.68609186;                                                        1037P   1334
126,1,1,1,0,1,0,0.,0.,1.,1.,1.,1.,0.,1.,0.,0.,0.,0.,0.,1.,0.,       1039P   1335
0.,1.;                                                              1039P   1336
110,14.605,49.483102828,34.68609186,11.049,49.483102828,            1041P   1337
34.68609186;                                                        1041P   1338
126,1,1,1,0,1,0,0.,0.,1.,1.,1.,1.,0.,0.,0.,1.,0.,0.,0.,1.,0.,       1043P   1339
0.,1.;                                                              1043P   1340
110,11.049,49.483102828,34.68609186,11.049,42.699900658,            1045P   1341
43.397491805;                                                       1045P   1342
126,1,1,1,0,1,0,0.,0.,1.,1.,1.,1.,1.,0.,0.,1.,1.,0.,0.,1.,0.,       1047P   1343
0.,1.;                                                              1047P   1344
110,11.049,42.699900658,43.397491805,14.605,42.699900658,           1049P   1345
43.397491805;                                                       1049P   1346
102,4,1035,1039,1043,1047;                                          1051P   1347
102,4,1037,1041,1045,1049;                                          1053P   1348
142,1,1033,1051,1053,1;                                             1055P   1349
144,1033,1,0,1055;                                                  1057P   1350
128,1,1,1,1,0,0,1,0,0,0.,0.,1.,1.,0.,0.,1.,1.,1.,1.,1.,1.,          1059P   1351
11.049,49.483102828,34.68609186,14.605,49.483102828,                1059P   1352
34.68609186,11.049,51.181,34.68609186,14.605,51.181,                1059P   1353
34.68609186,0.,1.,0.,1.;                                            1059P   1354
126,1,1,1,0,1,0,0.,0.,1.,1.,1.,1.,1.,1.,0.,0.,1.,0.,0.,1.,0.,       1061P   1355
0.,1.;                                                              1061P   1356
110,14.605,51.181,34.68609186,11.049,51.181,34.68609186;            1063P   1357
126,1,1,1,0,1,0,0.,0.,1.,1.,1.,1.,0.,1.,0.,0.,0.,0.,0.,1.,0.,       1065P   1358
0.,1.;                                                              1065P   1359
110,11.049,51.181,34.68609186,11.049,49.483102828,34.68609186;      1067P   1360
126,1,1,1,0,1,0,0.,0.,1.,1.,1.,1.,0.,0.,0.,1.,0.,0.,0.,1.,0.,       1069P   1361
0.,1.;                                                              1069P   1362
110,11.049,49.483102828,34.68609186,14.605,49.483102828,            1071P   1363
34.68609186;                                                        1071P   1364
126,1,1,1,0,1,0,0.,0.,1.,1.,1.,1.,1.,0.,0.,1.,1.,0.,0.,1.,0.,       1073P   1365
0.,1.;                                                              1073P   1366
110,14.605,49.483102828,34.68609186,14.605,51.181,34.68609186;      1075P   1367
102,4,1061,1065,1069,1073;                                          1077P   1368
102,4,1063,1067,1071,1075;                                          1079P   1369
142,1,1059,1077,1079,1;                                             1081P   1370
144,1059,1,0,1081;                                                  1083P   1371
128,1,1,1,1,0,0,1,0,0,0.,0.,1.,1.,0.,0.,1.,1.,1.,1.,1.,1.,          1085P   1372
14.605,49.483102828,42.418,11.049,49.483102828,42.418,14.605,       1085P   1373
51.181,42.418,11.049,51.181,42.418,0.,1.,0.,1.;                     1085P   1374
126,1,1,1,0,1,0,0.,0.,1.,1.,1.,1.,1.,1.,0.,0.,1.,0.,0.,1.,0.,       1087P   1375
0.,1.;                                                              1087P   1376
110,11.049,51.181,42.418,14.605,51.181,42.418;                      1089P   1377
126,1,1,1,0,1,0,0.,0.,1.,1.,1.,1.,0.,1.,0.,0.,0.,0.,0.,1.,0.,       1091P   1378
0.,1.;                                                              1091P   1379
110,14.605,51.181,42.418,14.605,49.483102828,42.418;                1093P   1380
126,1,1,1,0,1,0,0.,0.,1.,1.,1.,1.,0.,0.,0.,1.,0.,0.,0.,1.,0.,       1095P   1381
0.,1.;                                                              1095P   1382
110,14.605,49.483102828,42.418,11.049,49.483102828,42.418;          1097P   1383
126,1,1,1,0,1,0,0.,0.,1.,1.,1.,1.,1.,0.,0.,1.,1.,0.,0.,1.,0.,       1099P   1384
0.,1.;                                                              1099P   1385
110,11.049,49.483102828,42.418,11.049,51.181,42.418;                1101P   1386
102,4,1087,1091,1095,1099;                                          1103P   1387
102,4,1089,1093,1097,1101;                                          1105P   1388
142,1,1085,1103,1105,1;                                             1107P   1389
144,1085,1,0,1107;                                                  1109P   1390
128,1,1,1,1,0,0,1,0,0,0.,0.,1.,1.,0.,0.,1.,1.,1.,1.,1.,1.,          1111P   1391
11.049,46.809248278,46.379101575,11.049,49.483102828,42.418,        1111P   1392
14.605,46.809248278,46.379101575,14.605,49.483102828,42.418,0.,     1111P   1393
1.,0.,1.;                                                           1111P   1394
126,1,1,1,0,1,0,0.,0.,1.,1.,1.,1.,1.,1.,0.,0.,1.,0.,0.,1.,0.,       1113P   1395
0.,1.;                                                              1113P   1396
110,14.605,49.483102828,42.418,14.605,46.809248278,                 1115P   1397
46.379101575;                                                       1115P   1398
126,1,1,1,0,1,0,0.,0.,1.,1.,1.,1.,0.,1.,0.,0.,0.,0.,0.,1.,0.,       1117P   1399
0.,1.;                                                              1117P   1400
110,14.605,46.809248278,46.379101575,11.049,46.809248278,           1119P   1401
46.379101575;                                                       1119P   1402
126,1,1,1,0,1,0,0.,0.,1.,1.,1.,1.,0.,0.,0.,1.,0.,0.,0.,1.,0.,       1121P   1403
0.,1.;                                                              1121P   1404
110,11.049,46.809248278,46.379101575,11.049,49.483102828,           1123P   1405
42.418;                                                             1123P   1406
126,1,1,1,0,1,0,0.,0.,1.,1.,1.,1.,1.,0.,0.,1.,1.,0.,0.,1.,0.,       1125P   1407
0.,1.;                                                              1125P   1408
110,11.049,49.483102828,42.418,14.605,49.483102828,42.418;          1127P   1409
102,4,1113,1117,1121,1125;                                          1129P   1410
102,4,1115,1119,1123,1127;                                          1131P   1411
142,1,1111,1129,1131,1;                                             1133P   1412
144,1111,1,0,1133;                                                  1135P   1413
128,1,1,1,1,0,0,1,0,0,0.,0.,1.,1.,0.,0.,1.,1.,1.,1.,1.,1.,          1137P   1414
14.9479,48.768,98.243922629,14.9479,48.768,110.954973525,           1137P   1415
40.6781,48.768,98.243922629,40.6781,48.768,110.954973525,0.,1.,     1137P   1416
0.,1.;                                                              1137P   1417
126,1,1,1,0,1,0,0.,0.,1.,1.,1.,1.,1.,0.,0.,1.,1.,0.,0.,1.,0.,       1139P   1418
0.,1.;                                                              1139P   1419
110,14.9479,48.768,110.954973525,40.6781,48.768,110.954973525;      1141P   1420
126,1,1,1,0,1,0,0.,0.,1.,1.,1.,1.,1.,1.,0.,0.00990567,1.,0.,0.,     1143P   1421
1.,0.,0.,1.;                                                        1143P   1422
110,40.6781,48.768,110.954973525,40.6781,48.768,98.369834109;       1145P   1423
126,1,1,1,0,1,0,0.,0.,1.,1.,1.,1.,0.00990567,1.,0.,0.005964215,     1147P   1424
0.,0.,0.,1.,0.,0.,1.;                                               1147P   1425
110,40.6781,48.768,98.369834109,14.9479,48.768,98.319734066;        1149P   1426
126,1,1,1,0,1,0,0.,0.,1.,1.,1.,1.,0.005964215,0.,0.,1.,0.,0.,       1151P   1427
0.,1.,0.,0.,1.;                                                     1151P   1428
110,14.9479,48.768,98.319734066,14.9479,48.768,110.954973525;       1153P   1429
102,4,1139,1143,1147,1151;                                          1155P   1430
102,4,1141,1145,1149,1153;                                          1157P   1431
142,1,1137,1155,1157,1;                                             1159P   1432
144,1137,1,0,1159;                                                  1161P   1433
128,1,1,1,1,0,0,1,0,0,0.,0.,1.,1.,0.,0.,1.,1.,1.,1.,1.,1.,          1163P   1434
14.9479,48.768,98.243922629,14.9479,51.181,98.243922629,            1163P   1435
14.9479,48.768,111.030784962,14.9479,51.181,111.030784962,0.,       1163P   1436
1.,0.,1.;                                                           1163P   1437
126,1,1,1,0,1,0,0.,0.,1.,1.,1.,1.,1.,0.205321788,0.,1.,             1165P   1438
0.795678222,0.,0.,1.,0.,0.,1.;                                      1165P   1439
110,14.9479,51.181,100.86934406,14.9479,51.181,108.418150512;       1167P   1440
126,16,2,1,0,1,0,0.,0.,0.,0.125,0.125,0.25,0.25,0.375,0.375,        1169P   1441
0.5,0.5,0.625,0.625,0.75,0.75,0.875,0.875,1.,1.,1.,1.,1.,1.,1.,     1169P   1442
1.,1.,1.,1.,1.,1.,1.,1.,1.,1.,1.,1.,1.,1.,0.795678222,0.,1.,        1169P   1443
0.814615844,0.,0.981037814,0.833212322,0.,0.962075629,              1169P   1444
0.8518088,0.,0.92483443,0.869394138,0.,0.887593232,0.886979476,     1169P   1445
0.,0.833414751,0.902920105,0.,0.779236271,0.918860735,0.,           1169P   1446
0.71007246,0.932582346,0.,0.640908649,0.946303957,0.,               1169P   1447
0.559251352,0.957312184,0.,0.477594054,0.968320411,0.,              1169P   1448
0.386385231,0.976218649,0.,0.295176409,0.984116887,0.,              1169P   1449
0.197702147,0.988620576,0.,0.100227884,0.993124265,0.,0.,           1169P   1450
0.994071146,0.,0.,1.,0.,0.,-1.;                                     1169P   1451
124,2.25923297739334E-016,-6.12323399573677E-017,1.,                1171P   1452
-93.47025051199,1.,-1.64690957781966E-016,                          1171P   1453
-2.25923297739334E-016,33.6931,1.64690957781966E-016,1.,            1171P   1454
6.12323399573677E-017,59.77715051199;                               1171P   1455
100,108.418150512,14.9479,48.641,17.4879,48.641,15.0749,            1173P   1456
51.177823013;                                                       1173P   1457
126,1,1,1,0,1,0,0.,0.,1.,1.,1.,1.,0.,0.994071146,0.,0.,             1175P   1458
0.005928854,0.,0.,1.,0.,0.,1.;                                      1175P   1459
110,14.9479,48.768,110.954973525,14.9479,48.768,98.319734066;       1177P   1460
126,1,1,1,0,1,0,0.,0.,1.,1.,1.,1.,0.,0.005928854,0.,                1179P   1461
0.104486097,0.008905271,0.,0.,1.,0.,0.,1.;                          1179P   1462
110,14.9479,48.768,98.319734066,14.9479,49.020124953,               1181P   1463
98.357793108;                                                       1181P   1464
126,16,2,1,0,1,0,0.,0.,0.,0.125,0.125,0.25,0.25,0.375,0.375,        1183P   1465
0.5,0.5,0.625,0.625,0.75,0.75,0.875,0.875,1.,1.,1.,1.,1.,1.,1.,     1183P   1466
1.,1.,1.,1.,1.,1.,1.,1.,1.,1.,1.,1.,1.,0.104486097,0.008905271,     1183P   1467
0.,0.197167825,0.011545427,0.,0.285919377,0.017234329,0.,           1183P   1468
0.374670929,0.022923231,0.,0.456699591,0.03148187,0.,               1183P   1469
0.538728253,0.040040508,0.,0.611452856,0.051199571,0.,              1183P   1470
0.68417746,0.062358634,0.,0.745309606,0.075766984,0.,               1183P   1471
0.806441752,0.089175333,0.,0.854057815,0.104411052,0.,              1183P   1472
0.901673879,0.119646771,0.,0.934275542,0.136230444,0.,              1183P   1473
0.966877205,0.152814116,0.,0.983438603,0.170223909,0.,1.,           1183P   1474
0.187633702,0.,1.,0.205321788,0.,0.,1.,0.,0.,-1.;                   1183P   1475
126,3,3,1,0,0,0,0.,0.,0.,0.,1.,1.,1.,1.,1.,0.838696083695827,       1185P   1476
0.838696083695827,1.,14.9479,49.020124953,98.357793108,14.9479,     1185P   1477
50.322176767,98.55434186,14.9479,51.181,99.552538545,14.9479,       1185P   1478
51.181,100.86934406,0.,1.,-1.,0.,0.;                                1185P   1479
102,5,1165,1169,1175,1179,1183;                                     1187P   1480
102,5,1167,1173,1177,1181,1185;                                     1189P   1481
142,1,1163,1187,1189,1;                                             1191P   1482
144,1163,1,0,1191;                                                  1193P   1483
128,1,1,1,1,0,0,1,0,0,0.,0.,1.,1.,0.,0.,1.,1.,1.,1.,1.,1.,          1195P   1484
40.6781,48.768,98.294323273,40.6781,48.768,111.030484362,           1195P   1485
40.6781,51.181,98.294323273,40.6781,51.181,111.030484362,0.,1.,     1195P   1486
0.,1.;                                                              1195P   1487
126,1,1,1,0,1,0,0.,0.,1.,1.,1.,1.,0.005928854,0.,0.,                1197P   1488
0.994071146,0.,0.,0.,1.,0.,0.,1.;                                   1197P   1489
110,40.6781,48.768,98.369834109,40.6781,48.768,110.954973525;       1199P   1490
126,16,2,1,0,1,0,0.,0.,0.,0.125,0.125,0.25,0.25,0.375,0.375,        1201P   1491
0.5,0.5,0.625,0.625,0.75,0.75,0.875,0.875,1.,1.,1.,1.,1.,1.,1.,     1201P   1492
1.,1.,1.,1.,1.,1.,1.,1.,1.,1.,1.,1.,1.,0.994071146,0.,0.,           1201P   1493
0.993120496,0.100227884,0.,0.988598878,0.197702147,0.,              1201P   1494
0.98407726,0.295176409,0.,0.97614758,0.386385231,0.,                1201P   1495
0.968217901,0.477594054,0.,0.957165851,0.559251352,0.,              1201P   1496
0.946113801,0.640908649,0.,0.932337566,0.71007246,0.,               1201P   1497
0.918561331,0.779236271,0.,0.902557243,0.833414751,0.,              1201P   1498
0.886553155,0.887593232,0.,0.868897813,0.92483443,0.,               1201P   1499
0.85124247,0.962075629,0.,0.832571961,0.981037814,0.,               1201P   1500
0.813901452,1.,0.,0.794888442,1.,0.,0.,1.,0.,0.,-1.;                1201P   1501
124,6.11557516347646E-017,-3.06161699786838E-018,-1.,               1203P   1502
149.09625051199,0.05,0.998749217771909,0.,-1.97306570164342,        1203P   1503
0.998749217771909,-0.05,6.12323399573677E-017,70.2229799565425;     1203P   1504
100,108.418150512,40.6781,48.641,43.2181,48.641,40.8051,            1205P   1505
51.177823013;                                                       1205P   1506
126,1,1,1,0,1,0,0.,0.,1.,1.,1.,1.,0.794888442,1.,0.,                1207P   1507
0.206115549,1.,0.,0.,1.,0.,0.,1.;                                   1207P   1508
110,40.6781,51.181,108.418150512,40.6781,51.181,100.919444103;      1209P   1509
126,16,2,1,0,1,0,0.,0.,0.,0.125,0.125,0.25,0.25,0.375,0.375,        1211P   1510
0.5,0.5,0.625,0.625,0.75,0.75,0.875,0.875,1.,1.,1.,1.,1.,1.,1.,     1211P   1511
1.,1.,1.,1.,1.,1.,1.,1.,1.,1.,1.,1.,1.,0.206115549,1.,0.,           1211P   1512
0.188357049,1.,0.,0.17087795,0.983438603,0.,0.15339885,             1211P   1513
0.966877205,0.,0.13674916,0.934275542,0.,0.12009947,                1211P   1514
0.901673879,0.,0.104803099,0.854057815,0.,0.089506728,              1211P   1515
0.806441752,0.,0.076045001,0.745309606,0.,0.062583275,              1211P   1516
0.68417746,0.,0.051379789,0.611452856,0.,0.040176303,               1211P   1517
0.538728253,0.,0.031583593,0.456699591,0.,0.022990884,              1211P   1518
0.374670929,0.,0.017279335,0.285919377,0.,0.011567786,              1211P   1519
0.197167825,0.,0.00891712,0.104486097,0.,0.,1.,0.,0.,-1.;           1211P   1520
126,3,3,1,0,0,0,0.,0.,0.,0.,1.,1.,1.,1.,1.,0.838696083695827,       1213P   1521
0.838696083695827,1.,40.6781,51.181,100.919444103,40.6781,          1213P   1522
51.181,99.602638588,40.6781,50.322176767,98.604441903,40.6781,      1213P   1523
49.020124953,98.407893151,0.,1.,1.,0.,0.;                           1213P   1524
126,1,1,1,0,1,0,0.,0.,1.,1.,1.,1.,0.00891712,0.104486097,0.,        1215P   1525
0.005928854,0.,0.,0.,1.,0.,0.,1.;                                   1215P   1526
110,40.6781,49.020124953,98.407893151,40.6781,48.768,               1217P   1527
98.369834109;                                                       1217P   1528
102,5,1197,1201,1207,1211,1215;                                     1219P   1529
102,5,1199,1205,1209,1213,1217;                                     1221P   1530
142,1,1195,1219,1221,1;                                             1223P   1531
144,1195,1,0,1223;                                                  1225P   1532
110,10.864634581,54.561940106,10.284258,23.75461304,                1227P   1533
1053.869738512,45.18085528;                                         1227P   1534
110,10.152183729,-1.026066456,18.509275007,10.790779341,            1229P   1535
48.481663709,20.23812304;                                           1229P   1536
120,1227,1229,0.,6.28318530717959;                                  1231P   1537
126,1,1,1,0,1,0,0.,0.,1.,1.,1.,1.,0.010916388,4.711938852,0.,       1233P   1538
0.994071146,4.711938852,0.,0.,1.,0.,0.,1.;                          1233P   1539
110,0.,0.,8.374336979,0.627838315,48.673760499,10.07406215;         1235P   1540
126,8,2,1,0,1,0,0.,0.,0.,0.25,0.25,0.5,0.5,0.75,0.75,1.,1.,1.,      1237P   1541
1.,1.,1.,1.,1.,1.,1.,1.,1.,0.994071146,4.711938852,0.,              1237P   1542
0.992904209,4.49465946,0.,0.992167463,4.319352303,0.,               1237P   1543
0.991303241,4.113712503,0.,0.990855488,3.926765753,0.,              1237P   1544
0.990377957,3.727385743,0.,0.990334845,3.534179203,0.,              1237P   1545
0.990291501,3.339928493,0.,0.990684752,3.141592654,0.,0.,1.,0.,     1237P   1546
0.,1.;                                                              1237P   1547
126,3,3,1,0,0,0,0.,0.,0.,0.,1.,1.,1.,1.,1.,0.804843938356264,       1239P   1548
0.804843938356264,1.,0.627838315,48.673760499,10.07406215,          1239P   1549
0.628507765,48.725660214,4.122782387,4.835117214,48.748805166,      1239P   1550
-0.084934115,10.784830665,48.729644722,-0.085603213,0.,1.,          1239P   1551
0.003221239,0.999956785,0.008720751;                                1239P   1552
126,1,1,1,0,1,0,0.,0.,1.,1.,1.,1.,0.990684752,3.141592654,0.,       1241P   1553
0.006401196,3.141592654,0.,0.,1.,0.,0.,1.;                          1241P   1554
110,10.784830665,48.729644722,-0.085603213,10.156271504,0.,         1243P   1555
-1.787279903;                                                       1243P   1556
126,8,2,1,0,1,0,0.,0.,0.,0.25,0.25,0.5,0.5,0.75,0.75,1.,1.,1.,      1245P   1557
1.,1.,1.,1.,1.,1.,1.,1.,1.,0.006401196,3.141592654,0.,              1245P   1558
0.00587686,3.339928493,0.,0.005934653,3.534179203,0.,               1245P   1559
0.005992135,3.727385743,0.,0.006628844,3.926765753,0.,              1245P   1560
0.007225847,4.113712503,0.,0.008378143,4.319352303,0.,              1245P   1561
0.009360472,4.49465946,0.,0.010916388,4.711938852,0.,0.,1.,0.,      1245P   1562
0.,-1.;                                                             1245P   1563
126,3,3,1,0,0,0,0.,0.,0.,0.,1.,1.,1.,1.,1.,0.804843938356263,       1247P   1564
0.804843938356263,1.,10.156271504,0.,-1.787279903,4.206310905,      1247P   1565
0.,-1.787279903,0.,0.,2.421244838,0.,0.,8.374336979,0.,1.,0.,       1247P   1566
-1.,0.;                                                             1247P   1567
102,4,1233,1237,1241,1245;                                          1249P   1568
102,4,1235,1239,1243,1247;                                          1251P   1569
142,1,1231,1249,1251,1;                                             1253P   1570
144,1231,1,0,1253;                                                  1255P   1571
110,45.541005337,3.460950098,8.499772107,56.704076729,              1257P   1572
-995.867605855,-26.397550042;                                       1257P   1573
110,45.033989791,49.204033284,-0.069037199,45.587103764,            1259P   1574
-0.3112451,-1.798148822;                                            1259P   1575
120,1257,1259,0.,6.28318530717959;                                  1261P   1576
126,1,1,1,0,1,0,0.,0.,1.,1.,1.,1.,0.99371416,0.,0.,0.00958065,      1263P   1577
0.,0.,0.,1.,0.,0.,1.;                                               1263P   1578
110,45.583626978,0.,-1.787279903,45.039288982,48.729644722,         1265P   1579
-0.085603213;                                                       1265P   1580
126,2,2,1,0,1,0,0.,0.,0.,1.,1.,1.,1.,1.,1.,0.00958065,0.,0.,        1267P   1581
0.00984839,0.155947177,0.,0.00984839,0.309402244,0.,0.,1.,0.,       1267P   1582
0.,1.;                                                              1267P   1583
126,3,3,1,0,0,0,0.,0.,0.,0.,1.,1.,1.,1.,1.,0.992038418298538,       1269P   1584
0.992038418298538,1.,45.039288982,48.729644722,-0.085603213,        1269P   1585
46.091365388,48.732578943,-0.085500747,47.130830109,                1269P   1586
48.734063786,0.076753843,48.132855794,48.734063786,0.39728515,      1269P   1587
0.,1.,-0.002789713,0.99995808,0.008721034;                          1269P   1588
126,6,2,1,0,1,0,0.,0.,0.,0.5,0.5,0.75,0.75,1.,1.,1.,1.,1.,1.,       1271P   1589
1.,1.,1.,1.,0.00984839,0.309402244,0.,0.00984839,0.613777185,       1271P   1590
0.,0.008764286,0.939904374,0.,0.008268039,1.089188809,0.,           1271P   1591
0.007509162,1.255155439,0.,0.006863579,1.396344802,0.,              1271P   1592
0.005928854,1.570406504,0.,0.,1.,0.,0.,1.;                          1271P   1593
126,3,3,1,0,0,0,0.,0.,0.,0.,1.,1.,1.,1.,1.,0.871821052877674,       1273P   1594
0.871821052877674,1.,48.132855794,48.734063786,0.39728515,          1273P   1595
52.495413181,48.734063786,1.792794506,55.19618894,48.709329236,     1273P   1596
5.492803344,55.196635291,48.669371482,10.074521954,0.,1.,           1273P   1597
-0.002789713,0.99995808,0.008721034;                                1273P   1598
126,1,1,1,0,1,0,0.,0.,1.,1.,1.,1.,0.005928854,1.570406504,0.,       1275P   1599
0.988845098,1.570406504,0.,0.,1.,0.,0.,1.;                          1275P   1600
110,55.196635291,48.669371482,10.074521954,55.7403,0.,              1277P   1601
8.374950051;                                                        1277P   1602
126,8,2,1,0,1,0,0.,0.,0.,0.25,0.25,0.5,0.5,0.75,0.75,1.,1.,1.,      1279P   1603
1.,1.,1.,1.,1.,1.,1.,1.,1.,0.988845098,1.570406504,0.,              1279P   1604
0.990416998,1.350870663,0.,0.99141013,1.177804878,0.,               1279P   1605
0.992595395,0.971257454,0.,0.993236094,0.785203252,0.,              1279P   1606
0.993924807,0.585206343,0.,0.994045141,0.392601626,0.,              1279P   1607
0.99416687,0.197763552,0.,0.99371416,0.,0.,0.,1.,0.,0.,-1.;         1279P   1608
126,3,3,1,0,0,0,0.,0.,0.,0.,1.,1.,1.,1.,1.,0.804829727337045,       1281P   1609
0.804829727337045,1.,55.7403,0.,8.374950051,55.7403,0.,             1281P   1610
2.421573062,51.533748528,0.,-1.787279903,45.583626978,0.,           1281P   1611
-1.787279903,0.,1.,0.,-1.,0.;                                       1281P   1612
102,5,1263,1267,1271,1275,1279;                                     1283P   1613
102,5,1265,1269,1273,1277,1281;                                     1285P   1614
142,1,1261,1283,1285,1;                                             1287P   1615
144,1261,1,0,1287;                                                  1289P   1616
110,50.090875286,50.947058788,105.796072922,61.253946678,           1291P   1617
-948.381497166,140.693395071;                                       1291P   1618
110,50.113681547,48.728131611,100.790463082,50.665332876,           1293P   1619
-0.656209551,102.515002276;                                         1293P   1620
120,1291,1293,0.,6.28318530717959;                                  1295P   1621
126,1,1,1,0,1,0,0.,0.,1.,1.,1.,1.,0.991451194,1.57118615,0.,        1297P   1622
0.005928854,1.57118615,0.,0.,1.,0.,0.,1.;                           1297P   1623
110,55.7403,0.,107.577164926,55.196635291,48.669371482,             1299P   1624
105.877593023;                                                      1299P   1625
126,4,2,1,0,1,0,0.,0.,0.,0.5,0.5,1.,1.,1.,1.,1.,1.,1.,1.,           1301P   1626
0.005928854,1.57118615,0.,0.00657761,1.932656231,0.,                1301P   1627
0.006876504,2.20168828,0.,0.00723883,2.527815469,0.,0.00723883,     1301P   1628
2.832190409,0.,0.,1.,0.,0.,1.;                                      1301P   1629
126,3,3,1,0,0,0,0.,0.,0.,0.,1.,1.,1.,1.,1.,0.871821052877674,       1303P   1630
0.871821052877674,1.,55.196635291,48.669371482,105.877593023,       1303P   1631
55.19618894,48.709329236,108.16775465,53.845662911,                 1303P   1632
48.734063786,110.017327195,51.664384218,48.734063786,               1303P   1633
110.715081873,0.,1.,-0.005580598,0.999832238,-0.01744573;           1303P   1634
126,2,2,1,0,1,0,0.,0.,0.,1.,1.,1.,1.,1.,1.,0.00723883,              1305P   1635
2.832190409,0.,0.00723883,2.985645477,0.,0.007149347,               1305P   1636
3.141592654,0.,0.,1.,0.,0.,1.;                                      1305P   1637
126,3,3,1,0,0,0,0.,0.,0.,0.,1.,1.,1.,1.,1.,0.992038418298538,       1307P   1638
0.992038418298538,1.,51.664384218,48.734063786,110.715081873,       1307P   1639
51.163371375,48.734063786,110.875347526,50.643647308,               1307P   1640
48.732578943,110.956500747,50.117625493,48.729644722,               1307P   1641
110.956603213,0.,1.,-0.005580598,0.999832238,-0.01744573;           1307P   1642
126,1,1,1,0,1,0,0.,0.,1.,1.,1.,1.,0.007149347,3.141592654,0.,       1309P   1643
0.99389218,3.141592654,0.,0.,1.,0.,0.,1.;                           1309P   1644
110,50.117625493,48.729644722,110.956603213,50.661963489,0.,        1311P   1645
112.658279903;                                                      1311P   1646
126,8,2,1,0,1,0,0.,0.,0.,0.25,0.25,0.5,0.5,0.75,0.75,1.,1.,1.,      1313P   1647
1.,1.,1.,1.,1.,1.,1.,1.,1.,0.99389218,3.141592654,0.,               1313P   1648
0.994119135,2.943829102,0.,0.994058109,2.748991028,0.,              1313P   1649
0.993997783,2.556386311,0.,0.993652513,2.356389402,0.,              1313P   1650
0.993331314,2.1703352,0.,0.99273711,1.963787776,0.,0.992239228,     1313P   1651
1.79072199,0.,0.991451194,1.57118615,0.,0.,1.,0.,0.,-1.;            1313P   1652
126,3,3,1,0,0,0,0.,0.,0.,0.,1.,1.,1.,1.,1.,0.804829727337046,       1315P   1653
0.804829727337046,1.,50.661963489,0.,112.658279903,                 1315P   1654
53.637024264,0.,112.658279903,55.7403,0.,110.553853421,55.7403,     1315P   1655
0.,107.577164926,0.,1.,0.,-1.,0.;                                   1315P   1656
102,5,1297,1301,1305,1309,1313;                                     1317P   1657
102,5,1299,1303,1307,1311,1315;                                     1319P   1658
142,1,1295,1317,1319,1;                                             1321P   1659
144,1295,1,0,1321;                                                  1323P   1660
110,5.746527631,51.640424558,105.771860056,18.63650609,             1325P   1661
1050.948222964,70.875262776;                                        1325P   1662
110,5.074208349,-0.304475623,112.668912426,5.711192343,             1327P   1663
49.078312272,110.944427473;                                         1327P   1664
120,1325,1327,0.,6.28318530717959;                                  1329P   1665
126,1,1,1,0,1,0,0.,0.,1.,1.,1.,1.,0.006165622,6.283185307,0.,       1331P   1666
0.992939492,6.283185307,0.,0.,1.,0.,0.,1.;                          1331P   1667
110,5.078135752,0.,112.658279903,5.706694913,48.729644722,          1333P   1668
110.956603213;                                                      1333P   1669
126,6,2,1,0,1,0,0.,0.,0.,0.5,0.5,0.75,0.75,1.,1.,1.,1.,1.,1.,       1335P   1670
1.,1.,1.,1.,0.992939492,6.283185307,0.,0.992680709,5.892623268,     1335P   1671
0.,0.992996548,5.498012208,0.,0.993146177,5.311065457,0.,           1335P   1672
0.99343498,5.105425658,0.,0.993681183,4.930118501,0.,               1335P   1673
0.994071146,4.712839108,0.,0.,1.,0.,0.,1.;                          1335P   1674
126,3,3,1,0,0,0,0.,0.,0.,0.,1.,1.,1.,1.,1.,0.804843938356264,       1337P   1675
0.804843938356264,1.,5.706694913,48.729644722,110.956603213,        1337P   1676
2.731961762,48.748805166,110.955934115,0.628507765,                 1337P   1677
48.725660214,108.852479984,0.627838315,48.673760499,                1337P   1678
105.877746291,0.,1.,0.006443873,0.999827054,-0.017445277;           1337P   1679
126,1,1,1,0,1,0,0.,0.,1.,1.,1.,1.,0.994071146,4.712839108,0.,       1339P   1680
0.00842893,4.712839108,0.,0.,1.,0.,0.,1.;                           1339P   1681
110,0.627838315,48.673760499,105.877746291,0.,0.,107.577471462;     1341P   1682
126,8,2,1,0,1,0,0.,0.,0.,0.25,0.25,0.5,0.5,0.75,0.75,1.,1.,1.,      1343P   1683
1.,1.,1.,1.,1.,1.,1.,1.,1.,0.00842893,4.712839108,0.,               1343P   1684
0.007649004,4.930118501,0.,0.007156597,5.105425658,0.,              1343P   1685
0.006578991,5.311065457,0.,0.006279734,5.498012208,0.,              1343P   1686
0.005960575,5.697392218,0.,0.005931761,5.890598757,0.,              1343P   1687
0.005902791,6.084849468,0.,0.006165622,6.283185307,0.,0.,1.,0.,     1343P   1688
0.,-1.;                                                             1343P   1689
126,3,3,1,0,0,0,0.,0.,0.,0.,1.,1.,1.,1.,1.,0.804843938356264,       1345P   1690
0.804843938356264,1.,0.,0.,107.577471462,0.,0.,110.554017533,       1345P   1691
2.103155453,0.,112.658279903,5.078135752,0.,112.658279903,0.,       1345P   1692
1.,0.,-1.,0.;                                                       1345P   1693
102,4,1331,1335,1339,1343;                                          1347P   1694
102,4,1333,1337,1341,1345;                                          1349P   1695
142,1,1329,1347,1349,1;                                             1351P   1696
144,1329,1,0,1351;                                                  1353P   1697
110,56.208245312,36.277903897,91.377092577,1056.12506479,           1355P   1698
23.380069733,91.377092577;                                          1355P   1699
110,3.08252766,42.043590186,91.377092577,53.343111219,              1357P   1700
41.395283588,91.377092577;                                          1357P   1701
120,1355,1357,0.,6.28318530717959;                                  1359P   1702
126,1,1,1,0,1,0,0.,0.,1.,1.,1.,1.,0.,1.720630544,0.,0.,             1361P   1703
3.586614207,0.,0.,1.,0.,0.,1.;                                      1361P   1704
124,-0.00192531399598452,-0.0127533247492582,0.999916819477429,     1363P   1705
-87.8752623765329,-0.14926179254276,-0.988713590055674,             1363P   1706
-0.0128978341648191,75.1397248949144,0.988795838610246,             1363P   1707
-0.149274209249492,6.12323399573677E-017,93.9116627170734;          1363P   1708
100,91.377092577,3.017006663,36.964012743,8.097006663,              1365P   1709
36.964012743,1.539137693,41.824290853;                              1365P   1710
126,1,1,1,0,1,0,0.,0.,1.,1.,1.,1.,0.,3.586614207,0.,0.99368034,     1367P   1711
3.586614207,0.,0.,1.,0.,0.,1.;                                      1367P   1712
110,2.957867319,32.379179096,89.190267718,52.900821054,             1369P   1713
31.734969575,89.190267718;                                          1369P   1714
126,2,2,1,0,1,0,0.,0.,0.,1.,1.,1.,1.,1.,1.,0.99368034,              1371P   1715
3.586614207,0.,0.994035785,3.360356969,0.,0.994035785,              1371P   1716
3.141592654,0.,0.,1.,0.,0.,-1.;                                     1371P   1717
126,3,3,1,0,0,0,0.,0.,0.,0.,1.,1.,1.,1.,1.,0.983564298687127,       1373P   1718
0.983564298687127,1.,52.900821054,31.734969575,89.190267718,        1373P   1719
52.908412596,31.407743817,89.876114462,52.912304312,                1373P   1720
31.239995342,90.617236949,52.912304312,31.239995342,                1373P   1721
91.377092577,0.,1.,0.999730995,0.023193468,0.;                      1373P   1722
126,6,2,1,0,1,0,0.,0.,0.,0.5,0.5,0.75,0.75,1.,1.,1.,1.,1.,1.,       1375P   1723
1.,1.,1.,1.,0.994035785,3.141592654,0.,0.994035785,2.802090336,     1375P   1724
0.,0.993152808,2.431111599,0.,0.992760897,2.266451777,0.,           1375P   1725
0.992152235,2.075871071,0.,0.991684048,1.92927532,0.,               1375P   1726
0.990931153,1.720630544,0.,0.,1.,0.,0.,-1.;                         1375P   1727
126,3,3,1,0,0,0,0.,0.,0.,0.,1.,1.,1.,1.,1.,0.838698813676131,       1377P   1728
0.838698813676131,1.,52.912304312,31.239995342,91.377092577,        1377P   1729
52.912304312,31.239995342,94.010670824,52.872440882,                1377P   1730
32.958268227,96.007050127,52.812004078,35.563335632,                1377P   1731
96.400175437,0.,1.,0.999730995,0.023193468,0.;                      1377P   1732
126,1,1,1,0,1,0,0.,0.,1.,1.,1.,1.,0.990931153,1.720630544,0.,       1379P   1733
0.,1.720630544,0.,0.,1.,0.,0.,1.;                                   1379P   1734
110,52.812004078,35.563335632,96.400175437,3.007226068,             1381P   1735
36.205762837,96.400175437;                                          1381P   1736
102,5,1361,1367,1371,1375,1379;                                     1383P   1737
102,5,1365,1369,1373,1377,1381;                                     1385P   1738
142,1,1359,1383,1385,1;                                             1387P   1739
144,1359,1,0,1387;                                                  1389P   1740
110,53.463729213,48.641,47.82992431,1053.0982549,48.641,            1391P   1741
20.796333057;                                                       1391P   1742
110,40.852772826,48.641,45.630039749,52.588128427,48.641,           1393P   1743
45.312674954;                                                       1393P   1744
120,1391,1393,0.,6.28318530717959;                                  1395P   1745
126,1,1,1,0,1,0,0.,0.,1.,1.,1.,1.,0.005964215,2.015992257,0.,       1397P   1746
1.,2.015992257,0.,0.,1.,0.,0.,1.;                                   1397P   1747
110,41.021,50.933416824,49.260631042,52.686363421,50.933416824,     1399P   1748
48.945159079;                                                       1399P   1749
126,1,1,1,0,1,0,0.,0.,1.,1.,1.,1.,1.,2.015992257,0.,1.,             1401P   1750
1.570796327,0.,0.,1.,0.,0.,1.;                                      1401P   1751
124,0.0116416030112606,-0.0243985273194733,-0.999634525686248,      1403P   1752
101.064811092464,0.902526308517094,0.430634720423826,0.,            1403P   1753
-19.8296451167877,0.430477334494901,-0.902196458333845,             1403P   1754
0.0270335912529371,67.7743238030745;                                1403P   1755
100,47.851746649,52.656793749,48.641,55.196793749,48.641,           1405P   1756
54.949210573,49.73481219;                                           1405P   1757
126,1,1,1,0,1,0,0.,0.,1.,1.,1.,1.,1.,1.570796327,0.,                1407P   1758
0.008483923,1.570796327,0.,0.,1.,0.,0.,1.;                          1407P   1759
110,52.656793749,51.181,47.851746649,41.021,51.181,                 1409P   1760
48.166418946;                                                       1409P   1761
126,2,2,1,0,1,0,0.,0.,0.,1.,1.,1.,1.,1.,1.,0.008483923,             1411P   1762
1.570796327,0.,0.006753095,1.86660621,0.,0.005964215,               1411P   1763
2.015992257,0.,0.,1.,0.,0.,-1.;                                     1411P   1764
126,3,3,1,0,0,0,0.,0.,0.,0.,1.,1.,1.,1.,1.,0.983551469126937,       1413P   1765
0.983551469126937,1.,41.021,51.181,48.166418946,41.021,51.181,      1413P   1766
48.546637081,41.021,51.097092113,48.917474172,41.021,               1413P   1767
50.933416824,49.260631042,0.,1.,-1.,0.,0.;                          1413P   1768
102,4,1397,1401,1407,1411;                                          1415P   1769
102,4,1399,1405,1409,1413;                                          1417P   1770
142,1,1395,1415,1417,1;                                             1419P   1771
144,1395,1,0,1419;                                                  1421P   1772
110,53.463729213,48.641,47.82992431,1053.0982549,48.641,            1423P   1773
20.796333057;                                                       1423P   1774
110,3.098961715,48.641,46.651033994,14.604958916,48.641,            1425P   1775
46.339871847;                                                       1425P   1776
120,1423,1425,0.,6.28318530717959;                                  1427P   1777
126,1,1,1,0,1,0,0.,0.,1.,1.,1.,1.,0.994035785,1.570796327,0.,       1429P   1778
0.,1.570796327,0.,0.,1.,0.,0.,1.;                                   1429P   1779
110,14.605,51.181,48.88079938,3.167627036,51.181,49.190105689;      1431P   1780
126,1,1,1,0,1,0,0.,0.,1.,1.,1.,1.,0.,1.570796327,0.,0.,             1433P   1781
2.015992257,0.,0.,1.,0.,0.,1.;                                      1433P   1782
124,-1.65533004986879E-018,0.0270335912529441,                      1435P   1783
0.999634525686248,-47.3194418447728,1.,6.12323399573677E-017,       1435P   1784
0.,45.4733729635168,-6.12099611099423E-017,0.999634525686248,       1435P   1785
-0.0270335912529441,1.89666793622907;                               1435P   1786
100,49.190105689,3.167627036,48.641,5.707627036,48.641,             1437P   1787
5.46004386,49.73481219;                                             1437P   1788
126,1,1,1,0,1,0,0.,0.,1.,1.,1.,1.,0.,2.015992257,0.,0.99146585,     1439P   1789
2.015992257,0.,0.,1.,0.,0.,1.;                                      1439P   1790
110,3.197196708,50.933416824,50.283518119,14.605,50.933416824,      1441P   1791
49.975011476;                                                       1441P   1792
126,2,2,1,0,1,0,0.,0.,0.,1.,1.,1.,1.,1.,1.,0.99146585,              1443P   1793
2.015992257,0.,0.992270455,1.86660621,0.,0.994035785,               1443P   1794
1.570796327,0.,0.,1.,0.,0.,1.;                                      1443P   1795
126,3,3,1,0,0,0,0.,0.,0.,0.,1.,1.,1.,1.,1.,0.983551469126938,       1445P   1796
0.983551469126938,1.,14.605,50.933416824,49.975011476,14.605,       1445P   1797
51.097092113,49.631854606,14.605,51.181,49.261017515,14.605,        1445P   1798
51.181,48.88079938,0.,1.,1.,0.,0.;                                  1445P   1799
102,4,1429,1433,1439,1443;                                          1447P   1800
102,4,1431,1437,1441,1445;                                          1449P   1801
142,1,1427,1447,1449,1;                                             1451P   1802
144,1427,1,0,1451;                                                  1453P   1803
110,55.187900926,48.641,100.947696571,-944.810203422,48.641,        1455P   1804
99.000570308;                                                       1455P   1805
110,15.013635937,48.641,103.409476871,3.162681336,48.641,           1457P   1806
103.386401523;                                                      1457P   1807
120,1455,1457,0.,6.28318530717959;                                  1459P   1808
126,1,1,1,0,1,0,0.,0.,1.,1.,1.,1.,0.006376865,2.991770994,0.,       1461P   1809
1.,2.991770994,0.,0.,1.,0.,0.,1.;                                   1461P   1810
110,14.9479,49.020124953,98.357793108,3.172517334,49.020124953,     1463P   1811
98.334864908;                                                       1463P   1812
126,1,1,1,0,1,0,0.,0.,1.,1.,1.,1.,1.,2.991770994,0.,1.,             1465P   1813
1.570796327,0.,0.,1.,0.,0.,1.;                                      1465P   1814
124,0.00192531399590337,-0.000290631556333715,                      1467P   1815
0.999998104347861,-97.670550198673,0.14926179254275,                1467P   1816
0.988797713026747,0.,0.0720847510936456,-0.988795838610247,         1467P   1817
0.149261509594313,0.0019471262630755,96.5219529951765;              1467P   1818
100,100.846406338,3.167627036,48.641,5.707627036,48.641,            1469P   1819
3.54675199,51.152546191;                                            1469P   1820
126,1,1,1,0,1,0,0.,0.,1.,1.,1.,1.,1.,1.570796327,0.,                1471P   1821
0.005964215,1.570796327,0.,0.,1.,0.,0.,1.;                          1471P   1822
110,3.167627036,51.181,100.846406338,14.9479,51.181,                1473P   1823
100.86934406;                                                       1473P   1824
126,2,2,1,0,1,0,0.,0.,0.,1.,1.,1.,1.,1.,1.,0.005964215,             1475P   1825
1.570796327,0.,0.006345221,2.483768708,0.,0.006376865,              1475P   1826
2.991770994,0.,0.,1.,0.,0.,1.;                                      1475P   1827
126,3,3,1,0,0,0,0.,0.,0.,0.,1.,1.,1.,1.,1.,0.838696083695827,       1477P   1828
0.838696083695827,1.,14.9479,51.181,100.86934406,14.9479,           1477P   1829
51.181,99.552538545,14.9479,50.322176767,98.55434186,14.9479,       1477P   1830
49.020124953,98.357793108,0.,1.,1.,0.,0.;                           1477P   1831
102,4,1461,1465,1471,1475;                                          1479P   1832
102,4,1463,1469,1473,1477;                                          1481P   1833
142,1,1459,1479,1481,1;                                             1483P   1834
144,1459,1,0,1483;                                                  1485P   1835
110,55.187900926,48.641,100.947696571,-944.810203422,48.641,        1487P   1836
99.000570308;                                                       1487P   1837
110,52.651848048,48.641,103.482763362,40.596362497,48.641,          1489P   1838
103.459289765;                                                      1489P   1839
120,1487,1489,0.,6.28318530717959;                                  1491P   1840
126,1,1,1,0,1,0,0.,0.,1.,1.,1.,1.,0.993630136,1.570796327,0.,       1493P   1841
0.,1.570796327,0.,0.,1.,0.,0.,1.;                                   1493P   1842
110,40.6781,51.181,100.919444103,52.656793749,51.181,               1495P   1843
100.942768177;                                                      1495P   1844
126,1,1,1,0,1,0,0.,0.,1.,1.,1.,1.,0.,1.570796327,0.,0.,             1497P   1845
2.991770994,0.,0.,1.,0.,0.,1.;                                      1497P   1846
124,-1.19227097280986E-019,0.00194712626308249,                     1499P   1847
-0.999998104347861,153.50466040473,1.,6.12323399573677E-017,0.,     1499P   1848
-4.01579374902367,6.12322238821515E-017,-0.999998104347861,         1499P   1849
-0.00194712626308249,149.780224285212;                              1499P   1850
100,100.942768177,52.656793749,48.641,55.196793749,48.641,          1501P   1851
53.035918702,51.152546191;                                          1501P   1852
126,1,1,1,0,1,0,0.,0.,1.,1.,1.,1.,0.,2.991770994,0.,                1503P   1853
0.994035785,2.991770994,0.,0.,1.,0.,0.,1.;                          1503P   1854
110,52.661684047,49.020124953,98.431226747,40.6781,                 1505P   1855
49.020124953,98.407893151;                                          1505P   1856
126,2,2,1,0,1,0,0.,0.,0.,1.,1.,1.,1.,1.,1.,0.994035785,             1507P   1857
2.991770994,0.,0.994004678,2.483768708,0.,0.993630136,              1507P   1858
1.570796327,0.,0.,1.,0.,0.,-1.;                                     1507P   1859
126,3,3,1,0,0,0,0.,0.,0.,0.,1.,1.,1.,1.,1.,0.838696083695827,       1509P   1860
0.838696083695827,1.,40.6781,49.020124953,98.407893151,40.6781,     1509P   1861
50.322176767,98.604441903,40.6781,51.181,99.602638588,40.6781,      1509P   1862
51.181,100.919444103,0.,1.,-1.,0.,0.;                               1509P   1863
102,4,1493,1497,1503,1507;                                          1511P   1864
102,4,1495,1501,1505,1509;                                          1513P   1865
142,1,1491,1511,1513,1;                                             1515P   1866
144,1491,1,0,1515;                                                  1517P   1867
110,55.168578964,48.641,2.452849488,1055.168578964,48.641,          1519P   1868
2.452849488;                                                        1519P   1869
110,10.784830665,48.641,-0.087150512,45.039288982,48.641,           1521P   1870
-0.087150512;                                                       1521P   1871
120,1519,1521,0.,6.28318530717959;                                  1523P   1872
126,1,1,1,0,1,0,0.,0.,1.,1.,1.,1.,1.,1.570796327,0.,1.,             1525P   1873
0.034906585,0.,0.,1.,0.,0.,1.;                                      1525P   1874
124,3.74939945665464E-033,-6.12323399573677E-017,-1.,               1527P   1875
47.4921384703681,1.,6.12323399573677E-017,0.,3.60171101764183,      1527P   1876
6.12323399573677E-017,-1.,6.12323399573677E-017,51.09384948801;     1527P   1877
100,2.452849488,45.039288982,48.641,47.579288982,48.641,            1529P   1878
45.127933704,51.179452701;                                          1529P   1879
126,1,1,1,0,1,0,0.,0.,1.,1.,1.,1.,1.,0.034906585,0.,0.,             1531P   1880
0.034906585,0.,0.,1.,0.,0.,1.;                                      1531P   1881
110,45.039288982,48.729644722,-0.085603213,10.784830665,            1533P   1882
48.729644722,-0.085603213;                                          1533P   1883
126,1,1,1,0,1,0,0.,0.,1.,1.,1.,1.,0.,0.034906585,0.,0.,             1535P   1884
1.570796327,0.,0.,1.,0.,0.,1.;                                      1535P   1885
124,6.11950388703081E-017,-2.13697784642851E-018,1.,                1537P   1886
8.33198117669422,0.0348994967025,0.999390827019096,0.,              1537P   1887
-0.346754379255703,-0.999390827019096,0.0348994967025,              1537P   1888
6.12323399573677E-017,11.5335639061633;                             1537P   1889
100,2.452849488,10.784830665,48.641,13.324830665,48.641,            1539P   1890
10.873475386,51.179452701;                                          1539P   1891
126,1,1,1,0,1,0,0.,0.,1.,1.,1.,1.,0.,1.570796327,0.,1.,             1541P   1892
1.570796327,0.,0.,1.,0.,0.,1.;                                      1541P   1893
110,10.784830665,51.181,2.452849488,45.039288982,51.181,            1543P   1894
2.452849488;                                                        1543P   1895
102,4,1525,1531,1535,1541;                                          1545P   1896
102,4,1529,1533,1539,1543;                                          1547P   1897
142,1,1523,1545,1547,1;                                             1549P   1898
144,1523,1,0,1549;                                                  1551P   1899
128,17,2,3,2,0,0,0,0,0,1.92485272306991,1.92485272306991,           1553P   1900
1.92485272306991,1.92485272306991,2.12114599792726,                 1553P   1901
2.12114599792726,2.3174392727846,2.3174392727846,                   1553P   1902
2.51373254764195,2.51373254764195,2.7100258224993,                  1553P   1903
2.7100258224993,2.90631909735665,2.90631909735665,                  1553P   1904
3.102612372214,3.102612372214,3.29890564707135,                     1553P   1905
3.29890564707135,3.4951989219287,3.4951989219287,                   1553P   1906
3.4951989219287,3.4951989219287,0.,0.,0.,1.,1.,1.,1.,1.,1.,1.,      1553P   1907
1.,1.,1.,1.,1.,1.,1.,1.,1.,1.,1.,1.,1.,1.,0.711652244486314,        1553P   1908
0.712454346558402,0.71322577267147,0.714678736706495,               1553P   1909
0.715360195327727,0.716607828978537,0.717173978810962,              1553P   1910
0.71817013809382,0.718600128154615,0.719308222662929,               1553P   1911
0.719586313710601,0.719980469167471,0.720096526252233,              1553P   1912
0.720162388220341,0.720112191888464,0.719847365146205,              1553P   1913
0.719632831733984,0.71933980033865,1.,1.,1.,1.,1.,1.,1.,1.,1.,      1553P   1914
1.,1.,1.,1.,1.,1.,1.,1.,1.,3.167627036,51.181,10.07406215,          1553P   1915
3.167627036,51.181,9.575167695,3.216722074,51.181,9.076319027,      1553P   1916
3.411221407,51.181,8.097790136,3.556620901,51.181,7.618139752,      1553P   1917
3.938149337,51.181,6.696442359,4.174268859,51.181,6.254418106,      1553P   1918
4.728172849,51.181,5.424952292,5.045943641,51.181,5.037531211,      1553P   1919
5.750949123,51.181,4.332154675,6.138166407,51.181,4.014216636,      1553P   1920
6.967195892,51.181,3.460021119,7.408987624,51.181,3.223777325,      1553P   1921
8.330200171,51.181,2.842048085,8.809598241,51.181,2.696572065,      1553P   1922
9.78761239,51.181,2.501970364,10.286198646,51.181,2.452849488,      1553P   1923
10.784830665,51.181,2.452849488,0.660178964,51.181,10.07406215,     1553P   1924
0.665898406,51.181,9.411929438,0.736491482,51.181,8.750146928,      1553P   1925
1.004664804,51.181,7.454002929,1.202017543,51.181,6.819469014,      1553P   1926
1.715677599,51.181,5.601719826,2.031849851,51.181,5.01825362,       1553P   1927
2.770773605,51.181,3.924425391,3.193499383,51.181,3.413786266,      1553P   1928
4.129311397,51.181,2.484563318,4.642481662,51.181,2.06571992,       1553P   1929
5.73973328,51.181,1.335569706,6.323992624,51.181,1.02406106,        1553P   1930
7.541447785,51.181,0.520078978,8.174886089,51.181,0.327492618,      1553P   1931
9.466975916,51.181,0.06849081,10.125887575,51.181,0.00206919,       1553P   1932
10.784830665,51.181,0.,0.627838315,48.673760499,10.07406215,        1553P   1933
0.627913119,48.679559721,9.409072072,0.693445246,48.685147613,      1553P   1934
8.744135633,0.952913638,48.695687058,7.43979849,1.146843495,        1553P   1935
48.700638285,6.800437546,1.655665145,48.709714068,5.571824621,      1553P   1936
1.970544373,48.7138384,4.982602976,2.709176718,48.721101944,        1553P   1937
3.876902205,3.132911597,48.724240976,3.360450381,4.072985624,       1553P   1938
48.729413305,2.420128955,4.589301561,48.731446474,1.99628257,       1553P   1939
5.694711388,48.734328933,1.257455872,6.283777985,48.735178151,      1553P   1940
0.942493801,7.512067597,48.735660031,0.43353831,8.151260286,        1553P   1941
48.735292681,0.239557455,9.455254164,48.733355475,-0.019979128,     1553P   1942
10.120015604,48.731785691,-0.085528448,10.784830665,                1553P   1943
48.729644722,-0.085603213,1.92485272306991,3.4951989219287,0.,      1553P   1944
1.;                                                                 1553P   1945
126,1,1,1,0,1,0,0.,0.,1.,1.,1.,1.,3.495198922,0.,0.,                1555P   1946
3.495198922,1.,0.,0.,1.,0.,0.,1.;                                   1555P   1947
124,4.45383316600614E-032,-6.12323399573677E-017,-1.,               1557P   1948
13.2376801527142,1.,7.27366154732462E-016,0.,37.8561693352958,      1557P   1949
7.27366154732462E-016,-1.,6.12323399573677E-017,51.09384948801;     1557P   1950
100,2.452849488,10.784830665,48.641,13.324830665,48.641,            1559P   1951
10.873475386,51.179452701;                                          1559P   1952
126,1,1,1,0,1,0,0.,0.,1.,1.,1.,1.,3.495198922,1.,0.,                1561P   1953
1.924852723,1.,0.,0.,1.,0.,0.,1.;                                   1561P   1954
126,3,3,1,0,0,0,0.,0.,0.,0.,1.,1.,1.,1.,1.,0.804843938356264,       1563P   1955
0.804843938356264,1.,10.784830665,48.729644722,-0.085603213,        1563P   1956
4.835117214,48.748805166,-0.084934115,0.628507765,48.725660214,     1563P   1957
4.122782387,0.627838315,48.673760499,10.07406215,0.,1.,             1563P   1958
-0.003221239,-0.999956785,-0.008720751;                             1563P   1959
126,1,1,1,0,1,0,0.,0.,1.,1.,1.,1.,1.924852723,1.,0.,                1565P   1960
1.924852723,0.,0.,0.,1.,0.,0.,1.;                                   1565P   1961
124,-0.999916819477429,0.0128978341648189,                          1567P   1962
6.98296267768627E-015,5.70762703648311,0.0128978341648189,          1567P   1963
0.999916819477429,-3.57682360891306E-030,-0.0368095444141726,       1567P   1964
-6.98238183120164E-015,9.00650945959138E-017,-1.,                   1567P   1965
20.1481243001763;                                                   1567P   1966
100,10.07406215,3.167627036,48.641,5.707627036,48.641,              1569P   1967
3.200387535,51.180788721;                                           1569P   1968
126,1,1,1,0,1,0,0.,0.,1.,1.,1.,1.,1.924852723,0.,0.,                1571P   1969
3.495198922,0.,0.,0.,1.,0.,0.,1.;                                   1571P   1970
126,3,3,1,0,0,0,0.,0.,0.,0.,1.,1.,1.,1.,1.,0.804843938356264,       1573P   1971
0.804843938356264,1.,3.167627036,51.181,10.07406215,                1573P   1972
3.167627036,51.181,5.609243044,6.322360215,51.181,2.452849488,      1573P   1973
10.784830665,51.181,2.452849488,0.,1.,0.,1.,0.;                     1573P   1974
102,4,1555,1561,1565,1571;                                          1575P   1975
102,4,1559,1563,1569,1573;                                          1577P   1976
142,1,1553,1575,1577,1;                                             1579P   1977
144,1553,1,0,1579;                                                  1581P   1978
128,17,2,3,2,0,0,0,0,0,1.13826999736011E-016,                       1583P   1979
1.13826999736011E-016,1.13826999736011E-016,                        1583P   1980
1.13826999736011E-016,0.157625532451212,0.157625532451212,          1583P   1981
0.315251064902424,0.315251064902424,0.472876597353635,              1583P   1982
0.472876597353635,0.630502129804847,0.630502129804847,              1583P   1983
0.788127662256059,0.788127662256059,0.945753194707271,              1583P   1984
0.945753194707271,1.10337872715848,1.10337872715848,                1583P   1985
1.26100425960969,1.26100425960969,1.26100425960969,                 1583P   1986
1.26100425960969,0.,0.,0.,1.,1.,1.,1.,1.,1.,1.,1.,1.,1.,1.,1.,      1583P   1987
1.,1.,1.,1.,1.,1.,1.,1.,1.,0.719944194258341,0.719944232946357,     1583P   1988
0.719891405787424,0.719681489893428,0.719524364091583,              1583P   1989
0.719109466396815,0.718851697741969,0.718241589084238,              1583P   1990
0.717889253924339,0.71709834748377,0.716659782628561,               1583P   1991
0.715706843205,0.715192476604025,0.71410023499127,                  1583P   1992
0.713522369422891,0.712317044376997,0.711689613501937,              1583P   1993
0.711044961633728,1.,1.,1.,1.,1.,1.,1.,1.,1.,1.,1.,1.,1.,1.,1.,     1583P   1994
1.,1.,1.,47.359501114,51.181,2.814900022,47.740836787,51.181,       1583P   1995
2.936882944,48.112524853,51.181,3.088999748,48.827415903,           1583P   1996
51.181,3.449739119,49.170609747,51.181,3.658357407,                 1583P   1997
49.819998796,51.181,4.126927134,50.126187333,51.181,                1583P   1998
4.386873763,50.693973164,51.181,4.951655939,50.955564628,           1583P   1999
51.181,5.256485686,51.427669328,51.181,5.90347687,51.638177716,     1583P   2000
51.181,6.245631663,52.002895727,51.181,6.958790091,                 1583P   2001
52.157101607,51.181,7.329786404,52.405389963,51.181,                1583P   2002
8.091429736,52.499469891,51.181,8.482068934,52.625172429,           1583P   2003
51.181,9.273312674,52.656793749,51.181,9.673907191,                 1583P   2004
52.656793749,51.181,10.074521954,48.105522117,51.181,               1583P   2005
0.482734045,48.60947669,51.181,0.643940709,49.100866486,51.181,     1583P   2006
0.844646824,50.046393144,51.181,1.320106115,50.500643276,           1583P   2007
51.181,1.594943425,51.360897552,51.181,2.212048508,                 1583P   2008
51.766984589,51.181,2.554434053,52.521046491,51.181,                1583P   2009
3.298419735,52.869063106,51.181,3.700159134,53.498466964,           1583P   2010
51.181,4.553215207,53.779849954,51.181,5.004678969,                 1583P   2011
54.269018882,51.181,5.946334792,54.476754055,51.181,                1583P   2012
6.436667152,54.813380205,51.181,7.444237043,54.942177886,           1583P   2013
51.181,7.961593853,55.117540253,51.181,9.010677334,                 1583P   2014
55.163977279,51.181,9.542485548,55.168578964,51.181,                1583P   2015
10.074521954,48.132855794,48.734063786,0.39728515,48.641303358,     1583P   2016
48.734063786,0.559929046,49.13689176,48.733677616,0.762737966,      1583P   2017
50.090096974,48.732142494,1.243670186,50.547701601,                 1583P   2018
48.730993559,1.521787781,51.413587538,48.727961379,2.146441532,     1583P   2019
51.821859956,48.726078165,2.492971274,52.578957486,                 1583P   2020
48.721624107,3.245858636,52.927774823,48.719053309,3.652208525,     1583P   2021
53.55731216,48.713287809,4.514662101,53.838025696,48.710093166,     1583P   2022
4.970756932,54.324393835,48.703159177,5.921392696,54.530043444,     1583P   2023
48.6994199,6.415923868,54.861183174,48.691489345,7.431171369,       1583P   2024
54.986669896,48.687298147,7.951877274,55.154370805,                 1583P   2025
48.678567659,9.006564051,55.19658327,48.674028481,9.540531569,      1583P   2026
55.196635291,48.669371482,10.074521954,1.13826999736011E-016,       1583P   2027
1.26100425960969,0.,1.;                                             1583P   2028
126,1,1,1,0,1,0,0.,0.,1.,1.,1.,1.,0.,1.,0.,0.,0.,0.,0.,1.,0.,       1585P   2029
0.,1.;                                                              1585P   2030
124,0.304470346593846,-0.0111630713915996,0.952456399990115,        1587P   2031
30.801850809448,0.0366392856925844,0.999328555953415,0.,            1587P   2032
-1.70255858169755,-0.951816878810709,0.0348973221489682,            1587P   2033
0.304674918754187,45.3374024720419;                                 1587P   2034
100,2.814900022,47.359501114,48.641,49.899501114,48.641,            1589P   2035
47.452564899,51.179294532;                                          1589P   2036
126,1,1,1,0,1,0,0.,0.,1.,1.,1.,1.,0.,0.,0.,1.26100426,0.,0.,0.,     1591P   2037
1.,0.,0.,1.;                                                        1591P   2038
126,3,3,1,0,0,0,0.,0.,0.,0.,1.,1.,1.,1.,1.,0.871821052877674,       1593P   2039
0.871821052877674,1.,47.359501114,51.181,2.814900022,               1593P   2040
50.631419154,51.181,3.861532039,52.656793749,51.181,6.63718648,     1593P   2041
52.656793749,51.181,10.074521954,0.,1.,0.,1.,0.;                    1593P   2042
126,1,1,1,0,1,0,0.,0.,1.,1.,1.,1.,1.26100426,0.,0.,1.26100426,      1595P   2043
1.,0.,0.,1.,0.,0.,1.;                                               1595P   2044
124,-1.1671219546372E-014,1.,2.80967638707678E-015,                 1597P   2045
4.01579374902425,1.,1.16729542698479E-014,                          1597P   2046
-6.95201264515176E-015,-4.01579374902417,                           1597P   2047
-6.95201264515179E-015,2.8096763870767E-015,-1.,                    1597P   2048
20.1490439071687;                                                   1597P   2049
100,10.074521954,52.656793749,48.641,55.196793749,48.641,           1599P   2050
52.685165231,51.180841542;                                          1599P   2051
126,1,1,1,0,1,0,0.,0.,1.,1.,1.,1.,1.26100426,1.,0.,0.,1.,0.,0.,     1601P   2052
1.,0.,0.,1.;                                                        1601P   2053
126,3,3,1,0,0,0,0.,0.,0.,0.,1.,1.,1.,1.,1.,0.871821052877674,       1603P   2054
0.871821052877674,1.,55.196635291,48.669371482,10.074521954,        1603P   2055
55.19618894,48.709329236,5.492803344,52.495413181,48.734063786,     1603P   2056
1.792794506,48.132855794,48.734063786,0.39728515,0.,1.,             1603P   2057
0.002789713,-0.99995808,-0.008721034;                               1603P   2058
102,4,1585,1591,1595,1601;                                          1605P   2059
102,4,1589,1593,1599,1603;                                          1607P   2060
142,1,1583,1605,1607,1;                                             1609P   2061
144,1583,1,0,1609;                                                  1611P   2062
110,3.167627036,48.641,110.871,3.167627036,48.641,-889.129;         1613P   2063
110,0.627627036,48.641,49.190105689,0.627627036,48.641,             1615P   2064
10.07406215;                                                        1615P   2065
120,1613,1615,0.,6.28318530717959;                                  1617P   2066
126,1,1,1,0,1,0,0.,0.,1.,1.,1.,1.,1.,1.570796327,0.,1.,             1619P   2067
0.012898192,0.,0.,1.,0.,0.,1.;                                      1619P   2068
100,10.07406215,3.167627036,48.641,3.167627036,51.181,              1621P   2069
0.627838315,48.673760499;                                           1621P   2070
126,1,1,1,0,1,0,0.,0.,1.,1.,1.,1.,1.,0.012898192,0.,0.,             1623P   2071
0.012898192,0.,0.,1.,0.,0.,1.;                                      1623P   2072
110,0.627838315,48.673760499,10.07406215,0.627838315,               1625P   2073
48.673760499,49.190105689;                                          1625P   2074
126,1,1,1,0,1,0,0.,0.,1.,1.,1.,1.,0.,0.012898192,0.,0.,             1627P   2075
1.570796327,0.,0.,1.,0.,0.,1.;                                      1627P   2076
124,-0.999916819477429,0.0128978341648235,                          1629P   2077
6.98296267768627E-015,5.70762703648262,0.0128978341648235,          1629P   2078
0.999916819477429,5.00755305247828E-029,-0.0368095444141788,        1629P   2079
-6.98238183120164E-015,9.00650945959997E-017,-1.,                   1629P   2080
98.3802113784835;                                                   1629P   2081
100,49.190105689,3.167627036,48.641,5.707627036,48.641,             1631P   2082
3.200387535,51.180788721;                                           1631P   2083
126,1,1,1,0,1,0,0.,0.,1.,1.,1.,1.,0.,1.570796327,0.,1.,             1633P   2084
1.570796327,0.,0.,1.,0.,0.,1.;                                      1633P   2085
110,3.167627036,51.181,49.190105689,3.167627036,51.181,             1635P   2086
10.07406215;                                                        1635P   2087
102,4,1619,1623,1627,1633;                                          1637P   2088
102,4,1621,1625,1631,1635;                                          1639P   2089
142,1,1617,1637,1639,1;                                             1641P   2090
144,1617,1,0,1641;                                                  1643P   2091
110,52.656793749,48.641,110.871,52.656793749,48.641,-889.129;       1645P   2092
110,50.116793749,48.641,47.851746649,50.116793749,48.641,           1647P   2093
10.074521954;                                                       1647P   2094
120,1645,1647,0.,6.28318530717959;                                  1649P   2095
126,1,1,1,0,1,0,0.,0.,1.,1.,1.,1.,1.,3.130422546,0.,1.,             1651P   2096
1.570796327,0.,0.,1.,0.,0.,1.;                                      1651P   2097
100,10.074521954,52.656793749,48.641,55.196635291,48.669371482,     1653P   2098
52.656793749,51.181;                                                1653P   2099
126,1,1,1,0,1,0,0.,0.,1.,1.,1.,1.,1.,1.570796327,0.,0.,             1655P   2100
1.570796327,0.,0.,1.,0.,0.,1.;                                      1655P   2101
110,52.656793749,51.181,10.074521954,52.656793749,51.181,           1657P   2102
47.851746649;                                                       1657P   2103
126,1,1,1,0,1,0,0.,0.,1.,1.,1.,1.,0.,1.570796327,0.,0.,             1659P   2104
3.130422546,0.,0.,1.,0.,0.,1.;                                      1659P   2105
124,-6.08194050677469E-015,1.,7.79988197466137E-017,                1661P   2106
4.01579374902398,1.,6.09234884763055E-015,                          1661P   2107
-6.98252704556721E-015,-4.01579374902363,                           1661P   2108
-6.98252704556721E-015,7.79988197465712E-017,-1.,                   1661P   2109
95.7034932980694;                                                   1661P   2110
100,47.851746649,52.656793749,48.641,55.196793749,48.641,           1663P   2111
52.685165231,51.180841542;                                          1663P   2112
126,1,1,1,0,1,0,0.,0.,1.,1.,1.,1.,0.,3.130422546,0.,1.,             1665P   2113
3.130422546,0.,0.,1.,0.,0.,1.;                                      1665P   2114
110,55.196635291,48.669371482,47.851746649,55.196635291,            1667P   2115
48.669371482,10.074521954;                                          1667P   2116
102,4,1651,1655,1659,1665;                                          1669P   2117
102,4,1653,1657,1663,1667;                                          1671P   2118
142,1,1649,1669,1671,1;                                             1673P   2119
144,1649,1,0,1673;                                                  1675P   2120
110,3.167627036,48.641,49.190105689,3.167627036,48.641,             1677P   2121
51.730105689;                                                       1677P   2122
124,1.40271576953299E-014,1.,0.,-45.4733729635169,                  1679P   2123
-6.12323399573677E-017,8.58915688636046E-031,-1.,                   1679P   2124
97.8311056892418,-1.,1.40271576953299E-014,                         1679P   2125
6.12323399573677E-017,52.3577327257242;                             1679P   2126
100,49.190105689,3.167627036,48.641,5.707627036,48.641,             1681P   2127
0.627627036,48.641;                                                 1681P   2128
120,1677,1681,0.,6.28318530717959;                                  1683P   2129
126,2,2,1,0,1,0,0.,0.,0.,1.,1.,1.,1.,1.,1.,2.01581787,              1685P   2130
1.557898135,0.,1.875543957,1.562554892,0.,1.570796317,              1685P   2131
1.570796327,0.,0.,1.,0.,0.,1.;                                      1685P   2132
124,0.0116416030112605,-0.0243985273194733,-0.999634525686248,      1687P   2133
53.4896475165048,0.902526308517095,0.430634720423824,0.,            1687P   2134
24.8356298278687,0.430477334494899,-0.902196458333846,              1687P   2135
0.0270335912529371,90.3804667648274;                                1687P   2136
100,49.190105689,3.167627036,48.641,5.707627036,48.641,             1689P   2137
5.46004386,49.73481219;                                             1689P   2138
126,1,1,1,0,1,0,0.,0.,1.,1.,1.,1.,1.570796317,1.570796327,0.,       1691P   2139
1.570796317,3.128694462,0.,0.,1.,0.,0.,1.;                          1691P   2140
100,49.190105689,3.167627036,48.641,3.167627036,51.181,             1693P   2141
0.627838315,48.673760499;                                           1693P   2142
126,12,2,1,0,1,0,0.,0.,0.,0.125,0.125,0.25,0.25,0.375,0.375,        1695P   2143
0.5,0.5,0.75,0.75,1.,1.,1.,1.,1.,1.,1.,1.,1.,1.,1.,1.,1.,1.,1.,     1695P   2144
1.,1.570796317,3.128694462,0.,1.627141915,3.010552085,0.,           1695P   2145
1.654877314,2.9510485,0.,1.701076899,2.851931806,0.,                1695P   2146
1.736287217,2.770915076,0.,1.77846132,2.673875113,0.,               1695P   2147
1.812297375,2.585999425,0.,1.850108409,2.487800314,0.,              1695P   2148
1.880097906,2.394443987,0.,1.946271587,2.188447478,0.,              1695P   2149
1.979815053,1.988137562,0.,2.01581787,1.773141251,0.,               1695P   2150
2.01581787,1.557898135,0.,0.,1.,0.,0.,-1.;                          1695P   2151
124,-0.999916819477429,0.0116416030112707,0.00555222527202897,      1697P   2152
5.49561682808131,0.0128978341648272,0.902526308517098,              1697P   2153
0.430441527165255,-16.4731019150903,3.33240379735145E-015,          1697P   2154
0.430477334494893,-0.902601387372173,72.6503153021691;              1697P   2155
100,49.190105689,3.167627036,48.641,5.707627036,48.641,             1699P   2156
3.167627036,51.181;                                                 1699P   2157
102,3,1685,1691,1695;                                               1701P   2158
102,3,1689,1693,1699;                                               1703P   2159
142,1,1683,1701,1703,1;                                             1705P   2160
144,1683,1,0,1705;                                                  1707P   2161
110,52.656793749,48.641,47.851746649,52.656793749,48.641,           1709P   2162
50.391746649;                                                       1709P   2163
124,1.40271576953299E-014,1.,0.,4.01579374902293,                   1711P   2164
-6.12323399573677E-017,8.58915688636046E-031,-1.,                   1711P   2165
96.4927466490345,-1.,1.40271576953299E-014,                         1711P   2166
6.12323399573677E-017,100.508540398058;                             1711P   2167
100,47.851746649,52.656793749,48.641,55.196793749,48.641,           1713P   2168
50.116793749,48.641;                                                1713P   2169
120,1709,1713,0.,6.28318530717959;                                  1715P   2170
126,1,1,1,0,1,0,0.,0.,1.,1.,1.,1.,1.570796317,0.011170107,0.,       1717P   2171
1.570796317,1.570796327,0.,0.,1.,0.,0.,1.;                          1717P   2172
100,47.851746649,52.656793749,48.641,55.196635291,48.669371482,     1719P   2173
52.656793749,51.181;                                                1719P   2174
126,2,2,1,0,1,0,0.,0.,0.,1.,1.,1.,1.,1.,1.,1.570796317,             1721P   2175
1.570796327,0.,1.875543957,1.562554892,0.,2.01581787,               1721P   2176
1.557898135,0.,0.,1.,0.,0.,-1.;                                     1721P   2177
124,-1.45719244197023E-016,0.0270335912529441,                      1723P   2178
0.999634525686248,3.50759477212313,1.,5.39030285815812E-015,0.,     1723P   2179
-4.01579374902393,-5.38833284092012E-015,0.999634525686248,         1723P   2180
-0.0270335912529441,0.52212824477949;                               1723P   2181
100,47.851746649,52.656793749,48.641,55.196793749,48.641,           1725P   2182
54.949210573,49.73481219;                                           1725P   2183
126,12,2,1,0,1,0,0.,0.,0.,0.25,0.25,0.5,0.5,0.625,0.625,0.75,       1727P   2184
0.75,0.875,0.875,1.,1.,1.,1.,1.,1.,1.,1.,1.,1.,1.,1.,1.,1.,1.,      1727P   2185
1.,2.01581787,1.557898135,0.,2.013835652,1.345976224,0.,            1727P   2186
1.976935721,1.134259415,0.,1.942625056,0.937398768,0.,              1727P   2187
1.876684588,0.734600844,0.,1.846821025,0.642756357,0.,              1727P   2188
1.809344753,0.546048323,0.,1.775815176,0.459524793,0.,              1727P   2189
1.734134203,0.363895223,0.,1.699338425,0.284062507,0.,              1727P   2190
1.653746129,0.186338705,0.,1.626375913,0.127672619,0.,              1727P   2191
1.570796317,0.011170107,0.,0.,1.,0.,0.,-1.;                         1727P   2192
124,0.0116416030112732,0.999920667686211,-0.00480951279130074,      1729P   2193
3.63678665102066,0.902526308517098,-0.00843677662176525,            1729P   2194
0.430552067971731,-19.0754369047944,0.430477334494893,              1729P   2195
-0.00935302807630804,-0.902552926620913,68.8278650535758;           1729P   2196
100,47.851746649,52.656793749,48.641,55.196793749,48.641,           1731P   2197
52.711967585,51.180400687;                                          1731P   2198
102,3,1717,1721,1727;                                               1733P   2199
102,3,1719,1725,1731;                                               1735P   2200
142,1,1715,1733,1735,1;                                             1737P   2201
144,1715,1,0,1737;                                                  1739P   2202
110,2.890240836,27.136371847,94.28358757,-2.661984436,              1741P   2203
-403.305155319,996.884974943;                                       1741P   2204
110,3.167627036,46.348357138,48.096767358,2.928297648,              1743P   2205
27.79411941,87.003516957;                                           1743P   2206
120,1741,1743,0.,6.28318530717959;                                  1745P   2207
126,1,1,1,0,1,0,0.,0.,1.,1.,1.,1.,0.,3.129950608,0.,0.,             1747P   2208
4.700746935,0.,0.,1.,0.,0.,1.;                                      1747P   2209
124,0.0116416030112671,-0.999916819477429,-0.00555222527202905,     1749P   2210
52.0408193441799,0.902526308517095,0.012897834164824,               1749P   2211
-0.430441527165261,66.3282339266905,0.430477334494899,              1749P   2212
1.80324505327789E-015,0.90260138737217,3.42745640580913;            1749P   2213
100,49.190105689,3.167627036,48.641,5.707627036,48.641,             1751P   2214
3.167627036,51.181;                                                 1751P   2215
126,1,1,1,0,1,0,0.,0.,1.,1.,1.,1.,0.,4.700746935,0.,1.,             1753P   2216
4.700746935,0.,0.,1.,0.,0.,1.;                                      1753P   2217
110,0.627838315,48.673760499,49.190105689,0.388508926,              1755P   2218
30.119522771,88.096855288;                                          1755P   2219
126,1,1,1,0,1,0,0.,0.,1.,1.,1.,1.,1.,4.700746935,0.,1.,             1757P   2220
3.129950608,0.,0.,1.,0.,0.,1.;                                      1757P   2221
124,-0.999916819477429,0.0116416030112692,0.00555222527202286,      1759P   2222
5.01695998943439,0.0128978341648233,0.902526308517097,              1759P   2223
0.430441527165258,-35.0256458427363,8.27289625693339E-015,          1759P   2224
0.430477334494896,-0.902601387372172,154.661529868032;              1759P   2225
100,88.096855288,2.928297648,30.086762273,5.468297648,              1761P   2226
30.086762273,2.928297648,32.626762273;                              1761P   2227
126,1,1,1,0,1,0,0.,0.,1.,1.,1.,1.,1.,3.129950608,0.,0.,             1763P   2228
3.129950608,0.,0.,1.,0.,0.,1.;                                      1763P   2229
110,2.957867319,32.379179096,89.190267718,3.197196708,              1765P   2230
50.933416824,50.283518119;                                          1765P   2231
102,4,1747,1753,1757,1763;                                          1767P   2232
102,4,1751,1755,1761,1765;                                          1769P   2233
142,1,1745,1767,1769,1;                                             1771P   2234
144,1745,1,0,1771;                                                  1773P   2235
110,53.031144701,15.128753816,118.102427394,57.840657493,           1775P   2236
-415.423314156,1020.655354015;                                      1775P   2237
110,52.656793749,46.348489052,46.758131748,52.871251383,            1777P   2238
27.150041804,87.003240387;                                          1777P   2239
120,1775,1777,0.,6.28318530717959;                                  1779P   2240
126,1,1,1,0,1,0,0.,0.,1.,1.,1.,1.,0.,1.580878017,0.,0.,             1781P   2241
3.129950653,0.,0.,1.,0.,0.,1.;                                      1781P   2242
124,0.999937615001087,-0.0100814033075311,0.00480951279130081,      1783P   2243
0.263510944707828,0.0111698749294155,0.902496620857564,             1783P   2244
-0.430552067971738,24.7571605403081,-5.59188112481124E-015,         1783P   2245
0.430578929637795,0.902552926620911,-16.2807770494856;              1783P   2246
100,47.851746649,52.656793749,48.641,55.196793749,48.641,           1785P   2247
52.711967585,51.180400687;                                          1785P   2248
126,1,1,1,0,1,0,0.,0.,1.,1.,1.,1.,0.,3.129950653,0.,1.,             1787P   2249
3.129950653,0.,0.,1.,0.,0.,1.;                                      1787P   2250
110,52.686363421,50.933416824,48.945159079,52.900821054,            1789P   2251
31.734969575,89.190267718;                                          1789P   2252
126,1,1,1,0,1,0,0.,0.,1.,1.,1.,1.,1.,3.129950653,0.,1.,             1791P   2253
1.580878017,0.,0.,1.,0.,0.,1.;                                      1791P   2254
124,0.011641603011274,0.999920667686211,-0.00480951279130013,       1793P   2255
23.2392312096217,0.902526308517099,-0.00843677662176626,            1793P   2256
0.430552067971729,-55.9570255705825,0.430477334494891,              1793P   2257
-0.00935302807630782,-0.902552926620914,145.124431510845;           1793P   2258
100,88.096855288,52.871251383,29.442552752,55.411251383,            1795P   2259
29.442552752,52.926425219,31.981953439;                             1795P   2260
126,1,1,1,0,1,0,0.,0.,1.,1.,1.,1.,1.,1.580878017,0.,0.,             1797P   2261
1.580878017,0.,0.,1.,0.,0.,1.;                                      1797P   2262
110,55.411092925,29.470924234,88.096855288,55.196635291,            1799P   2263
48.669371482,47.851746649;                                          1799P   2264
102,4,1781,1787,1791,1797;                                          1801P   2265
102,4,1785,1789,1795,1799;                                          1803P   2266
142,1,1779,1801,1803,1;                                             1805P   2267
144,1779,1,0,1805;                                                  1807P   2268
128,3,3,3,3,0,0,0,0,0,0.,0.,0.,0.,1.,1.,1.,1.,0.,0.,0.,0.,1.,       1809P   2269
1.,1.,1.,1.,0.755320871117972,0.755320871117972,1.,                 1809P   2270
0.73028866566596,0.551602271118394,0.551602271118394,               1809P   2271
0.73028866566596,0.73028866566596,0.551602271118394,                1809P   2272
0.551602271118394,0.73028866566596,1.,0.755320871117972,            1809P   2273
0.755320871117972,1.,0.474747198,35.821385378,99.162452629,         1809P   2274
0.304817167,36.081382372,97.454887804,1.534321223,36.248734128,     1809P   2275
96.241394726,3.260757422,36.200598199,96.412722683,0.401102042,     1809P   2276
30.111974868,98.300456043,0.247324621,31.624218193,                 1809P   2277
96.781953129,1.488307643,32.681487703,95.702818242,3.213123175,     1809P   2278
32.507708049,95.855176734,0.366183454,27.404878183,                 1809P   2279
93.199844479,0.220064734,29.510869652,92.800059882,1.466490468,     1809P   2280
30.990090499,92.515950117,3.190537566,30.75673732,92.556062373,     1809P   2281
0.39824525,29.890499301,87.98769619,0.245094409,31.451318914,       1809P   2282
88.731093285,1.486522716,32.543109507,89.259393714,3.21127538,      1809P   2283
32.364455968,89.18480521,0.,1.,0.,1.;                               1809P   2284
126,1,1,1,0,1,0,0.,0.,1.,1.,1.,1.,0.936858543,1.,0.,                1811P   2285
0.063141457,1.,0.,0.,1.,0.,0.,1.;                                   1811P   2286
124,0.0116416030112642,-0.999916819477429,-0.00555222527202294,     1813P   2287
33.4676007951836,0.902526308517094,0.0128978341648188,              1813P   2288
-0.430441527165264,64.9763874647304,0.430477334494902,              1813P   2289
6.13484957279198E-015,0.902601387372169,7.31994571597792;           1813P   2290
100,88.096855288,2.928297648,30.086762273,5.468297648,              1815P   2291
30.086762273,2.928297648,32.626762273;                              1815P   2292
126,1,1,1,0,1,0,0.,0.,1.,1.,1.,1.,0.063141457,1.,0.,                1817P   2293
0.063141457,0.,0.,0.,1.,0.,0.,1.;                                   1817P   2294
124,-0.011641603011262,-0.00555222527202837,-0.999916819477429,     1819P   2295
92.0576797252089,-0.902526308517101,-0.430441527165248,             1819P   2296
0.0128978341648191,52.173855977005,-0.430477334494887,              1819P   2297
0.902601387372176,6.12323399573677E-017,58.189185227756;            1819P   2298
100,91.377092577,0.477217941,36.996773242,8.097217941,              1821P   2299
36.996773242,-1.739585514,44.287190407;                             1821P   2300
126,1,1,1,0,1,0,0.,0.,1.,1.,1.,1.,0.063141457,0.,0.,                1823P   2301
0.936858543,0.,0.,0.,1.,0.,0.,1.;                                   1823P   2302
124,-0.999916819477429,0.00192531399599219,-0.0127533247492592,     1825P   2303
7.19689752345473,0.0128978341648213,0.149261792542754,              1825P   2304
-0.988713590055675,128.235724746507,-7.57727214306669E-015,         1825P   2305
-0.988795838610247,-0.149274209249486,149.101915639599;             1825P   2306
100,98.911716867,3.00233577,35.826637884,5.54233577,                1827P   2307
35.826637884,3.00233577,38.366637884;                               1827P   2308
126,1,1,1,0,1,0,0.,0.,1.,1.,1.,1.,0.936858543,0.,0.,                1829P   2309
0.936858543,1.,0.,0.,1.,0.,0.,1.;                                   1829P   2310
124,-0.00192531399598452,-0.0127533247492582,0.999916819477429,     1831P   2311
-87.8752623765329,-0.14926179254276,-0.988713590055674,             1831P   2312
-0.0128978341648191,75.1397248949144,0.988795838610246,             1831P   2313
-0.149274209249492,6.12323399573677E-017,93.9116627170734;          1831P   2314
100,91.377092577,3.017006663,36.964012743,8.097006663,              1833P   2315
36.964012743,1.539137693,41.824290853;                              1833P   2316
102,4,1811,1817,1823,1829;                                          1835P   2317
102,4,1815,1821,1827,1833;                                          1837P   2318
142,1,1809,1835,1837,1;                                             1839P   2319
144,1809,1,0,1839;                                                  1841P   2320
128,17,2,3,2,0,0,0,0,0,0.,0.,0.,0.,0.177620263690947,               1843P   2321
0.177620263690947,0.355240527381895,0.355240527381895,              1843P   2322
0.532860791072842,0.532860791072842,0.71048105476379,               1843P   2323
0.71048105476379,0.888101318454737,0.888101318454737,               1843P   2324
1.06572158214568,1.06572158214568,1.24334184583663,                 1843P   2325
1.24334184583663,1.42096210952758,1.42096210952758,                 1843P   2326
1.42096210952758,1.42096210952758,0.,0.,0.,1.,1.,1.,1.,1.,1.,       1843P   2327
1.,1.,1.,1.,1.,1.,1.,1.,1.,1.,1.,1.,1.,1.,1.,0.715564803266219,     1843P   2328
0.715564845220091,0.715520480643644,0.715344533358116,              1843P   2329
0.715212911121605,0.714866362621898,0.71465144117995,               1843P   2330
0.714144838172108,0.713853163750561,0.713201964677635,              1843P   2331
0.71284244938552,0.71206659628282,0.711650269881194,                1843P   2332
0.710773627672064,0.710313325104492,0.709362998145809,              1843P   2333
0.708873000733478,0.708375758139603,1.,1.,1.,1.,1.,1.,1.,1.,1.,     1843P   2334
1.,1.,1.,1.,1.,1.,1.,1.,1.,52.912304312,31.239995342,               1843P   2335
91.377092577,52.912304312,31.239995342,91.677865175,                1843P   2336
52.911682752,31.266787044,91.978628222,52.909216031,                1843P   2337
31.373112581,92.570704778,52.90737091,31.452644656,                 1843P   2338
92.862006199,52.902515085,31.66195008,93.425988345,                 1843P   2339
52.899504462,31.791719965,93.698659734,52.892412327,                1843P   2340
32.097419251,94.216801152,52.888330934,32.273343592,                1843P   2341
94.462262604,52.879225652,32.665817575,94.918259404,                1843P   2342
52.874201914,32.882360719,95.128787203,52.863369992,                1843P   2343
33.349259774,95.508290944,52.857561988,33.599607954,                1843P   2344
95.677260602,52.845344264,34.126240588,95.968329781,                1843P   2345
52.838934747,34.402516322,96.090424482,52.825715666,                1843P   2346
34.972311459,96.283900287,52.818906373,35.265819162,                1843P   2347
96.355277845,52.812004078,35.563335632,96.400175437,                1843P   2348
55.391688639,31.208013994,91.377092577,55.391688639,                1843P   2349
31.208013994,91.681399671,55.391382248,31.235442394,                1843P   2350
91.985732383,55.390167226,31.344212259,92.584443414,                1843P   2351
55.389258332,31.425577291,92.878876567,55.386868973,                1843P   2352
31.639474969,93.448243573,55.385388016,31.772051606,                1843P   2353
93.723222282,55.381904126,32.083932722,94.244832234,                1843P   2354
55.379900538,32.263295739,94.491489087,55.375438002,                1843P   2355
32.662786118,94.948601295,55.372978325,32.882978704,                1843P   2356
95.159058919,55.367684731,33.356866183,95.537172679,                1843P   2357
55.36485011,33.610624146,95.704806695,55.358899253,                 1843P   2358
34.143350402,95.992134496,55.355782434,34.422370932,                1843P   2359
96.111783918,55.349367973,34.996599456,96.29961262,                 1843P   2360
55.346069954,35.291841164,96.367730347,55.342736574,                1843P   2361
35.590248453,96.409165676,55.419385355,28.728578103,                1843P   2362
91.377092577,55.419385355,28.728578103,91.828251475,                1843P   2363
55.418936507,28.768759419,92.279396045,55.417155208,                1843P   2364
28.928222975,93.167510879,55.415822787,29.047502574,                1843P   2365
93.60446301,55.412316239,29.361411989,94.450436229,                 1843P   2366
55.410142171,29.556036608,94.859443313,55.405020712,                1843P   2367
30.014514377,95.63665544,55.402073406,30.278359937,                 1843P   2368
96.004847617,55.395498188,30.866979553,96.688842817,                1843P   2369
55.391870385,31.191743863,97.004634516,55.384048305,                1843P   2370
31.891983761,97.573890127,55.379854158,32.267447756,                1843P   2371
97.827344615,55.371031346,33.057274118,98.263948383,                1843P   2372
55.366402827,33.471623409,98.447090435,55.356856903,                1843P   2373
34.326183479,98.737304142,55.351939692,34.766376715,                1843P   2374
98.844370479,55.346955323,35.212582162,98.911716867,0.,             1843P   2375
1.42096210952758,0.,1.;                                             1843P   2376
126,1,1,1,0,1,0,0.,0.,1.,1.,1.,1.,0.,1.,0.,0.,0.,0.,0.,1.,0.,       1845P   2377
0.,1.;                                                              1845P   2378
100,91.377092577,52.879543813,28.70020662,55.419385355,             1847P   2379
28.728578103,52.912304312,31.239995342;                             1847P   2380
126,1,1,1,0,1,0,0.,0.,1.,1.,1.,1.,0.,0.,0.,1.42096211,0.,0.,0.,     1849P   2381
1.,0.,0.,1.;                                                        1849P   2382
126,3,3,1,0,0,0,0.,0.,0.,0.,1.,1.,1.,1.,1.,0.838698813676131,       1851P   2383
0.838698813676131,1.,52.912304312,31.239995342,91.377092577,        1851P   2384
52.912304312,31.239995342,94.010670824,52.872440882,                1851P   2385
32.958268227,96.007050127,52.812004078,35.563335632,                1851P   2386
96.400175437,0.,1.,0.999730995,0.023193468,0.;                      1851P   2387
126,1,1,1,0,1,0,0.,0.,1.,1.,1.,1.,1.42096211,0.,0.,1.42096211,      1853P   2388
1.,0.,0.,1.,0.,0.,1.;                                               1853P   2389
124,0.00192531399600213,0.999937150836313,0.0110447971178312,       1855P   2390
16.4309842785796,0.149261792542754,0.0106337310889606,              1855P   2391
-0.988740532723349,124.726010410634,-0.988795838610247,             1855P   2392
0.0035522022021454,-0.149231938292627,165.762977019776;             1855P   2393
100,98.911716867,52.80711378,35.184210679,55.34711378,              1857P   2394
35.184210679,52.816238551,37.724194289;                             1857P   2395
126,1,1,1,0,1,0,0.,0.,1.,1.,1.,1.,1.42096211,1.,0.,0.,1.,0.,0.,     1859P   2396
1.,0.,0.,1.;                                                        1859P   2397
126,3,3,1,0,0,0,0.,0.,0.,0.,1.,1.,1.,1.,1.,0.838698813676131,       1861P   2398
0.838698813676131,1.,55.346955323,35.212582162,98.911716867,        1861P   2399
55.390598687,31.305587455,98.322028902,55.419385355,                1861P   2400
28.728578103,95.327459947,55.419385355,28.728578103,                1861P   2401
91.377092577,0.,1.,-0.999937615,-0.011169875,0.;                    1861P   2402
102,4,1845,1849,1853,1859;                                          1863P   2403
102,4,1847,1851,1857,1861;                                          1865P   2404
142,1,1843,1863,1865,1;                                             1867P   2405
144,1843,1,0,1867;                                                  1869P   2406
110,2.91492021,29.049663717,97.88854143,15.668244959,               1871P   2407
1017.763253773,247.16275068;                                        1871P   2408
110,3.00233577,35.447450555,101.423253642,3.167627036,              1873P   2409
48.26181267,103.357943112;                                          1873P   2410
120,1871,1873,0.,6.28318530717959;                                  1875P   2411
126,1,1,1,0,1,0,0.,0.,1.,1.,1.,1.,0.,3.139667182,0.,0.,             1877P   2412
4.710463509,0.,0.,1.,0.,0.,1.;                                      1877P   2413
124,0.00192531399598493,-0.999916819477429,0.0127533247492592,      1879P   2414
37.5587598899521,0.149261792542747,0.0128978341648202,              1879P   2415
0.988713590055676,-62.878940851239,-0.988795838610248,              1879P   2416
-4.83987849797529E-016,0.149274209249479,87.1154456619546;          1879P   2417
100,98.911716867,3.00233577,35.826637884,5.54233577,                1881P   2418
35.826637884,3.00233577,38.366637884;                               1881P   2419
126,1,1,1,0,1,0,0.,0.,1.,1.,1.,1.,0.,4.710463509,0.,1.,             1883P   2420
4.710463509,0.,0.,1.,0.,0.,1.;                                      1883P   2421
110,0.462547048,35.859398383,98.911716867,0.627838315,              1885P   2422
48.673760499,100.846406338;                                         1885P   2423
126,1,1,1,0,1,0,0.,0.,1.,1.,1.,1.,1.,4.710463509,0.,1.,             1887P   2424
3.139667182,0.,0.,1.,0.,0.,1.;                                      1887P   2425
124,-0.999916819477429,0.00192531399599001,-0.0127533247492573,     1889P   2426
7.52746835983578,0.0128978341648191,0.149261792542754,              1889P   2427
-0.988713590055675,141.048114075102,-5.69856661858381E-015,         1889P   2428
-0.988795838610247,-0.149274209249486,163.996192285284;             1889P   2429
100,100.846406338,3.167627036,48.641,5.707627036,48.641,            1891P   2430
3.167627036,51.181;                                                 1891P   2431
126,1,1,1,0,1,0,0.,0.,1.,1.,1.,1.,1.,3.139667182,0.,0.,             1893P   2432
3.139667182,0.,0.,1.,0.,0.,1.;                                      1893P   2433
110,3.172517334,49.020124953,98.334864908,3.007226068,              1895P   2434
36.205762837,96.400175437;                                          1895P   2435
102,4,1877,1883,1887,1893;                                          1897P   2436
102,4,1881,1885,1891,1895;                                          1899P   2437
142,1,1875,1897,1899,1;                                             1901P   2438
144,1875,1,0,1901;                                                  1903P   2439
110,53.171986878,2.52043091,93.98172866,42.12718976,                1905P   2440
991.260963634,243.213666952;                                        1905P   2441
110,52.80711378,34.805138434,101.423271014,52.656793749,            1907P   2442
48.261927755,103.454322324;                                         1907P   2443
120,1905,1907,0.,6.28318530717959;                                  1909P   2444
126,1,1,1,0,1,0,0.,0.,1.,1.,1.,1.,0.,1.572463331,0.,0.,             1911P   2445
3.139667221,0.,0.,1.,0.,0.,1.;                                      1911P   2446
124,0.999937615001086,-0.00166690208619158,-0.0110447971178312,     1913P   2447
1.15440285129494,0.0111698749294253,0.149222628458312,              1913P   2448
0.98874053272335,-68.453942202749,1.28421578926563E-014,            1913P   2449
-0.988802219148717,0.14923193829262,118.941155238209;               1913P   2450
100,98.911716867,52.80711378,35.184210679,55.34711378,              1915P   2451
35.184210679,52.816238551,37.724194289;                             1915P   2452
126,1,1,1,0,1,0,0.,0.,1.,1.,1.,1.,0.,3.139667221,0.,1.,             1917P   2453
3.139667221,0.,0.,1.,0.,0.,1.;                                      1917P   2454
110,52.812004078,35.563335632,96.400175437,52.661684047,            1919P   2455
49.020124953,98.431226747;                                          1919P   2456
126,1,1,1,0,1,0,0.,0.,1.,1.,1.,1.,1.,3.139667221,0.,1.,             1921P   2457
1.572463331,0.,0.,1.,0.,0.,1.;                                      1921P   2458
124,0.00192531399599854,0.999937150836313,0.0110447971178312,       1923P   2459
2.80257753818189,0.149261792542757,0.0106337310889612,              1923P   2460
-0.988740532723349,140.070323643112,-0.988795838610246,             1923P   2461
0.00355220220214188,-0.14923193829263,167.900688994545;             1923P   2462
100,100.942768177,52.656793749,48.641,55.196793749,48.641,          1925P   2463
52.66591852,51.18098361;                                            1925P   2464
126,1,1,1,0,1,0,0.,0.,1.,1.,1.,1.,1.,1.572463331,0.,0.,             1927P   2465
1.572463331,0.,0.,1.,0.,0.,1.;                                      1927P   2466
110,55.196635291,48.669371482,100.942768177,55.346955323,           1929P   2467
35.212582162,98.911716867;                                          1929P   2468
102,4,1911,1917,1921,1927;                                          1931P   2469
102,4,1915,1919,1925,1929;                                          1933P   2470
142,1,1909,1931,1933,1;                                             1935P   2471
144,1909,1,0,1935;                                                  1937P   2472
110,3.167627036,48.641,100.846406338,3.167627036,48.641,            1939P   2473
103.386406338;                                                      1939P   2474
124,1.40271576953299E-014,1.,0.,-45.4733729635169,                  1941P   2475
-6.12323399573677E-017,8.58915688636046E-031,-1.,                   1941P   2476
149.487406337727,-1.,1.40271576953299E-014,                         1941P   2477
6.12323399573677E-017,104.014033374209;                             1941P   2478
100,100.846406338,3.167627036,48.641,5.707627036,48.641,            1943P   2479
0.627627036,48.641;                                                 1943P   2480
120,1939,1943,0.,6.28318530717959;                                  1945P   2481
126,6,2,1,0,1,0,0.,0.,0.,0.5,0.5,0.75,0.75,1.,1.,1.,1.,1.,1.,       1947P   2482
1.,1.,1.,1.,1.570796317,1.570796327,0.,1.062795243,1.569807183,     1947P   2483
0.,0.860310614,1.569121067,0.,0.635478016,1.568359225,0.,           1947P   2484
0.505068745,1.567274667,0.,0.231052403,1.564995789,0.,              1947P   2485
0.149834207,1.557898135,0.,0.,1.,0.,0.,1.;                          1947P   2486
124,-1.19227097280986E-019,0.00194712626308249,                     1949P   2487
-0.999998104347861,103.919132035941,1.,6.12323399573677E-017,       1949P   2488
0.,45.4733729635168,6.12322238821515E-017,-0.999998104347861,       1949P   2489
-0.00194712626308249,149.683674817629;                              1949P   2490
100,100.846406338,3.167627036,48.641,5.707627036,48.641,            1951P   2491
3.54675199,51.152546191;                                            1951P   2492
126,22,2,1,0,1,0,0.,0.,0.,0.03125,0.03125,0.0625,0.0625,0.125,      1953P   2493
0.125,0.1875,0.1875,0.25,0.25,0.375,0.375,0.5,0.5,0.625,0.625,      1953P   2494
0.75,0.75,0.875,0.875,1.,1.,1.,1.,1.,1.,1.,1.,1.,1.,1.,1.,1.,       1953P   2495
1.,1.,1.,1.,1.,1.,1.,1.,1.,1.,1.,1.,1.,0.149834207,1.557898135,     1953P   2496
0.,0.149834207,1.723365283,0.,0.157612814,1.87583814,0.,            1953P   2497
0.164994312,2.020527047,0.,0.178930972,2.141133122,0.,              1953P   2498
0.202596603,2.345932459,0.,0.246401596,2.484904054,0.,              1953P   2499
0.280255934,2.592307139,0.,0.329455561,2.671393951,0.,              1953P   2500
0.36810361,2.733519443,0.,0.418921347,2.782802679,0.,               1953P   2501
0.494016668,2.855630408,0.,0.605612286,2.908899022,0.,              1953P   2502
0.687306859,2.947894788,0.,0.79654047,2.980514409,0.,               1953P   2503
0.881387982,3.005851791,0.,0.989215513,3.029281422,0.,              1953P   2504
1.075050665,3.047932372,0.,1.182733715,3.066941676,0.,              1953P   2505
1.266431091,3.081716785,0.,1.37667493,3.099010697,0.,               1953P   2506
1.440716883,3.109056935,0.,1.570796317,3.128694462,0.,0.,1.,0.,     1953P   2507
0.,-1.;                                                             1953P   2508
124,0.00192531399597766,-0.999916819477429,0.0127533247492574,      1955P   2509
50.5123554061968,0.149261792542747,0.0128978341648173,              1955P   2510
0.988713590055676,-52.1673816955703,-0.988795838610248,             1955P   2511
6.41847686111419E-015,0.149274209249479,88.9247752079543;           1955P   2512
100,100.846406338,3.167627036,48.641,5.707627036,48.641,            1957P   2513
3.167627036,51.181;                                                 1957P   2514
126,1,1,1,0,1,0,0.,0.,1.,1.,1.,1.,1.570796317,3.128694462,0.,       1959P   2515
1.570796317,1.570796327,0.,0.,1.,0.,0.,1.;                          1959P   2516
124,-0.999916819477429,0.0128978341648187,                          1961P   2517
6.98296267768627E-015,5.7076270364825,0.0128978341648187,           1961P   2518
0.999916819477429,7.63055703234786E-029,-0.0368095444141658,        1961P   2519
-6.98238183120164E-015,9.00650945959921E-017,-1.,                   1961P   2520
201.692812675453;                                                   1961P   2521
100,100.846406338,3.167627036,48.641,5.707627036,48.641,            1963P   2522
3.200387535,51.180788721;                                           1963P   2523
102,3,1947,1953,1959;                                               1965P   2524
102,3,1951,1957,1963;                                               1967P   2525
142,1,1945,1965,1967,1;                                             1969P   2526
144,1945,1,0,1969;                                                  1971P   2527
110,52.656793749,48.641,100.942768177,52.656793749,48.641,          1973P   2528
103.482768177;                                                      1973P   2529
124,1.40271576953299E-014,1.,0.,4.01579374902293,                   1975P   2530
-6.12323399573677E-017,8.58915688636046E-031,-1.,                   1975P   2531
149.583768176643,-1.,1.40271576953299E-014,                         1975P   2532
6.12323399573677E-017,153.599561925666;                             1975P   2533
100,100.942768177,52.656793749,48.641,55.196793749,48.641,          1977P   2534
50.116793749,48.641;                                                1977P   2535
120,1973,1977,0.,6.28318530717959;                                  1979P   2536
126,22,2,1,0,1,0,0.,0.,0.,0.125,0.125,0.25,0.25,0.375,0.375,        1981P   2537
0.5,0.5,0.625,0.625,0.75,0.75,0.8125,0.8125,0.875,0.875,0.9375,     1981P   2538
0.9375,0.96875,0.96875,1.,1.,1.,1.,1.,1.,1.,1.,1.,1.,1.,1.,1.,      1981P   2539
1.,1.,1.,1.,1.,1.,1.,1.,1.,1.,1.,1.,1.,1.570796317,0.011170107,     1981P   2540
0.,1.441016487,0.030756729,0.,1.377117493,0.040775874,0.,           1981P   2541
1.267136189,0.058020568,0.,1.183617442,0.072749083,0.,              1981P   2542
1.076200213,0.091692091,0.,0.990536796,0.110267497,0.,              1981P   2543
0.882987481,0.13358868,0.,0.79829088,0.158785281,0.,                1981P   2544
0.689356032,0.19119258,0.,0.607769965,0.229874533,0.,               1981P   2545
0.496500277,0.282630218,0.,0.421414396,0.354555029,0.,              1981P   2546
0.370701197,0.403133232,0.,0.332029071,0.464227761,0.,              1981P   2547
0.282869157,0.541890981,0.,0.248869481,0.647015691,0.,              1981P   2548
0.204885439,0.783011387,0.,0.180751516,0.98288877,0.,               1981P   2549
0.166497407,1.100941436,0.,0.158682471,1.242996001,0.,              1981P   2550
0.150419429,1.393195916,0.,0.149834207,1.557898135,0.,0.,1.,0.,     1981P   2551
0.,-1.;                                                             1981P   2552
124,0.999937615001086,-0.00166690208619161,-0.0110447971178312,     1983P   2553
1.19925717341856,0.0111698749294253,0.149222628458315,              1983P   2554
0.98874053272335,-59.0117140527454,1.28438926161323E-014,           1983P   2555
-0.988802219148717,0.149231938292623,133.975211966632;              1983P   2556
100,100.942768177,52.656793749,48.641,55.196793749,48.641,          1985P   2557
52.66591852,51.18098361;                                            1985P   2558
126,6,2,1,0,1,0,0.,0.,0.,0.25,0.25,0.5,0.5,1.,1.,1.,1.,1.,1.,       1987P   2559
1.,1.,1.,1.,0.149834207,1.557898135,0.,0.231052403,1.564995789,     1987P   2560
0.,0.505068745,1.567274667,0.,0.635478016,1.568359225,0.,           1987P   2561
0.860310614,1.569121067,0.,1.062795243,1.569807183,0.,              1987P   2562
1.570796317,1.570796327,0.,0.,1.,0.,0.,-1.;                         1987P   2563
124,0.00192531399590337,-0.000290631556333714,                      1989P   2564
0.999998104347861,-48.3730273276976,0.149261792542749,              1989P   2565
0.988797713026747,0.,-7.3147569838671,-0.988795838610247,           1989P   2566
0.149261509594313,0.0019471262630755,145.552809307074;              1989P   2567
100,100.942768177,52.656793749,48.641,55.196793749,48.641,          1991P   2568
53.035918702,51.152546191;                                          1991P   2569
126,1,1,1,0,1,0,0.,0.,1.,1.,1.,1.,1.570796317,1.570796327,0.,       1993P   2570
1.570796317,0.011170107,0.,0.,1.,0.,0.,1.;                          1993P   2571
124,-6.08194050677469E-015,1.,-1.0848711449574E-014,                1995P   2572
4.01579374902507,1.,6.09234884763055E-015,                          1995P   2573
-7.10458464722895E-015,-4.01579374902325,                           1995P   2574
-7.10458464722889E-015,-1.0848711449574E-014,-1.,                   1995P   2575
201.885536353287;                                                   1995P   2576
100,100.942768177,52.656793749,48.641,55.196793749,48.641,          1997P   2577
52.685165231,51.180841542;                                          1997P   2578
102,3,1981,1987,1993;                                               1999P   2579
102,3,1985,1991,1997;                                               2001P   2580
142,1,1979,1999,2001,1;                                             2003P   2581
144,1979,1,0,2003;                                                  2005P   2582
110,3.167627036,48.641,110.871,3.167627036,48.641,-889.129;         2007P   2583
110,0.627627036,48.641,105.877746291,0.627627036,48.641,            2009P   2584
100.846406338;                                                      2009P   2585
120,2007,2009,0.,6.28318530717959;                                  2011P   2586
126,1,1,1,0,1,0,0.,0.,1.,1.,1.,1.,1.,1.570796327,0.,1.,             2013P   2587
0.012898192,0.,0.,1.,0.,0.,1.;                                      2013P   2588
100,100.846406338,3.167627036,48.641,3.167627036,51.181,            2015P   2589
0.627838315,48.673760499;                                           2015P   2590
126,1,1,1,0,1,0,0.,0.,1.,1.,1.,1.,1.,0.012898192,0.,0.,             2017P   2591
0.012898192,0.,0.,1.,0.,0.,1.;                                      2017P   2592
110,0.627838315,48.673760499,100.846406338,0.627838315,             2019P   2593
48.673760499,105.877746291;                                         2019P   2594
126,1,1,1,0,1,0,0.,0.,1.,1.,1.,1.,0.,0.012898192,0.,0.,             2021P   2595
1.570796327,0.,0.,1.,0.,0.,1.;                                      2021P   2596
124,-0.999916819477429,0.012897834164821,6.98296267768627E-015,     2023P   2597
5.70762703648234,0.012897834164821,0.999916819477429,0.,            2023P   2598
-0.036809544414178,-6.98238183120164E-015,                          2023P   2599
9.00650945959319E-017,-1.,211.755492582595;                         2023P   2600
100,105.877746291,3.167627036,48.641,5.707627036,48.641,            2025P   2601
3.200387535,51.180788721;                                           2025P   2602
126,1,1,1,0,1,0,0.,0.,1.,1.,1.,1.,0.,1.570796327,0.,1.,             2027P   2603
1.570796327,0.,0.,1.,0.,0.,1.;                                      2027P   2604
110,3.167627036,51.181,105.877746291,3.167627036,51.181,            2029P   2605
100.846406338;                                                      2029P   2606
102,4,2013,2017,2021,2027;                                          2031P   2607
102,4,2015,2019,2025,2029;                                          2033P   2608
142,1,2011,2031,2033,1;                                             2035P   2609
144,2011,1,0,2035;                                                  2037P   2610
110,52.656793749,48.641,110.871,52.656793749,48.641,-889.129;       2039P   2611
110,50.116793749,48.641,105.877593023,50.116793749,48.641,          2041P   2612
100.942768177;                                                      2041P   2613
120,2039,2041,0.,6.28318530717959;                                  2043P   2614
126,1,1,1,0,1,0,0.,0.,1.,1.,1.,1.,1.,3.130422546,0.,1.,             2045P   2615
1.570796327,0.,0.,1.,0.,0.,1.;                                      2045P   2616
100,100.942768177,52.656793749,48.641,55.196635291,                 2047P   2617
48.669371482,52.656793749,51.181;                                   2047P   2618
126,1,1,1,0,1,0,0.,0.,1.,1.,1.,1.,1.,1.570796327,0.,0.,             2049P   2619
1.570796327,0.,0.,1.,0.,0.,1.;                                      2049P   2620
110,52.656793749,51.181,100.942768177,52.656793749,51.181,          2051P   2621
105.877593023;                                                      2051P   2622
126,1,1,1,0,1,0,0.,0.,1.,1.,1.,1.,0.,1.570796327,0.,0.,             2053P   2623
3.130422546,0.,0.,1.,0.,0.,1.;                                      2053P   2624
124,-7.19216353139984E-015,1.,7.79988197466518E-017,                2055P   2625
4.01579374902405,1.,7.18869408444789E-015,                          2055P   2626
-6.98252704556721E-015,-4.01579374902327,                           2055P   2627
-6.98252704556721E-015,7.79988197466016E-017,-1.,                   2055P   2628
211.755186046931;                                                   2055P   2629
100,105.877593023,52.656793749,48.641,55.196793749,48.641,          2057P   2630
52.685165231,51.180841542;                                          2057P   2631
126,1,1,1,0,1,0,0.,0.,1.,1.,1.,1.,0.,3.130422546,0.,1.,             2059P   2632
3.130422546,0.,0.,1.,0.,0.,1.;                                      2059P   2633
110,55.196635291,48.669371482,105.877593023,55.196635291,           2061P   2634
48.669371482,100.942768177;                                         2061P   2635
102,4,2045,2049,2053,2059;                                          2063P   2636
102,4,2047,2051,2057,2061;                                          2065P   2637
142,1,2043,2063,2065,1;                                             2067P   2638
144,2043,1,0,2067;                                                  2069P   2639
128,17,2,3,2,0,0,0,0,0,2.78798638525089,2.78798638525089,           2071P   2640
2.78798638525089,2.78798638525089,2.98427966010824,                 2071P   2641
2.98427966010824,3.18057293496559,3.18057293496559,                 2071P   2642
3.37686620982293,3.37686620982293,3.57315948468028,                 2071P   2643
3.57315948468028,3.76945275953763,3.76945275953763,                 2071P   2644
3.96574603439498,3.96574603439498,4.16203930925233,                 2071P   2645
4.16203930925233,4.35833258410968,4.35833258410968,                 2071P   2646
4.35833258410968,4.35833258410968,0.,0.,0.,1.,1.,1.,1.,1.,1.,       2071P   2647
1.,1.,1.,1.,1.,1.,1.,1.,1.,1.,1.,1.,1.,1.,1.,0.719339800338648,     2071P   2648
0.719632831731844,0.719847365149056,0.720112191885613,              2071P   2649
0.72016238821952,0.720096526253054,0.71998046916296,                2071P   2650
0.719586313715113,0.719308222655196,0.718600128162348,              2071P   2651
0.718170138082886,0.717173978821897,0.716607828964674,              2071P   2652
0.71536019534159,0.714678736690324,0.713225772687641,               2071P   2653
0.712454346546257,0.711652244486314,1.,1.,1.,1.,1.,1.,1.,1.,1.,     2071P   2654
1.,1.,1.,1.,1.,1.,1.,1.,1.,5.706694913,51.181,108.418150512,        2071P   2655
5.540484242,51.181,108.418150512,5.374288817,51.181,                2071P   2656
108.401776886,5.048284108,51.181,108.336909654,4.888484744,         2071P   2657
51.181,108.288417645,4.581413902,51.181,108.161174568,              2071P   2658
4.434149985,51.181,108.082426633,4.15780683,51.181,                 2071P   2659
107.897694798,4.028734396,51.181,107.791715447,3.793732574,         2071P   2660
51.181,107.55658994,3.687808972,51.181,107.427449574,               2071P   2661
3.503174313,51.181,107.150960976,3.424467802,51.181,                2071P   2662
107.003619552,3.29729166,51.181,106.696387094,3.248825159,          2071P   2663
51.181,106.536503626,3.18399205,51.181,106.210327336,               2071P   2664
3.167627036,51.181,106.04404444,3.167627036,51.181,                 2071P   2665
105.877746291,5.706694913,51.181,110.871,5.380037799,51.181,        2071P   2666
110.868930808,5.053592372,51.181,110.835244508,4.413512015,         2071P   2667
51.181,110.705977175,4.099746397,51.181,110.610392569,              2071P   2668
3.496432948,51.181,110.360896652,3.206763013,51.181,                2071P   2669
110.20692861,2.662197772,51.181,109.84624211,2.407212337,           2071P   2670
51.181,109.639422531,1.941404102,51.181,109.180450732,              2071P   2671
1.730537777,51.181,108.928168228,1.360883536,51.181,                2071P   2672
108.387317487,1.20210677,51.181,108.098609531,0.942799204,          2071P   2673
51.181,107.495325752,0.842334459,51.181,107.180622393,              2071P   2674
0.703827498,51.181,106.536831677,0.665898441,51.181,                2071P   2675
106.207657166,0.660178964,51.181,105.877746291,5.706694913,         2071P   2676
48.729644722,110.956603213,5.374301202,48.73178569,                 2071P   2677
110.956528448,5.041930587,48.733355475,110.923726378,               2071P   2678
4.389946157,48.735292681,110.793924265,4.070352167,                 2071P   2679
48.735660031,110.696927419,3.456204268,48.735178151,                2071P   2680
110.442458093,3.161665479,48.734328933,110.284991878,               2071P   2681
2.608941987,48.731446474,109.915628866,2.350770894,                 2071P   2682
48.729413305,109.703741164,1.880700533,48.724240976,                2071P   2683
109.233670773,1.668812839,48.721101944,108.975499657,               2071P   2684
1.299449829,48.713838401,108.422776109,1.141983608,                 2071P   2685
48.709714068,108.128237285,0.887514255,48.700638285,                2071P   2686
107.514089304,0.790517389,48.695687058,107.194495268,               2071P   2687
0.660715223,48.685147613,106.542510734,0.627913119,                 2071P   2688
48.679559721,106.210140063,0.627838315,48.673760499,                2071P   2689
105.877746291,2.78798638525089,4.35833258410968,0.,1.;              2071P   2690
126,1,1,1,0,1,0,0.,0.,1.,1.,1.,1.,4.358332584,0.,0.,                2073P   2691
4.358332584,1.,0.,0.,1.,0.,0.,1.;                                   2073P   2692
100,105.877746291,3.167627036,48.641,3.167627036,51.181,            2075P   2693
0.627838315,48.673760499;                                           2075P   2694
126,1,1,1,0,1,0,0.,0.,1.,1.,1.,1.,4.358332584,1.,0.,                2077P   2695
2.787986385,1.,0.,0.,1.,0.,0.,1.;                                   2077P   2696
126,3,3,1,0,0,0,0.,0.,0.,0.,1.,1.,1.,1.,1.,0.804843938356264,       2079P   2697
0.804843938356264,1.,0.627838315,48.673760499,105.877746291,        2079P   2698
0.628507765,48.725660214,108.852479984,2.731961762,                 2079P   2699
48.748805166,110.955934115,5.706694913,48.729644722,                2079P   2700
110.956603213,0.,1.,-0.006443873,-0.999827054,0.017445277;          2079P   2701
126,1,1,1,0,1,0,0.,0.,1.,1.,1.,1.,2.787986385,1.,0.,                2081P   2702
2.787986385,0.,0.,0.,1.,0.,0.,1.;                                   2081P   2703
124,6.11950388703081E-017,-2.13697784642871E-018,-1.,               2083P   2704
114.124845424547,0.0348994967025032,0.999390827019096,0.,           2083P   2705
-0.169529997318799,0.999390827019096,-0.0348994967025032,           2083P   2706
6.12323399573677E-017,104.412478382891;                             2083P   2707
100,108.418150512,5.706694913,48.641,8.246694913,48.641,            2085P   2708
5.795339634,51.179452701;                                           2085P   2709
126,1,1,1,0,1,0,0.,0.,1.,1.,1.,1.,2.787986385,0.,0.,                2087P   2710
4.358332584,0.,0.,0.,1.,0.,0.,1.;                                   2087P   2711
126,3,3,1,0,0,0,0.,0.,0.,0.,1.,1.,1.,1.,1.,0.804843938356264,       2089P   2712
0.804843938356264,1.,5.706694913,51.181,108.418150512,              2089P   2713
4.219204763,51.181,108.418150512,3.167627036,51.181,                2089P   2714
107.366019327,3.167627036,51.181,105.877746291,0.,1.,0.,1.,0.;      2089P   2715
102,4,2073,2077,2081,2087;                                          2091P   2716
102,4,2075,2079,2085,2089;                                          2093P   2717
142,1,2071,2091,2093,1;                                             2095P   2718
144,2071,1,0,2095;                                                  2097P   2719
128,5,2,3,2,0,0,0,0,0,-8.88178419700125E-016,                       2099P   2720
-8.88178419700125E-016,-8.88178419700125E-016,                      2099P   2721
-8.88178419700125E-016,0.154701122081031,0.154701122081031,         2099P   2722
0.309402244162063,0.309402244162063,0.309402244162063,              2099P   2723
0.309402244162063,0.,0.,0.,1.,1.,1.,1.,1.,1.,1.,1.,1.,              2099P   2724
0.71994419425834,0.719944230159339,0.719893350016974,               2099P   2725
0.71969112176146,0.719539774389449,0.719339800338648,1.,1.,1.,      2099P   2726
1.,1.,1.,50.891029537,51.181,108.297467001,50.766275985,51.181,     2099P   2727
108.337373582,50.638429703,51.181,108.367604024,50.379597181,       2099P   2728
51.181,108.407992768,50.248614512,51.181,108.418150512,             2099P   2729
50.117625493,51.181,108.418150512,51.637050541,51.181,              2099P   2730
110.629632977,51.391953033,51.181,110.708035583,51.140853159,       2099P   2731
51.181,110.767779659,50.632459086,51.181,110.848555949,             2099P   2732
50.375099116,51.181,110.86958755,50.117625493,51.181,110.871,       2099P   2733
51.664384218,48.734063786,110.715081873,51.414877113,               2099P   2734
48.734063786,110.794895035,51.159188703,48.73369184,                2099P   2735
110.855368909,50.641540179,48.732212927,110.936198041,              2099P   2736
50.379587203,48.73110598,110.956552184,50.117625493,                2099P   2737
48.729644722,110.956603213,-8.88178419700125E-016,                  2099P   2738
0.309402244162063,0.,1.;                                            2099P   2739
126,1,1,1,0,1,0,0.,0.,1.,1.,1.,1.,0.,1.,0.,0.,0.,0.,0.,1.,0.,       2101P   2740
0.,1.;                                                              2101P   2741
124,0.304470346593845,-0.0111630713915996,-0.952456399990115,       2103P   2742
139.087818638606,0.0366392856925844,0.999328555953415,0.,           2103P   2743
-1.83195126053653,0.95181687881071,-0.0348973221489682,             2103P   2744
0.304674918754186,28.5604447939498;                                 2103P   2745
100,108.297467001,50.891029537,48.641,53.431029537,48.641,          2105P   2746
50.984093323,51.179294532;                                          2105P   2747
126,1,1,1,0,1,0,0.,0.,1.,1.,1.,1.,0.,0.,0.,0.309402244,0.,0.,       2107P   2748
0.,1.,0.,0.,1.;                                                     2107P   2749
126,3,3,1,0,0,0,0.,0.,0.,0.,1.,1.,1.,1.,1.,0.992038418298538,       2109P   2750
0.992038418298538,1.,50.891029537,51.181,108.297467001,             2109P   2751
50.640523116,51.181,108.377599827,50.380652789,51.181,              2109P   2752
108.418150512,50.117625493,51.181,108.418150512,0.,1.,0.,1.,0.;     2109P   2753
126,1,1,1,0,1,0,0.,0.,1.,1.,1.,1.,0.309402244,0.,0.,                2111P   2754
0.309402244,1.,0.,0.,1.,0.,0.,1.;                                   2111P   2755
124,3.74939945665464E-033,-6.12323399573677E-017,1.,                2113P   2756
-58.3005250185215,1.,6.12323399573677E-017,0.,-1.4766254934685,     2113P   2757
-6.12323399573677E-017,1.,6.12323399573677E-017,59.77715051199;     2113P   2758
100,108.418150512,50.117625493,48.641,52.657625493,48.641,          2115P   2759
50.206270215,51.179452701;                                          2115P   2760
126,1,1,1,0,1,0,0.,0.,1.,1.,1.,1.,0.309402244,1.,0.,0.,1.,0.,       2117P   2761
0.,1.,0.,0.,1.;                                                     2117P   2762
126,3,3,1,0,0,0,0.,0.,0.,0.,1.,1.,1.,1.,1.,0.992038418298538,       2119P   2763
0.992038418298538,1.,50.117625493,48.729644722,110.956603213,       2119P   2764
50.643647308,48.732578943,110.956500747,51.163371375,               2119P   2765
48.734063786,110.875347526,51.664384218,48.734063786,               2119P   2766
110.715081873,0.,1.,0.005580598,-0.999832238,0.01744573;            2119P   2767
102,4,2101,2107,2111,2117;                                          2121P   2768
102,4,2105,2109,2115,2119;                                          2123P   2769
142,1,2099,2121,2123,1;                                             2125P   2770
144,2099,1,0,2125;                                                  2127P   2771
110,55.168578964,48.641,108.418150512,1055.168578964,48.641,        2129P   2772
108.418150512;                                                      2129P   2773
110,5.706694913,48.641,105.878150512,50.117625493,48.641,           2131P   2774
105.878150512;                                                      2131P   2775
120,2129,2131,0.,6.28318530717959;                                  2133P   2776
126,1,1,1,0,1,0,0.,0.,1.,1.,1.,1.,0.,1.570796327,0.,0.,             2135P   2777
3.106686069,0.,0.,1.,0.,0.,1.;                                      2135P   2778
124,3.74939945665464E-033,-6.12323399573677E-017,1.,                2137P   2779
-102.711455599433,1.,6.12323399573677E-017,0.,42.9343050874432,     2137P   2780
-6.12323399573677E-017,1.,6.12323399573677E-017,59.77715051199;     2137P   2781
100,108.418150512,5.706694913,48.641,8.246694913,48.641,            2139P   2782
5.795339634,51.179452701;                                           2139P   2783
126,1,1,1,0,1,0,0.,0.,1.,1.,1.,1.,0.,3.106686069,0.,1.,             2141P   2784
3.106686069,0.,0.,1.,0.,0.,1.;                                      2141P   2785
110,5.706694913,48.729644722,110.956603213,50.117625493,            2143P   2786
48.729644722,110.956603213;                                         2143P   2787
126,1,1,1,0,1,0,0.,0.,1.,1.,1.,1.,1.,3.106686069,0.,1.,             2145P   2788
1.570796327,0.,0.,1.,0.,0.,1.;                                      2145P   2789
124,6.11950388703081E-017,-2.13697784642832E-018,-1.,               2147P   2790
158.535776005459,0.0348994967024969,0.999390827019096,0.,           2147P   2791
-1.71944912268212,0.999390827019096,-0.0348994967024969,            2147P   2792
6.12323399573677E-017,60.0286017409454;                             2147P   2793
100,108.418150512,50.117625493,48.641,52.657625493,48.641,          2149P   2794
50.206270215,51.179452701;                                          2149P   2795
126,1,1,1,0,1,0,0.,0.,1.,1.,1.,1.,1.,1.570796327,0.,                2151P   2796
0.787450401,1.570796327,0.,0.,1.,0.,0.,1.;                          2151P   2797
110,50.117625493,51.181,108.418150512,40.6781,51.181,               2153P   2798
108.418150512;                                                      2153P   2799
126,1,1,1,0,1,0,0.,0.,1.,1.,1.,1.,0.787450401,1.570796327,0.,       2155P   2800
0.787450401,3.091571797,0.,0.,1.,0.,0.,1.;                          2155P   2801
124,3.74939945665464E-033,-6.12323399573677E-017,1.,                2157P   2802
-67.74005051199,1.,6.12323399573677E-017,0.,7.96290000000001,       2157P   2803
-6.12323399573677E-017,1.,6.12323399573677E-017,59.77715051199;     2157P   2804
100,108.418150512,40.6781,48.641,43.2181,48.641,40.8051,            2159P   2805
51.177823013;                                                       2159P   2806
126,1,1,1,0,1,0,0.,0.,1.,1.,1.,1.,0.787450401,3.091571797,0.,       2161P   2807
0.208084023,3.091571797,0.,0.,1.,0.,0.,1.;                          2161P   2808
110,40.6781,48.768,110.954973525,14.9479,48.768,110.954973525;      2163P   2809
126,1,1,1,0,1,0,0.,0.,1.,1.,1.,1.,0.208084023,3.091571797,0.,       2165P   2810
0.208084023,1.570796327,0.,0.,1.,0.,0.,1.;                          2165P   2811
124,7.24519165217313E-017,2.22579099895741E-016,-1.,                2167P   2812
123.36605051199,0.0500000000000002,0.998749217771909,               2167P   2813
2.25923297739334E-016,-0.686555701643448,0.998749217771909,         2167P   2814
-0.0500000000000002,6.12323399573677E-017,95.9209970796573;         2167P   2815
100,108.418150512,14.9479,48.641,17.4879,48.641,15.0749,            2169P   2816
51.177823013;                                                       2169P   2817
126,1,1,1,0,1,0,0.,0.,1.,1.,1.,1.,0.208084023,1.570796327,0.,       2171P   2818
0.,1.570796327,0.,0.,1.,0.,0.,1.;                                   2171P   2819
110,14.9479,51.181,108.418150512,5.706694913,51.181,                2173P   2820
108.418150512;                                                      2173P   2821
102,8,2135,2141,2145,2151,2155,2161,2165,2171;                      2175P   2822
102,8,2139,2143,2149,2153,2159,2163,2169,2173;                      2177P   2823
142,1,2133,2175,2177,1;                                             2179P   2824
144,2133,1,0,2179;                                                  2181P   2825
308,0,25HSekou's tape dispenser V7,63,29,59,89,123,157,191,221,     2183P   2826
255,281,323,409,475,541,585,627,673,699,733,775,801,827,853,        2183P   2827
879,913,955,997,1031,1057,1083,1109,1135,1161,1193,1225,1255,       2183P   2828
1289,1323,1353,1389,1421,1453,1485,1517,1551,1581,1611,1643,        2183P   2829
1675,1707,1739,1773,1807,1841,1869,1903,1937,1971,2005,2037,        2183P   2830
2069,2097,2127,2181;                                                2183P   2831
124,1.,0.,0.,0.,0.,1.,0.,0.,0.,0.,1.,0.;                            2185P   2832
408,2183,0.,0.,0.,1.;                                               2187P   2833
128,1,1,1,1,0,0,1,0,0,0.,0.,1.,1.,0.,0.,1.,1.,1.,1.,1.,1.,          2189P   2834
1.237143156,-1.683165887,0.,0.,0.,0.,1.237143156,-1.683165887,      2189P   2835
1.905,0.,0.,1.905,0.,1.,0.,1.;                                      2189P   2836
126,1,1,1,0,1,0,0.,0.,1.,1.,1.,1.,1.,0.,0.,1.,1.,0.,0.,1.,0.,       2191P   2837
0.,1.;                                                              2191P   2838
110,0.,0.,0.,0.,0.,1.905;                                           2193P   2839
126,1,1,1,0,1,0,0.,0.,1.,1.,1.,1.,1.,1.,0.,0.,1.,0.,0.,1.,0.,       2195P   2840
0.,1.;                                                              2195P   2841
110,0.,0.,1.905,1.237143156,-1.683165887,1.905;                     2197P   2842
126,1,1,1,0,1,0,0.,0.,1.,1.,1.,1.,0.,1.,0.,0.,0.,0.,0.,1.,0.,       2199P   2843
0.,1.;                                                              2199P   2844
110,1.237143156,-1.683165887,1.905,1.237143156,-1.683165887,0.;     2201P   2845
126,1,1,1,0,1,0,0.,0.,1.,1.,1.,1.,0.,0.,0.,1.,0.,0.,0.,1.,0.,       2203P   2846
0.,1.;                                                              2203P   2847
110,1.237143156,-1.683165887,0.,0.,0.,0.;                           2205P   2848
102,4,2191,2195,2199,2203;                                          2207P   2849
102,4,2193,2197,2201,2205;                                          2209P   2850
142,1,2189,2207,2209,1;                                             2211P   2851
144,2189,1,0,2211;                                                  2213P   2852
128,1,1,1,1,0,0,1,0,0,0.,0.,1.,1.,0.,0.,1.,1.,1.,1.,1.,1.,          2215P   2853
2.494996861,0.,0.,1.237143156,-1.683165887,0.,2.494996861,0.,       2215P   2854
1.905,1.237143156,-1.683165887,1.905,0.,1.,0.,1.;                   2215P   2855
126,1,1,1,0,1,0,0.,0.,1.,1.,1.,1.,1.,0.,0.,1.,1.,0.,0.,1.,0.,       2217P   2856
0.,1.;                                                              2217P   2857
110,1.237143156,-1.683165887,0.,1.237143156,-1.683165887,1.905;     2219P   2858
126,1,1,1,0,1,0,0.,0.,1.,1.,1.,1.,1.,1.,0.,0.,1.,0.,0.,1.,0.,       2221P   2859
0.,1.;                                                              2221P   2860
110,1.237143156,-1.683165887,1.905,2.494996861,0.,1.905;            2223P   2861
126,1,1,1,0,1,0,0.,0.,1.,1.,1.,1.,0.,1.,0.,0.,0.,0.,0.,1.,0.,       2225P   2862
0.,1.;                                                              2225P   2863
110,2.494996861,0.,1.905,2.494996861,0.,0.;                         2227P   2864
126,1,1,1,0,1,0,0.,0.,1.,1.,1.,1.,0.,0.,0.,1.,0.,0.,0.,1.,0.,       2229P   2865
0.,1.;                                                              2229P   2866
110,2.494996861,0.,0.,1.237143156,-1.683165887,0.;                  2231P   2867
102,4,2217,2221,2225,2229;                                          2233P   2868
102,4,2219,2223,2227,2231;                                          2235P   2869
142,1,2215,2233,2235,1;                                             2237P   2870
144,2215,1,0,2237;                                                  2239P   2871
128,1,1,1,1,0,0,1,0,0,0.,0.,1.,1.,0.,0.,1.,1.,1.,1.,1.,1.,          2241P   2872
3.396561955,-1.683165887,0.,2.494996861,0.,0.,3.396561955,          2241P   2873
-1.683165887,1.905,2.494996861,0.,1.905,0.,1.,0.,1.;                2241P   2874
126,1,1,1,0,1,0,0.,0.,1.,1.,1.,1.,1.,0.,0.,1.,1.,0.,0.,1.,0.,       2243P   2875
0.,1.;                                                              2243P   2876
110,2.494996861,0.,0.,2.494996861,0.,1.905;                         2245P   2877
126,1,1,1,0,1,0,0.,0.,1.,1.,1.,1.,1.,1.,0.,0.,1.,0.,0.,1.,0.,       2247P   2878
0.,1.;                                                              2247P   2879
110,2.494996861,0.,1.905,3.396561955,-1.683165887,1.905;            2249P   2880
126,1,1,1,0,1,0,0.,0.,1.,1.,1.,1.,0.,1.,0.,0.,0.,0.,0.,1.,0.,       2251P   2881
0.,1.;                                                              2251P   2882
110,3.396561955,-1.683165887,1.905,3.396561955,-1.683165887,0.;     2253P   2883
126,1,1,1,0,1,0,0.,0.,1.,1.,1.,1.,0.,0.,0.,1.,0.,0.,0.,1.,0.,       2255P   2884
0.,1.;                                                              2255P   2885
110,3.396561955,-1.683165887,0.,2.494996861,0.,0.;                  2257P   2886
102,4,2243,2247,2251,2255;                                          2259P   2887
102,4,2245,2249,2253,2257;                                          2261P   2888
142,1,2241,2259,2261,1;                                             2263P   2889
144,2241,1,0,2263;                                                  2265P   2890
128,1,1,1,1,0,0,1,0,0,0.,0.,1.,1.,0.,0.,1.,1.,1.,1.,1.,1.,          2267P   2891
4.65441566,0.,0.,3.396561955,-1.683165887,0.,4.65441566,0.,         2267P   2892
1.905,3.396561955,-1.683165887,1.905,0.,1.,0.,1.;                   2267P   2893
126,1,1,1,0,1,0,0.,0.,1.,1.,1.,1.,1.,0.,0.,1.,1.,0.,0.,1.,0.,       2269P   2894
0.,1.;                                                              2269P   2895
110,3.396561955,-1.683165887,0.,3.396561955,-1.683165887,1.905;     2271P   2896
126,1,1,1,0,1,0,0.,0.,1.,1.,1.,1.,1.,1.,0.,0.,1.,0.,0.,1.,0.,       2273P   2897
0.,1.;                                                              2273P   2898
110,3.396561955,-1.683165887,1.905,4.65441566,0.,1.905;             2275P   2899
126,1,1,1,0,1,0,0.,0.,1.,1.,1.,1.,0.,1.,0.,0.,0.,0.,0.,1.,0.,       2277P   2900
0.,1.;                                                              2277P   2901
110,4.65441566,0.,1.905,4.65441566,0.,0.;                           2279P   2902
126,1,1,1,0,1,0,0.,0.,1.,1.,1.,1.,0.,0.,0.,1.,0.,0.,0.,1.,0.,       2281P   2903
0.,1.;                                                              2281P   2904
110,4.65441566,0.,0.,3.396561955,-1.683165887,0.;                   2283P   2905
102,4,2269,2273,2277,2281;                                          2285P   2906
102,4,2271,2275,2279,2283;                                          2287P   2907
142,1,2267,2285,2287,1;                                             2289P   2908
144,2267,1,0,2289;                                                  2291P   2909
128,1,1,1,1,0,0,1,0,0,0.,0.,1.,1.,0.,0.,1.,1.,1.,1.,1.,1.,          2293P   2910
5.868895099,-1.683165887,0.,4.65441566,0.,0.,5.868895099,           2293P   2911
-1.683165887,1.905,4.65441566,0.,1.905,0.,1.,0.,1.;                 2293P   2912
126,1,1,1,0,1,0,0.,0.,1.,1.,1.,1.,1.,0.,0.,1.,1.,0.,0.,1.,0.,       2295P   2913
0.,1.;                                                              2295P   2914
110,4.65441566,0.,0.,4.65441566,0.,1.905;                           2297P   2915
126,1,1,1,0,1,0,0.,0.,1.,1.,1.,1.,1.,1.,0.,0.,1.,0.,0.,1.,0.,       2299P   2916
0.,1.;                                                              2299P   2917
110,4.65441566,0.,1.905,5.868895099,-1.683165887,1.905;             2301P   2918
126,1,1,1,0,1,0,0.,0.,1.,1.,1.,1.,0.,1.,0.,0.,0.,0.,0.,1.,0.,       2303P   2919
0.,1.;                                                              2303P   2920
110,5.868895099,-1.683165887,1.905,5.868895099,-1.683165887,0.;     2305P   2921
126,1,1,1,0,1,0,0.,0.,1.,1.,1.,1.,0.,0.,0.,1.,0.,0.,0.,1.,0.,       2307P   2922
0.,1.;                                                              2307P   2923
110,5.868895099,-1.683165887,0.,4.65441566,0.,0.;                   2309P   2924
102,4,2295,2299,2303,2307;                                          2311P   2925
102,4,2297,2301,2305,2309;                                          2313P   2926
142,1,2293,2311,2313,1;                                             2315P   2927
144,2293,1,0,2315;                                                  2317P   2928
128,1,1,1,1,0,0,1,0,0,0.,0.,1.,1.,0.,0.,1.,1.,1.,1.,1.,1.,          2319P   2929
7.126748803,0.,0.,5.868895099,-1.683165887,0.,7.126748803,0.,       2319P   2930
1.905,5.868895099,-1.683165887,1.905,0.,1.,0.,1.;                   2319P   2931
126,1,1,1,0,1,0,0.,0.,1.,1.,1.,1.,1.,0.,0.,1.,1.,0.,0.,1.,0.,       2321P   2932
0.,1.;                                                              2321P   2933
110,5.868895099,-1.683165887,0.,5.868895099,-1.683165887,1.905;     2323P   2934
126,1,1,1,0,1,0,0.,0.,1.,1.,1.,1.,1.,1.,0.,0.,1.,0.,0.,1.,0.,       2325P   2935
0.,1.;                                                              2325P   2936
110,5.868895099,-1.683165887,1.905,7.126748803,0.,1.905;            2327P   2937
126,1,1,1,0,1,0,0.,0.,1.,1.,1.,1.,0.,1.,0.,0.,0.,0.,0.,1.,0.,       2329P   2938
0.,1.;                                                              2329P   2939
110,7.126748803,0.,1.905,7.126748803,0.,0.;                         2331P   2940
126,1,1,1,0,1,0,0.,0.,1.,1.,1.,1.,0.,0.,0.,1.,0.,0.,0.,1.,0.,       2333P   2941
0.,1.;                                                              2333P   2942
110,7.126748803,0.,0.,5.868895099,-1.683165887,0.;                  2335P   2943
102,4,2321,2325,2329,2333;                                          2337P   2944
102,4,2323,2327,2331,2335;                                          2339P   2945
142,1,2319,2337,2339,1;                                             2341P   2946
144,2319,1,0,2341;                                                  2343P   2947
128,1,1,1,1,0,0,1,0,0,0.,0.,1.,1.,0.,0.,1.,1.,1.,1.,1.,1.,          2345P   2948
8.688222368,-1.683165887,0.,7.126748803,0.,0.,8.688222368,          2345P   2949
-1.683165887,1.905,7.126748803,0.,1.905,0.,1.,0.,1.;                2345P   2950
126,1,1,1,0,1,0,0.,0.,1.,1.,1.,1.,1.,0.,0.,1.,1.,0.,0.,1.,0.,       2347P   2951
0.,1.;                                                              2347P   2952
110,7.126748803,0.,0.,7.126748803,0.,1.905;                         2349P   2953
126,1,1,1,0,1,0,0.,0.,1.,1.,1.,1.,1.,1.,0.,0.,1.,0.,0.,1.,0.,       2351P   2954
0.,1.;                                                              2351P   2955
110,7.126748803,0.,1.905,8.688222368,-1.683165887,1.905;            2353P   2956
126,1,1,1,0,1,0,0.,0.,1.,1.,1.,1.,0.,1.,0.,0.,0.,0.,0.,1.,0.,       2355P   2957
0.,1.;                                                              2355P   2958
110,8.688222368,-1.683165887,1.905,8.688222368,-1.683165887,0.;     2357P   2959
126,1,1,1,0,1,0,0.,0.,1.,1.,1.,1.,0.,0.,0.,1.,0.,0.,0.,1.,0.,       2359P   2960
0.,1.;                                                              2359P   2961
110,8.688222368,-1.683165887,0.,7.126748803,0.,0.;                  2361P   2962
102,4,2347,2351,2355,2359;                                          2363P   2963
102,4,2349,2353,2357,2361;                                          2365P   2964
142,1,2345,2363,2365,1;                                             2367P   2965
144,2345,1,0,2367;                                                  2369P   2966
128,1,1,1,1,0,0,1,0,0,0.,0.,1.,1.,0.,0.,1.,1.,1.,1.,1.,1.,          2371P   2967
9.946076073,0.,0.,8.688222368,-1.683165887,0.,9.946076073,0.,       2371P   2968
1.905,8.688222368,-1.683165887,1.905,0.,1.,0.,1.;                   2371P   2969
126,1,1,1,0,1,0,0.,0.,1.,1.,1.,1.,1.,0.,0.,1.,1.,0.,0.,1.,0.,       2373P   2970
0.,1.;                                                              2373P   2971
110,8.688222368,-1.683165887,0.,8.688222368,-1.683165887,1.905;     2375P   2972
126,1,1,1,0,1,0,0.,0.,1.,1.,1.,1.,1.,1.,0.,0.,1.,0.,0.,1.,0.,       2377P   2973
0.,1.;                                                              2377P   2974
110,8.688222368,-1.683165887,1.905,9.946076073,0.,1.905;            2379P   2975
126,1,1,1,0,1,0,0.,0.,1.,1.,1.,1.,0.,1.,0.,0.,0.,0.,0.,1.,0.,       2381P   2976
0.,1.;                                                              2381P   2977
110,9.946076073,0.,1.905,9.946076073,0.,0.;                         2383P   2978
126,1,1,1,0,1,0,0.,0.,1.,1.,1.,1.,0.,0.,0.,1.,0.,0.,0.,1.,0.,       2385P   2979
0.,1.;                                                              2385P   2980
110,9.946076073,0.,0.,8.688222368,-1.683165887,0.;                  2387P   2981
102,4,2373,2377,2381,2385;                                          2389P   2982
102,4,2375,2379,2383,2387;                                          2391P   2983
142,1,2371,2389,2391,1;                                             2393P   2984
144,2371,1,0,2393;                                                  2395P   2985
128,1,1,1,1,0,0,1,0,0,0.,0.,1.,1.,0.,0.,1.,1.,1.,1.,1.,1.,          2397P   2986
11.396015811,-1.562939752,0.,9.946076073,0.,0.,11.396015811,        2397P   2987
-1.562939752,1.905,9.946076073,0.,1.905,0.,1.,0.,1.;                2397P   2988
126,1,1,1,0,1,0,0.,0.,1.,1.,1.,1.,1.,0.,0.,1.,1.,0.,0.,1.,0.,       2399P   2989
0.,1.;                                                              2399P   2990
110,9.946076073,0.,0.,9.946076073,0.,1.905;                         2401P   2991
126,1,1,1,0,1,0,0.,0.,1.,1.,1.,1.,1.,1.,0.,0.,1.,0.,0.,1.,0.,       2403P   2992
0.,1.;                                                              2403P   2993
110,9.946076073,0.,1.905,11.396015811,-1.562939752,1.905;           2405P   2994
126,1,1,1,0,1,0,0.,0.,1.,1.,1.,1.,0.,1.,0.,0.,0.,0.,0.,1.,0.,       2407P   2995
0.,1.;                                                              2407P   2996
110,11.396015811,-1.562939752,1.905,11.396015811,-1.562939752,      2409P   2997
0.;                                                                 2409P   2998
126,1,1,1,0,1,0,0.,0.,1.,1.,1.,1.,0.,0.,0.,1.,0.,0.,0.,1.,0.,       2411P   2999
0.,1.;                                                              2411P   3000
110,11.396015811,-1.562939752,0.,9.946076073,0.,0.;                 2413P   3001
102,4,2399,2403,2407,2411;                                          2415P   3002
102,4,2401,2405,2409,2413;                                          2417P   3003
142,1,2397,2415,2417,1;                                             2419P   3004
144,2397,1,0,2419;                                                  2421P   3005
128,1,1,1,1,0,0,1,0,0,0.,0.,1.,1.,0.,0.,1.,1.,1.,1.,1.,1.,          2423P   3006
12.564022823,0.,0.,11.396015811,-1.562939752,0.,12.564022823,       2423P   3007
0.,1.905,11.396015811,-1.562939752,1.905,0.,1.,0.,1.;               2423P   3008
126,1,1,1,0,1,0,0.,0.,1.,1.,1.,1.,1.,0.,0.,1.,1.,0.,0.,1.,0.,       2425P   3009
0.,1.;                                                              2425P   3010
110,11.396015811,-1.562939752,0.,11.396015811,-1.562939752,         2427P   3011
1.905;                                                              2427P   3012
126,1,1,1,0,1,0,0.,0.,1.,1.,1.,1.,1.,1.,0.,0.,1.,0.,0.,1.,0.,       2429P   3013
0.,1.;                                                              2429P   3014
110,11.396015811,-1.562939752,1.905,12.564022823,0.,1.905;          2431P   3015
126,1,1,1,0,1,0,0.,0.,1.,1.,1.,1.,0.,1.,0.,0.,0.,0.,0.,1.,0.,       2433P   3016
0.,1.;                                                              2433P   3017
110,12.564022823,0.,1.905,12.564022823,0.,0.;                       2435P   3018
126,1,1,1,0,1,0,0.,0.,1.,1.,1.,1.,0.,0.,0.,1.,0.,0.,0.,1.,0.,       2437P   3019
0.,1.;                                                              2437P   3020
110,12.564022823,0.,0.,11.396015811,-1.562939752,0.;                2439P   3021
102,4,2425,2429,2433,2437;                                          2441P   3022
102,4,2427,2431,2435,2439;                                          2443P   3023
142,1,2423,2441,2443,1;                                             2445P   3024
144,2423,1,0,2445;                                                  2447P   3025
128,1,1,1,1,0,0,1,0,0,0.,0.,1.,1.,0.,0.,1.,1.,1.,1.,1.,1.,          2449P   3026
14.013962561,-1.562939752,0.,12.564022823,0.,0.,14.013962561,       2449P   3027
-1.562939752,1.905,12.564022823,0.,1.905,0.,1.,0.,1.;               2449P   3028
126,1,1,1,0,1,0,0.,0.,1.,1.,1.,1.,1.,0.,0.,1.,1.,0.,0.,1.,0.,       2451P   3029
0.,1.;                                                              2451P   3030
110,12.564022823,0.,0.,12.564022823,0.,1.905;                       2453P   3031
126,1,1,1,0,1,0,0.,0.,1.,1.,1.,1.,1.,1.,0.,0.,1.,0.,0.,1.,0.,       2455P   3032
0.,1.;                                                              2455P   3033
110,12.564022823,0.,1.905,14.013962561,-1.562939752,1.905;          2457P   3034
126,1,1,1,0,1,0,0.,0.,1.,1.,1.,1.,0.,1.,0.,0.,0.,0.,0.,1.,0.,       2459P   3035
0.,1.;                                                              2459P   3036
110,14.013962561,-1.562939752,1.905,14.013962561,-1.562939752,      2461P   3037
0.;                                                                 2461P   3038
126,1,1,1,0,1,0,0.,0.,1.,1.,1.,1.,0.,0.,0.,1.,0.,0.,0.,1.,0.,       2463P   3039
0.,1.;                                                              2463P   3040
110,14.013962561,-1.562939752,0.,12.564022823,0.,0.;                2465P   3041
102,4,2451,2455,2459,2463;                                          2467P   3042
102,4,2453,2457,2461,2465;                                          2469P   3043
142,1,2449,2467,2469,1;                                             2471P   3044
144,2449,1,0,2471;                                                  2473P   3045
128,1,1,1,1,0,0,1,0,0,0.,0.,1.,1.,0.,0.,1.,1.,1.,1.,1.,1.,          2475P   3046
15.181969573,0.,0.,14.013962561,-1.562939752,0.,15.181969573,       2475P   3047
0.,1.905,14.013962561,-1.562939752,1.905,0.,1.,0.,1.;               2475P   3048
126,1,1,1,0,1,0,0.,0.,1.,1.,1.,1.,1.,0.,0.,1.,1.,0.,0.,1.,0.,       2477P   3049
0.,1.;                                                              2477P   3050
110,14.013962561,-1.562939752,0.,14.013962561,-1.562939752,         2479P   3051
1.905;                                                              2479P   3052
126,1,1,1,0,1,0,0.,0.,1.,1.,1.,1.,1.,1.,0.,0.,1.,0.,0.,1.,0.,       2481P   3053
0.,1.;                                                              2481P   3054
110,14.013962561,-1.562939752,1.905,15.181969573,0.,1.905;          2483P   3055
126,1,1,1,0,1,0,0.,0.,1.,1.,1.,1.,0.,1.,0.,0.,0.,0.,0.,1.,0.,       2485P   3056
0.,1.;                                                              2485P   3057
110,15.181969573,0.,1.905,15.181969573,0.,0.;                       2487P   3058
126,1,1,1,0,1,0,0.,0.,1.,1.,1.,1.,0.,0.,0.,1.,0.,0.,0.,1.,0.,       2489P   3059
0.,1.;                                                              2489P   3060
110,15.181969573,0.,0.,14.013962561,-1.562939752,0.;                2491P   3061
102,4,2477,2481,2485,2489;                                          2493P   3062
102,4,2479,2483,2487,2491;                                          2495P   3063
142,1,2475,2493,2495,1;                                             2497P   3064
144,2475,1,0,2497;                                                  2499P   3065
128,1,1,1,1,0,0,1,0,0,0.,0.,1.,1.,0.,0.,1.,1.,1.,1.,1.,1.,          2501P   3066
16.631909311,-1.562939752,0.,15.181969573,0.,0.,16.631909311,       2501P   3067
-1.562939752,1.905,15.181969573,0.,1.905,0.,1.,0.,1.;               2501P   3068
126,1,1,1,0,1,0,0.,0.,1.,1.,1.,1.,1.,0.,0.,1.,1.,0.,0.,1.,0.,       2503P   3069
0.,1.;                                                              2503P   3070
110,15.181969573,0.,0.,15.181969573,0.,1.905;                       2505P   3071
126,1,1,1,0,1,0,0.,0.,1.,1.,1.,1.,1.,1.,0.,0.,1.,0.,0.,1.,0.,       2507P   3072
0.,1.;                                                              2507P   3073
110,15.181969573,0.,1.905,16.631909311,-1.562939752,1.905;          2509P   3074
126,1,1,1,0,1,0,0.,0.,1.,1.,1.,1.,0.,1.,0.,0.,0.,0.,0.,1.,0.,       2511P   3075
0.,1.;                                                              2511P   3076
110,16.631909311,-1.562939752,1.905,16.631909311,-1.562939752,      2513P   3077
0.;                                                                 2513P   3078
126,1,1,1,0,1,0,0.,0.,1.,1.,1.,1.,0.,0.,0.,1.,0.,0.,0.,1.,0.,       2515P   3079
0.,1.;                                                              2515P   3080
110,16.631909311,-1.562939752,0.,15.181969573,0.,0.;                2517P   3081
102,4,2503,2507,2511,2515;                                          2519P   3082
102,4,2505,2509,2513,2517;                                          2521P   3083
142,1,2501,2519,2521,1;                                             2523P   3084
144,2501,1,0,2523;                                                  2525P   3085
128,1,1,1,1,0,0,1,0,0,0.,0.,1.,1.,0.,0.,1.,1.,1.,1.,1.,1.,          2527P   3086
17.799916323,0.,0.,16.631909311,-1.562939752,0.,17.799916323,       2527P   3087
0.,1.905,16.631909311,-1.562939752,1.905,0.,1.,0.,1.;               2527P   3088
126,1,1,1,0,1,0,0.,0.,1.,1.,1.,1.,1.,0.,0.,1.,1.,0.,0.,1.,0.,       2529P   3089
0.,1.;                                                              2529P   3090
110,16.631909311,-1.562939752,0.,16.631909311,-1.562939752,         2531P   3091
1.905;                                                              2531P   3092
126,1,1,1,0,1,0,0.,0.,1.,1.,1.,1.,1.,1.,0.,0.,1.,0.,0.,1.,0.,       2533P   3093
0.,1.;                                                              2533P   3094
110,16.631909311,-1.562939752,1.905,17.799916323,0.,1.905;          2535P   3095
126,1,1,1,0,1,0,0.,0.,1.,1.,1.,1.,0.,1.,0.,0.,0.,0.,0.,1.,0.,       2537P   3096
0.,1.;                                                              2537P   3097
110,17.799916323,0.,1.905,17.799916323,0.,0.;                       2539P   3098
126,1,1,1,0,1,0,0.,0.,1.,1.,1.,1.,0.,0.,0.,1.,0.,0.,0.,1.,0.,       2541P   3099
0.,1.;                                                              2541P   3100
110,17.799916323,0.,0.,16.631909311,-1.562939752,0.;                2543P   3101
102,4,2529,2533,2537,2541;                                          2545P   3102
102,4,2531,2535,2539,2543;                                          2547P   3103
142,1,2527,2545,2547,1;                                             2549P   3104
144,2527,1,0,2549;                                                  2551P   3105
128,1,1,1,1,0,0,1,0,0,0.,0.,1.,1.,0.,0.,1.,1.,1.,1.,1.,1.,          2553P   3106
19.249856061,-1.562939752,0.,17.799916323,0.,0.,19.249856061,       2553P   3107
-1.562939752,1.905,17.799916323,0.,1.905,0.,1.,0.,1.;               2553P   3108
126,1,1,1,0,1,0,0.,0.,1.,1.,1.,1.,1.,0.,0.,1.,1.,0.,0.,1.,0.,       2555P   3109
0.,1.;                                                              2555P   3110
110,17.799916323,0.,0.,17.799916323,0.,1.905;                       2557P   3111
126,1,1,1,0,1,0,0.,0.,1.,1.,1.,1.,1.,1.,0.,0.,1.,0.,0.,1.,0.,       2559P   3112
0.,1.;                                                              2559P   3113
110,17.799916323,0.,1.905,19.249856061,-1.562939752,1.905;          2561P   3114
126,1,1,1,0,1,0,0.,0.,1.,1.,1.,1.,0.,1.,0.,0.,0.,0.,0.,1.,0.,       2563P   3115
0.,1.;                                                              2563P   3116
110,19.249856061,-1.562939752,1.905,19.249856061,-1.562939752,      2565P   3117
0.;                                                                 2565P   3118
126,1,1,1,0,1,0,0.,0.,1.,1.,1.,1.,0.,0.,0.,1.,0.,0.,0.,1.,0.,       2567P   3119
0.,1.;                                                              2567P   3120
110,19.249856061,-1.562939752,0.,17.799916323,0.,0.;                2569P   3121
102,4,2555,2559,2563,2567;                                          2571P   3122
102,4,2557,2561,2565,2569;                                          2573P   3123
142,1,2553,2571,2573,1;                                             2575P   3124
144,2553,1,0,2575;                                                  2577P   3125
128,1,1,1,1,0,0,1,0,0,0.,0.,1.,1.,0.,0.,1.,1.,1.,1.,1.,1.,          2579P   3126
20.417863072,0.,0.,19.249856061,-1.562939752,0.,20.417863072,       2579P   3127
0.,1.905,19.249856061,-1.562939752,1.905,0.,1.,0.,1.;               2579P   3128
126,1,1,1,0,1,0,0.,0.,1.,1.,1.,1.,1.,0.,0.,1.,1.,0.,0.,1.,0.,       2581P   3129
0.,1.;                                                              2581P   3130
110,19.249856061,-1.562939752,0.,19.249856061,-1.562939752,         2583P   3131
1.905;                                                              2583P   3132
126,1,1,1,0,1,0,0.,0.,1.,1.,1.,1.,1.,1.,0.,0.,1.,0.,0.,1.,0.,       2585P   3133
0.,1.;                                                              2585P   3134
110,19.249856061,-1.562939752,1.905,20.417863072,0.,1.905;          2587P   3135
126,1,1,1,0,1,0,0.,0.,1.,1.,1.,1.,0.,1.,0.,0.,0.,0.,0.,1.,0.,       2589P   3136
0.,1.;                                                              2589P   3137
110,20.417863072,0.,1.905,20.417863072,0.,0.;                       2591P   3138
126,1,1,1,0,1,0,0.,0.,1.,1.,1.,1.,0.,0.,0.,1.,0.,0.,0.,1.,0.,       2593P   3139
0.,1.;                                                              2593P   3140
110,20.417863072,0.,0.,19.249856061,-1.562939752,0.;                2595P   3141
102,4,2581,2585,2589,2593;                                          2597P   3142
102,4,2583,2587,2591,2595;                                          2599P   3143
142,1,2579,2597,2599,1;                                             2601P   3144
144,2579,1,0,2601;                                                  2603P   3145
128,1,1,1,1,0,0,1,0,0,0.,0.,1.,1.,0.,0.,1.,1.,1.,1.,1.,1.,          2605P   3146
21.54559398,-1.562939752,0.,20.417863072,0.,0.,21.54559398,         2605P   3147
-1.562939752,1.905,20.417863072,0.,1.905,0.,1.,0.,1.;               2605P   3148
126,1,1,1,0,1,0,0.,0.,1.,1.,1.,1.,1.,0.,0.,1.,1.,0.,0.,1.,0.,       2607P   3149
0.,1.;                                                              2607P   3150
110,20.417863072,0.,0.,20.417863072,0.,1.905;                       2609P   3151
126,1,1,1,0,1,0,0.,0.,1.,1.,1.,1.,1.,1.,0.,0.,1.,0.,0.,1.,0.,       2611P   3152
0.,1.;                                                              2611P   3153
110,20.417863072,0.,1.905,21.54559398,-1.562939752,1.905;           2613P   3154
126,1,1,1,0,1,0,0.,0.,1.,1.,1.,1.,0.,1.,0.,0.,0.,0.,0.,1.,0.,       2615P   3155
0.,1.;                                                              2615P   3156
110,21.54559398,-1.562939752,1.905,21.54559398,-1.562939752,0.;     2617P   3157
126,1,1,1,0,1,0,0.,0.,1.,1.,1.,1.,0.,0.,0.,1.,0.,0.,0.,1.,0.,       2619P   3158
0.,1.;                                                              2619P   3159
110,21.54559398,-1.562939752,0.,20.417863072,0.,0.;                 2621P   3160
102,4,2607,2611,2615,2619;                                          2623P   3161
102,4,2609,2613,2617,2621;                                          2625P   3162
142,1,2605,2623,2625,1;                                             2627P   3163
144,2605,1,0,2627;                                                  2629P   3164
128,1,1,1,1,0,0,1,0,0,0.,0.,1.,1.,0.,0.,1.,1.,1.,1.,1.,1.,          2631P   3165
22.713600992,0.,0.,21.54559398,-1.562939752,0.,22.713600992,0.,     2631P   3166
1.905,21.54559398,-1.562939752,1.905,0.,1.,0.,1.;                   2631P   3167
126,1,1,1,0,1,0,0.,0.,1.,1.,1.,1.,1.,0.,0.,1.,1.,0.,0.,1.,0.,       2633P   3168
0.,1.;                                                              2633P   3169
110,21.54559398,-1.562939752,0.,21.54559398,-1.562939752,1.905;     2635P   3170
126,1,1,1,0,1,0,0.,0.,1.,1.,1.,1.,1.,1.,0.,0.,1.,0.,0.,1.,0.,       2637P   3171
0.,1.;                                                              2637P   3172
110,21.54559398,-1.562939752,1.905,22.713600992,0.,1.905;           2639P   3173
126,1,1,1,0,1,0,0.,0.,1.,1.,1.,1.,0.,1.,0.,0.,0.,0.,0.,1.,0.,       2641P   3174
0.,1.;                                                              2641P   3175
110,22.713600992,0.,1.905,22.713600992,0.,0.;                       2643P   3176
126,1,1,1,0,1,0,0.,0.,1.,1.,1.,1.,0.,0.,0.,1.,0.,0.,0.,1.,0.,       2645P   3177
0.,1.;                                                              2645P   3178
110,22.713600992,0.,0.,21.54559398,-1.562939752,0.;                 2647P   3179
102,4,2633,2637,2641,2645;                                          2649P   3180
102,4,2635,2639,2643,2647;                                          2651P   3181
142,1,2631,2649,2651,1;                                             2653P   3182
144,2631,1,0,2653;                                                  2655P   3183
128,1,1,1,1,0,0,1,0,0,0.,0.,1.,1.,0.,0.,1.,1.,1.,1.,1.,1.,          2657P   3184
23.841331899,-1.562939752,0.,22.713600992,0.,0.,23.841331899,       2657P   3185
-1.562939752,1.905,22.713600992,0.,1.905,0.,1.,0.,1.;               2657P   3186
126,1,1,1,0,1,0,0.,0.,1.,1.,1.,1.,1.,0.,0.,1.,1.,0.,0.,1.,0.,       2659P   3187
0.,1.;                                                              2659P   3188
110,22.713600992,0.,0.,22.713600992,0.,1.905;                       2661P   3189
126,1,1,1,0,1,0,0.,0.,1.,1.,1.,1.,1.,1.,0.,0.,1.,0.,0.,1.,0.,       2663P   3190
0.,1.;                                                              2663P   3191
110,22.713600992,0.,1.905,23.841331899,-1.562939752,1.905;          2665P   3192
126,1,1,1,0,1,0,0.,0.,1.,1.,1.,1.,0.,1.,0.,0.,0.,0.,0.,1.,0.,       2667P   3193
0.,1.;                                                              2667P   3194
110,23.841331899,-1.562939752,1.905,23.841331899,-1.562939752,      2669P   3195
0.;                                                                 2669P   3196
126,1,1,1,0,1,0,0.,0.,1.,1.,1.,1.,0.,0.,0.,1.,0.,0.,0.,1.,0.,       2671P   3197
0.,1.;                                                              2671P   3198
110,23.841331899,-1.562939752,0.,22.713600992,0.,0.;                2673P   3199
102,4,2659,2663,2667,2671;                                          2675P   3200
102,4,2661,2665,2669,2673;                                          2677P   3201
142,1,2657,2675,2677,1;                                             2679P   3202
144,2657,1,0,2679;                                                  2681P   3203
128,1,1,1,1,0,0,1,0,0,0.,0.,1.,1.,0.,0.,1.,1.,1.,1.,1.,1.,          2683P   3204
24.465802311,0.,0.,23.841331899,-1.562939752,0.,24.465802311,       2683P   3205
0.,1.905,23.841331899,-1.562939752,1.905,0.,1.,0.,1.;               2683P   3206
126,1,1,1,0,1,0,0.,0.,1.,1.,1.,1.,1.,0.,0.,1.,1.,0.,0.,1.,0.,       2685P   3207
0.,1.;                                                              2685P   3208
110,23.841331899,-1.562939752,0.,23.841331899,-1.562939752,         2687P   3209
1.905;                                                              2687P   3210
126,1,1,1,0,1,0,0.,0.,1.,1.,1.,1.,1.,1.,0.,0.,1.,0.,0.,1.,0.,       2689P   3211
0.,1.;                                                              2689P   3212
110,23.841331899,-1.562939752,1.905,24.465802311,0.,1.905;          2691P   3213
126,1,1,1,0,1,0,0.,0.,1.,1.,1.,1.,0.,1.,0.,0.,0.,0.,0.,1.,0.,       2693P   3214
0.,1.;                                                              2693P   3215
110,24.465802311,0.,1.905,24.465802311,0.,0.;                       2695P   3216
126,1,1,1,0,1,0,0.,0.,1.,1.,1.,1.,0.,0.,0.,1.,0.,0.,0.,1.,0.,       2697P   3217
0.,1.;                                                              2697P   3218
110,24.465802311,0.,0.,23.841331899,-1.562939752,0.;                2699P   3219
102,4,2685,2689,2693,2697;                                          2701P   3220
102,4,2687,2691,2695,2699;                                          2703P   3221
142,1,2683,2701,2703,1;                                             2705P   3222
144,2683,1,0,2705;                                                  2707P   3223
128,1,1,1,1,0,0,1,0,0,0.,0.,1.,1.,0.,0.,1.,1.,1.,1.,1.,1.,          2709P   3224
24.465802311,0.,0.,24.465802311,0.,1.905,24.465802311,              2709P   3225
7.849990046,0.,24.465802311,7.849990046,1.905,0.,1.,0.,1.;          2709P   3226
126,1,1,1,0,1,0,0.,0.,1.,1.,1.,1.,0.,0.,0.,1.,0.,0.,0.,1.,0.,       2711P   3227
0.,1.;                                                              2711P   3228
110,24.465802311,0.,0.,24.465802311,0.,1.905;                       2713P   3229
126,1,1,1,0,1,0,0.,0.,1.,1.,1.,1.,1.,0.,0.,1.,1.,0.,0.,1.,0.,       2715P   3230
0.,1.;                                                              2715P   3231
110,24.465802311,0.,1.905,24.465802311,7.849990046,1.905;           2717P   3232
126,1,1,1,0,1,0,0.,0.,1.,1.,1.,1.,1.,1.,0.,0.,1.,0.,0.,1.,0.,       2719P   3233
0.,1.;                                                              2719P   3234
110,24.465802311,7.849990046,1.905,24.465802311,7.849990046,0.;     2721P   3235
126,1,1,1,0,1,0,0.,0.,1.,1.,1.,1.,0.,1.,0.,0.,0.,0.,0.,1.,0.,       2723P   3236
0.,1.;                                                              2723P   3237
110,24.465802311,7.849990046,0.,24.465802311,0.,0.;                 2725P   3238
102,4,2711,2715,2719,2723;                                          2727P   3239
102,4,2713,2717,2721,2725;                                          2729P   3240
142,1,2709,2727,2729,1;                                             2731P   3241
144,2709,1,0,2731;                                                  2733P   3242
128,1,1,1,1,0,0,1,0,0,0.,0.,1.,1.,0.,0.,1.,1.,1.,1.,1.,1.,0.,       2735P   3243
7.849990046,1.905,0.,7.849990046,0.,24.465802311,7.849990046,       2735P   3244
1.905,24.465802311,7.849990046,0.,0.,1.,0.,1.;                      2735P   3245
126,1,1,1,0,1,0,0.,0.,1.,1.,1.,1.,1.,1.,0.,0.,1.,0.,0.,1.,0.,       2737P   3246
0.,1.;                                                              2737P   3247
110,24.465802311,7.849990046,0.,24.465802311,7.849990046,1.905;     2739P   3248
126,1,1,1,0,1,0,0.,0.,1.,1.,1.,1.,0.,1.,0.,0.,0.,0.,0.,1.,0.,       2741P   3249
0.,1.;                                                              2741P   3250
110,24.465802311,7.849990046,1.905,0.,7.849990046,1.905;            2743P   3251
126,1,1,1,0,1,0,0.,0.,1.,1.,1.,1.,0.,0.,0.,1.,0.,0.,0.,1.,0.,       2745P   3252
0.,1.;                                                              2745P   3253
110,0.,7.849990046,1.905,0.,7.849990046,0.;                         2747P   3254
126,1,1,1,0,1,0,0.,0.,1.,1.,1.,1.,1.,0.,0.,1.,1.,0.,0.,1.,0.,       2749P   3255
0.,1.;                                                              2749P   3256
110,0.,7.849990046,0.,24.465802311,7.849990046,0.;                  2751P   3257
102,4,2737,2741,2745,2749;                                          2753P   3258
102,4,2739,2743,2747,2751;                                          2755P   3259
142,1,2735,2753,2755,1;                                             2757P   3260
144,2735,1,0,2757;                                                  2759P   3261
128,1,1,1,1,0,0,1,0,0,0.,0.,1.,1.,0.,0.,1.,1.,1.,1.,1.,1.,0.,       2761P   3262
0.,1.905,0.,0.,0.,0.,7.849990046,1.905,0.,7.849990046,0.,0.,1.,     2761P   3263
0.,1.;                                                              2761P   3264
126,1,1,1,0,1,0,0.,0.,1.,1.,1.,1.,1.,1.,0.,0.,1.,0.,0.,1.,0.,       2763P   3265
0.,1.;                                                              2763P   3266
110,0.,7.849990046,0.,0.,7.849990046,1.905;                         2765P   3267
126,1,1,1,0,1,0,0.,0.,1.,1.,1.,1.,0.,1.,0.,0.,0.,0.,0.,1.,0.,       2767P   3268
0.,1.;                                                              2767P   3269
110,0.,7.849990046,1.905,0.,0.,1.905;                               2769P   3270
126,1,1,1,0,1,0,0.,0.,1.,1.,1.,1.,0.,0.,0.,1.,0.,0.,0.,1.,0.,       2771P   3271
0.,1.;                                                              2771P   3272
110,0.,0.,1.905,0.,0.,0.;                                           2773P   3273
126,1,1,1,0,1,0,0.,0.,1.,1.,1.,1.,1.,0.,0.,1.,1.,0.,0.,1.,0.,       2775P   3274
0.,1.;                                                              2775P   3275
110,0.,0.,0.,0.,7.849990046,0.;                                     2777P   3276
102,4,2763,2767,2771,2775;                                          2779P   3277
102,4,2765,2769,2773,2777;                                          2781P   3278
142,1,2761,2779,2781,1;                                             2783P   3279
144,2761,1,0,2783;                                                  2785P   3280
128,1,1,1,1,0,0,1,0,0,0.,0.,1.,1.,0.,0.,1.,1.,1.,1.,1.,1.,0.,       2787P   3281
-1.683165887,1.905,24.465802311,-1.683165887,1.905,0.,              2787P   3282
7.849990046,1.905,24.465802311,7.849990046,1.905,0.,1.,0.,1.;       2787P   3283
126,1,1,1,0,1,0,0.,0.,1.,1.,1.,1.,0.,0.176559148,0.,                2789P   3284
0.050566221,0.,0.,0.,1.,0.,0.,1.;                                   2789P   3285
110,0.,0.,1.905,1.237143156,-1.683165887,1.905;                     2791P   3286
126,1,1,1,0,1,0,0.,0.,1.,1.,1.,1.,0.050566221,0.,0.,                2793P   3287
0.101978951,0.176559148,0.,0.,1.,0.,0.,1.;                          2793P   3288
110,1.237143156,-1.683165887,1.905,2.494996861,0.,1.905;            2795P   3289
126,1,1,1,0,1,0,0.,0.,1.,1.,1.,1.,0.101978951,0.176559148,0.,       2797P   3290
0.138828963,0.,0.,0.,1.,0.,0.,1.;                                   2797P   3291
110,2.494996861,0.,1.905,3.396561955,-1.683165887,1.905;            2799P   3292
126,1,1,1,0,1,0,0.,0.,1.,1.,1.,1.,0.138828963,0.,0.,                2801P   3293
0.190241693,0.176559148,0.,0.,1.,0.,0.,1.;                          2801P   3294
110,3.396561955,-1.683165887,1.905,4.65441566,0.,1.905;             2803P   3295
126,1,1,1,0,1,0,0.,0.,1.,1.,1.,1.,0.190241693,0.176559148,0.,       2805P   3296
0.239881571,0.,0.,0.,1.,0.,0.,1.;                                   2805P   3297
110,4.65441566,0.,1.905,5.868895099,-1.683165887,1.905;             2807P   3298
126,1,1,1,0,1,0,0.,0.,1.,1.,1.,1.,0.239881571,0.,0.,                2809P   3299
0.291294302,0.176559148,0.,0.,1.,0.,0.,1.;                          2809P   3300
110,5.868895099,-1.683165887,1.905,7.126748803,0.,1.905;            2811P   3301
126,1,1,1,0,1,0,0.,0.,1.,1.,1.,1.,0.291294302,0.176559148,0.,       2813P   3302
0.355117002,0.,0.,0.,1.,0.,0.,1.;                                   2813P   3303
110,7.126748803,0.,1.905,8.688222368,-1.683165887,1.905;            2815P   3304
126,1,1,1,0,1,0,0.,0.,1.,1.,1.,1.,0.355117002,0.,0.,                2817P   3305
0.406529733,0.176559148,0.,0.,1.,0.,0.,1.;                          2817P   3306
110,8.688222368,-1.683165887,1.905,9.946076073,0.,1.905;            2819P   3307
126,1,1,1,0,1,0,0.,0.,1.,1.,1.,1.,0.406529733,0.176559148,0.,       2821P   3308
0.465793668,0.012611368,0.,0.,1.,0.,0.,1.;                          2821P   3309
110,9.946076073,0.,1.905,11.396015811,-1.562939752,1.905;           2823P   3310
126,1,1,1,0,1,0,0.,0.,1.,1.,1.,1.,0.465793668,0.012611368,0.,       2825P   3311
0.513534061,0.176559148,0.,0.,1.,0.,0.,1.;                          2825P   3312
110,11.396015811,-1.562939752,1.905,12.564022823,0.,1.905;          2827P   3313
126,1,1,1,0,1,0,0.,0.,1.,1.,1.,1.,0.513534061,0.176559148,0.,       2829P   3314
0.572797997,0.012611368,0.,0.,1.,0.,0.,1.;                          2829P   3315
110,12.564022823,0.,1.905,14.013962561,-1.562939752,1.905;          2831P   3316
126,1,1,1,0,1,0,0.,0.,1.,1.,1.,1.,0.572797997,0.012611368,0.,       2833P   3317
0.62053839,0.176559148,0.,0.,1.,0.,0.,1.;                           2833P   3318
110,14.013962561,-1.562939752,1.905,15.181969573,0.,1.905;          2835P   3319
126,1,1,1,0,1,0,0.,0.,1.,1.,1.,1.,0.62053839,0.176559148,0.,        2837P   3320
0.679802326,0.012611368,0.,0.,1.,0.,0.,1.;                          2837P   3321
110,15.181969573,0.,1.905,16.631909311,-1.562939752,1.905;          2839P   3322
126,1,1,1,0,1,0,0.,0.,1.,1.,1.,1.,0.679802326,0.012611368,0.,       2841P   3323
0.727542718,0.176559148,0.,0.,1.,0.,0.,1.;                          2841P   3324
110,16.631909311,-1.562939752,1.905,17.799916323,0.,1.905;          2843P   3325
126,1,1,1,0,1,0,0.,0.,1.,1.,1.,1.,0.727542718,0.176559148,0.,       2845P   3326
0.786806654,0.012611368,0.,0.,1.,0.,0.,1.;                          2845P   3327
110,17.799916323,0.,1.905,19.249856061,-1.562939752,1.905;          2847P   3328
126,1,1,1,0,1,0,0.,0.,1.,1.,1.,1.,0.786806654,0.012611368,0.,       2849P   3329
0.834547047,0.176559148,0.,0.,1.,0.,0.,1.;                          2849P   3330
110,19.249856061,-1.562939752,1.905,20.417863072,0.,1.905;          2851P   3331
126,1,1,1,0,1,0,0.,0.,1.,1.,1.,1.,0.834547047,0.176559148,0.,       2853P   3332
0.880641219,0.012611368,0.,0.,1.,0.,0.,1.;                          2853P   3333
110,20.417863072,0.,1.905,21.54559398,-1.562939752,1.905;           2855P   3334
126,1,1,1,0,1,0,0.,0.,1.,1.,1.,1.,0.880641219,0.012611368,0.,       2857P   3335
0.928381612,0.176559148,0.,0.,1.,0.,0.,1.;                          2857P   3336
110,21.54559398,-1.562939752,1.905,22.713600992,0.,1.905;           2859P   3337
126,1,1,1,0,1,0,0.,0.,1.,1.,1.,1.,0.928381612,0.176559148,0.,       2861P   3338
0.974475784,0.012611368,0.,0.,1.,0.,0.,1.;                          2861P   3339
110,22.713600992,0.,1.905,23.841331899,-1.562939752,1.905;          2863P   3340
126,1,1,1,0,1,0,0.,0.,1.,1.,1.,1.,0.974475784,0.012611368,0.,       2865P   3341
1.,0.176559148,0.,0.,1.,0.,0.,1.;                                   2865P   3342
110,23.841331899,-1.562939752,1.905,24.465802311,0.,1.905;          2867P   3343
126,1,1,1,0,1,0,0.,0.,1.,1.,1.,1.,1.,0.176559148,0.,1.,1.,0.,       2869P   3344
0.,1.,0.,0.,1.;                                                     2869P   3345
110,24.465802311,0.,1.905,24.465802311,7.849990046,1.905;           2871P   3346
126,1,1,1,0,1,0,0.,0.,1.,1.,1.,1.,1.,1.,0.,0.,1.,0.,0.,1.,0.,       2873P   3347
0.,1.;                                                              2873P   3348
110,24.465802311,7.849990046,1.905,0.,7.849990046,1.905;            2875P   3349
126,1,1,1,0,1,0,0.,0.,1.,1.,1.,1.,0.,1.,0.,0.,0.176559148,0.,       2877P   3350
0.,1.,0.,0.,1.;                                                     2877P   3351
110,0.,7.849990046,1.905,0.,0.,1.905;                               2879P   3352
102,23,2789,2793,2797,2801,2805,2809,2813,2817,2821,2825,2829,      2881P   3353
2833,2837,2841,2845,2849,2853,2857,2861,2865,2869,2873,2877;        2881P   3354
102,23,2791,2795,2799,2803,2807,2811,2815,2819,2823,2827,2831,      2883P   3355
2835,2839,2843,2847,2851,2855,2859,2863,2867,2871,2875,2879;        2883P   3356
142,1,2787,2881,2883,1;                                             2885P   3357
144,2787,1,0,2885;                                                  2887P   3358
128,1,1,1,1,0,0,1,0,0,0.,0.,1.,1.,0.,0.,1.,1.,1.,1.,1.,1.,0.,       2889P   3359
-1.683165887,0.,24.465802311,-1.683165887,0.,0.,7.849990046,0.,     2889P   3360
24.465802311,7.849990046,0.,0.,1.,0.,1.;                            2889P   3361
126,1,1,1,0,1,0,0.,0.,1.,1.,1.,1.,0.050566221,0.,0.,                2891P   3362
0.101978951,0.176559148,0.,0.,1.,0.,0.,1.;                          2891P   3363
110,1.237143156,-1.683165887,0.,2.494996861,0.,0.;                  2893P   3364
126,1,1,1,0,1,0,0.,0.,1.,1.,1.,1.,0.101978951,0.176559148,0.,       2895P   3365
0.138828963,0.,0.,0.,1.,0.,0.,1.;                                   2895P   3366
110,2.494996861,0.,0.,3.396561955,-1.683165887,0.;                  2897P   3367
126,1,1,1,0,1,0,0.,0.,1.,1.,1.,1.,0.138828963,0.,0.,                2899P   3368
0.190241693,0.176559148,0.,0.,1.,0.,0.,1.;                          2899P   3369
110,3.396561955,-1.683165887,0.,4.65441566,0.,0.;                   2901P   3370
126,1,1,1,0,1,0,0.,0.,1.,1.,1.,1.,0.190241693,0.176559148,0.,       2903P   3371
0.239881571,0.,0.,0.,1.,0.,0.,1.;                                   2903P   3372
110,4.65441566,0.,0.,5.868895099,-1.683165887,0.;                   2905P   3373
126,1,1,1,0,1,0,0.,0.,1.,1.,1.,1.,0.239881571,0.,0.,                2907P   3374
0.291294302,0.176559148,0.,0.,1.,0.,0.,1.;                          2907P   3375
110,5.868895099,-1.683165887,0.,7.126748803,0.,0.;                  2909P   3376
126,1,1,1,0,1,0,0.,0.,1.,1.,1.,1.,0.291294302,0.176559148,0.,       2911P   3377
0.355117002,0.,0.,0.,1.,0.,0.,1.;                                   2911P   3378
110,7.126748803,0.,0.,8.688222368,-1.683165887,0.;                  2913P   3379
126,1,1,1,0,1,0,0.,0.,1.,1.,1.,1.,0.355117002,0.,0.,                2915P   3380
0.406529733,0.176559148,0.,0.,1.,0.,0.,1.;                          2915P   3381
110,8.688222368,-1.683165887,0.,9.946076073,0.,0.;                  2917P   3382
126,1,1,1,0,1,0,0.,0.,1.,1.,1.,1.,0.406529733,0.176559148,0.,       2919P   3383
0.465793668,0.012611368,0.,0.,1.,0.,0.,1.;                          2919P   3384
110,9.946076073,0.,0.,11.396015811,-1.562939752,0.;                 2921P   3385
126,1,1,1,0,1,0,0.,0.,1.,1.,1.,1.,0.465793668,0.012611368,0.,       2923P   3386
0.513534061,0.176559148,0.,0.,1.,0.,0.,1.;                          2923P   3387
110,11.396015811,-1.562939752,0.,12.564022823,0.,0.;                2925P   3388
126,1,1,1,0,1,0,0.,0.,1.,1.,1.,1.,0.513534061,0.176559148,0.,       2927P   3389
0.572797997,0.012611368,0.,0.,1.,0.,0.,1.;                          2927P   3390
110,12.564022823,0.,0.,14.013962561,-1.562939752,0.;                2929P   3391
126,1,1,1,0,1,0,0.,0.,1.,1.,1.,1.,0.572797997,0.012611368,0.,       2931P   3392
0.62053839,0.176559148,0.,0.,1.,0.,0.,1.;                           2931P   3393
110,14.013962561,-1.562939752,0.,15.181969573,0.,0.;                2933P   3394
126,1,1,1,0,1,0,0.,0.,1.,1.,1.,1.,0.62053839,0.176559148,0.,        2935P   3395
0.679802326,0.012611368,0.,0.,1.,0.,0.,1.;                          2935P   3396
110,15.181969573,0.,0.,16.631909311,-1.562939752,0.;                2937P   3397
126,1,1,1,0,1,0,0.,0.,1.,1.,1.,1.,0.679802326,0.012611368,0.,       2939P   3398
0.727542718,0.176559148,0.,0.,1.,0.,0.,1.;                          2939P   3399
110,16.631909311,-1.562939752,0.,17.799916323,0.,0.;                2941P   3400
126,1,1,1,0,1,0,0.,0.,1.,1.,1.,1.,0.727542718,0.176559148,0.,       2943P   3401
0.786806654,0.012611368,0.,0.,1.,0.,0.,1.;                          2943P   3402
110,17.799916323,0.,0.,19.249856061,-1.562939752,0.;                2945P   3403
126,1,1,1,0,1,0,0.,0.,1.,1.,1.,1.,0.786806654,0.012611368,0.,       2947P   3404
0.834547047,0.176559148,0.,0.,1.,0.,0.,1.;                          2947P   3405
110,19.249856061,-1.562939752,0.,20.417863072,0.,0.;                2949P   3406
126,1,1,1,0,1,0,0.,0.,1.,1.,1.,1.,0.834547047,0.176559148,0.,       2951P   3407
0.880641219,0.012611368,0.,0.,1.,0.,0.,1.;                          2951P   3408
110,20.417863072,0.,0.,21.54559398,-1.562939752,0.;                 2953P   3409
126,1,1,1,0,1,0,0.,0.,1.,1.,1.,1.,0.880641219,0.012611368,0.,       2955P   3410
0.928381612,0.176559148,0.,0.,1.,0.,0.,1.;                          2955P   3411
110,21.54559398,-1.562939752,0.,22.713600992,0.,0.;                 2957P   3412
126,1,1,1,0,1,0,0.,0.,1.,1.,1.,1.,0.928381612,0.176559148,0.,       2959P   3413
0.974475784,0.012611368,0.,0.,1.,0.,0.,1.;                          2959P   3414
110,22.713600992,0.,0.,23.841331899,-1.562939752,0.;                2961P   3415
126,1,1,1,0,1,0,0.,0.,1.,1.,1.,1.,0.974475784,0.012611368,0.,       2963P   3416
1.,0.176559148,0.,0.,1.,0.,0.,1.;                                   2963P   3417
110,23.841331899,-1.562939752,0.,24.465802311,0.,0.;                2965P   3418
126,1,1,1,0,1,0,0.,0.,1.,1.,1.,1.,1.,0.176559148,0.,1.,1.,0.,       2967P   3419
0.,1.,0.,0.,1.;                                                     2967P   3420
110,24.465802311,0.,0.,24.465802311,7.849990046,0.;                 2969P   3421
126,1,1,1,0,1,0,0.,0.,1.,1.,1.,1.,1.,1.,0.,0.,1.,0.,0.,1.,0.,       2971P   3422
0.,1.;                                                              2971P   3423
110,24.465802311,7.849990046,0.,0.,7.849990046,0.;                  2973P   3424
126,1,1,1,0,1,0,0.,0.,1.,1.,1.,1.,0.,1.,0.,0.,0.176559148,0.,       2975P   3425
0.,1.,0.,0.,1.;                                                     2975P   3426
110,0.,7.849990046,0.,0.,0.,0.;                                     2977P   3427
126,1,1,1,0,1,0,0.,0.,1.,1.,1.,1.,0.,0.176559148,0.,                2979P   3428
0.050566221,0.,0.,0.,1.,0.,0.,1.;                                   2979P   3429
110,0.,0.,0.,1.237143156,-1.683165887,0.;                           2981P   3430
102,23,2891,2895,2899,2903,2907,2911,2915,2919,2923,2927,2931,      2983P   3431
2935,2939,2943,2947,2951,2955,2959,2963,2967,2971,2975,2979;        2983P   3432
102,23,2893,2897,2901,2905,2909,2913,2917,2921,2925,2929,2933,      2985P   3433
2937,2941,2945,2949,2953,2957,2961,2965,2969,2973,2977,2981;        2985P   3434
142,1,2889,2983,2985,1;                                             2987P   3435
144,2889,1,0,2987;                                                  2989P   3436
308,0,23Hsekou tape holder teeth,25,2213,2239,2265,2291,2317,       2991P   3437
2343,2369,2395,2421,2447,2473,2499,2525,2551,2577,2603,2629,        2991P   3438
2655,2681,2707,2733,2759,2785,2887,2989;                            2991P   3439
124,1.,0.,0.,15.6779660053082,0.,0.,1.,48.768,0.,-1.,0.,            2993P   3440
111.355115438106;                                                   2993P   3441
408,2991,0.,0.,0.,1.;                                               2995P   3442
128,1,1,1,1,0,0,1,0,0,0.,0.,1.,1.,0.,0.,1.,1.,1.,1.,1.,1.,          2997P   3443
104.14,0.,1.6129,5.08,0.,1.6129,104.14,0.,4.3942,5.08,0.,           2997P   3444
4.3942,0.,1.,0.,1.;                                                 2997P   3445
126,1,1,1,0,1,0,0.,0.,1.,1.,1.,1.,1.,0.,0.,1.,1.,0.,0.,1.,0.,       2999P   3446
0.,1.;                                                              2999P   3447
110,5.08,0.,1.6129,5.08,0.,4.3942;                                  3001P   3448
126,1,1,1,0,1,0,0.,0.,1.,1.,1.,1.,1.,1.,0.,0.,1.,0.,0.,1.,0.,       3003P   3449
0.,1.;                                                              3003P   3450
110,5.08,0.,4.3942,104.14,0.,4.3942;                                3005P   3451
126,1,1,1,0,1,0,0.,0.,1.,1.,1.,1.,0.,1.,0.,0.,0.,0.,0.,1.,0.,       3007P   3452
0.,1.;                                                              3007P   3453
110,104.14,0.,4.3942,104.14,0.,1.6129;                              3009P   3454
126,1,1,1,0,1,0,0.,0.,1.,1.,1.,1.,0.,0.,0.,1.,0.,0.,0.,1.,0.,       3011P   3455
0.,1.;                                                              3011P   3456
110,104.14,0.,1.6129,5.08,0.,1.6129;                                3013P   3457
102,4,2999,3003,3007,3011;                                          3015P   3458
102,4,3001,3005,3009,3013;                                          3017P   3459
142,1,2997,3015,3017,1;                                             3019P   3460
144,2997,1,0,3019;                                                  3021P   3461
128,1,1,1,1,0,0,1,0,0,0.,0.,1.,1.,0.,0.,1.,1.,1.,1.,1.,1.,          3023P   3462
114.3,45.051596658,1.6129,114.3,10.16,1.6129,114.3,                 3023P   3463
45.051596658,4.3942,114.3,10.16,4.3942,0.,1.,0.,1.;                 3023P   3464
126,1,1,1,0,1,0,0.,0.,1.,1.,1.,1.,1.,0.,0.,1.,1.,0.,0.,1.,0.,       3025P   3465
0.,1.;                                                              3025P   3466
110,114.3,10.16,1.6129,114.3,10.16,4.3942;                          3027P   3467
126,1,1,1,0,1,0,0.,0.,1.,1.,1.,1.,1.,1.,0.,0.,1.,0.,0.,1.,0.,       3029P   3468
0.,1.;                                                              3029P   3469
110,114.3,10.16,4.3942,114.3,45.051596658,4.3942;                   3031P   3470
126,1,1,1,0,1,0,0.,0.,1.,1.,1.,1.,0.,1.,0.,0.,0.,0.,0.,1.,0.,       3033P   3471
0.,1.;                                                              3033P   3472
110,114.3,45.051596658,4.3942,114.3,45.051596658,1.6129;            3035P   3473
126,1,1,1,0,1,0,0.,0.,1.,1.,1.,1.,0.,0.,0.,1.,0.,0.,0.,1.,0.,       3037P   3474
0.,1.;                                                              3037P   3475
110,114.3,45.051596658,1.6129,114.3,10.16,1.6129;                   3039P   3476
102,4,3025,3029,3033,3037;                                          3041P   3477
102,4,3027,3031,3035,3039;                                          3043P   3478
142,1,3023,3041,3043,1;                                             3045P   3479
144,3023,1,0,3045;                                                  3047P   3480
128,1,1,1,1,0,0,1,0,0,0.,0.,1.,1.,0.,0.,1.,1.,1.,1.,1.,1.,5.08,     3049P   3481
55.211596658,4.3942,5.08,55.211596658,1.6129,104.14,                3049P   3482
55.211596658,4.3942,104.14,55.211596658,1.6129,0.,1.,0.,1.;         3049P   3483
126,1,1,1,0,1,0,0.,0.,1.,1.,1.,1.,1.,1.,0.,0.,1.,0.,0.,1.,0.,       3051P   3484
0.,1.;                                                              3051P   3485
110,104.14,55.211596658,1.6129,104.14,55.211596658,4.3942;          3053P   3486
126,1,1,1,0,1,0,0.,0.,1.,1.,1.,1.,0.,1.,0.,0.,0.,0.,0.,1.,0.,       3055P   3487
0.,1.;                                                              3055P   3488
110,104.14,55.211596658,4.3942,5.08,55.211596658,4.3942;            3057P   3489
126,1,1,1,0,1,0,0.,0.,1.,1.,1.,1.,0.,0.,0.,1.,0.,0.,0.,1.,0.,       3059P   3490
0.,1.;                                                              3059P   3491
110,5.08,55.211596658,4.3942,5.08,55.211596658,1.6129;              3061P   3492
126,1,1,1,0,1,0,0.,0.,1.,1.,1.,1.,1.,0.,0.,1.,1.,0.,0.,1.,0.,       3063P   3493
0.,1.;                                                              3063P   3494
110,5.08,55.211596658,1.6129,104.14,55.211596658,1.6129;            3065P   3495
102,4,3051,3055,3059,3063;                                          3067P   3496
102,4,3053,3057,3061,3065;                                          3069P   3497
142,1,3049,3067,3069,1;                                             3071P   3498
144,3049,1,0,3071;                                                  3073P   3499
128,1,1,1,1,0,0,1,0,0,0.,0.,1.,1.,0.,0.,1.,1.,1.,1.,1.,1.,0.,       3075P   3500
5.08,4.3942,0.,5.08,1.6129,0.,50.131596658,4.3942,0.,               3075P   3501
50.131596658,1.6129,0.,1.,0.,1.;                                    3075P   3502
126,1,1,1,0,1,0,0.,0.,1.,1.,1.,1.,1.,1.,0.,0.,1.,0.,0.,1.,0.,       3077P   3503
0.,1.;                                                              3077P   3504
110,0.,50.131596658,1.6129,0.,50.131596658,4.3942;                  3079P   3505
126,1,1,1,0,1,0,0.,0.,1.,1.,1.,1.,0.,1.,0.,0.,0.,0.,0.,1.,0.,       3081P   3506
0.,1.;                                                              3081P   3507
110,0.,50.131596658,4.3942,0.,5.08,4.3942;                          3083P   3508
126,1,1,1,0,1,0,0.,0.,1.,1.,1.,1.,0.,0.,0.,1.,0.,0.,0.,1.,0.,       3085P   3509
0.,1.;                                                              3085P   3510
110,0.,5.08,4.3942,0.,5.08,1.6129;                                  3087P   3511
126,1,1,1,0,1,0,0.,0.,1.,1.,1.,1.,1.,0.,0.,1.,1.,0.,0.,1.,0.,       3089P   3512
0.,1.;                                                              3089P   3513
110,0.,5.08,1.6129,0.,50.131596658,1.6129;                          3091P   3514
102,4,3077,3081,3085,3089;                                          3093P   3515
102,4,3079,3083,3087,3091;                                          3095P   3516
142,1,3075,3093,3095,1;                                             3097P   3517
144,3075,1,0,3097;                                                  3099P   3518
110,5.08,50.131596658,4.3942,5.08,50.131596658,-995.6058;           3101P   3519
110,0.,50.131596658,4.3942,0.,50.131596658,1.6129;                  3103P   3520
120,3101,3103,0.,6.28318530717959;                                  3105P   3521
126,1,1,1,0,1,0,0.,0.,1.,1.,1.,1.,0.,1.570796327,0.,1.,             3107P   3522
1.570796327,0.,0.,1.,0.,0.,1.;                                      3107P   3523
110,5.08,55.211596658,4.3942,5.08,55.211596658,1.6129;              3109P   3524
126,1,1,1,0,1,0,0.,0.,1.,1.,1.,1.,1.,1.570796327,0.,1.,0.,0.,       3111P   3525
0.,1.,0.,0.,1.;                                                     3111P   3526
100,1.6129,5.08,50.131596658,5.08,55.211596658,0.,50.131596658;     3113P   3527
126,1,1,1,0,1,0,0.,0.,1.,1.,1.,1.,1.,0.,0.,0.,0.,0.,0.,1.,0.,       3115P   3528
0.,1.;                                                              3115P   3529
110,0.,50.131596658,1.6129,0.,50.131596658,4.3942;                  3117P   3530
126,1,1,1,0,1,0,0.,0.,1.,1.,1.,1.,0.,0.,0.,0.,1.570796327,0.,       3119P   3531
0.,1.,0.,0.,1.;                                                     3119P   3532
124,-1.,0.,6.98296267768627E-015,10.16,0.,1.,0.,0.,                 3121P   3533
-6.98296267768627E-015,0.,-1.,8.78840000000003;                     3121P   3534
100,4.3942,5.08,50.131596658,10.16,50.131596658,5.08,               3123P   3535
55.211596658;                                                       3123P   3536
102,4,3107,3111,3115,3119;                                          3125P   3537
102,4,3109,3113,3117,3123;                                          3127P   3538
142,1,3105,3125,3127,1;                                             3129P   3539
144,3105,1,0,3129;                                                  3131P   3540
110,5.08,5.08,4.3942,5.08,5.08,-995.6058;                           3133P   3541
110,0.,5.08,4.3942,0.,5.08,1.6129;                                  3135P   3542
120,3133,3135,0.,6.28318530717959;                                  3137P   3543
126,1,1,1,0,1,0,0.,0.,1.,1.,1.,1.,0.,6.283185307,0.,1.,             3139P   3544
6.283185307,0.,0.,1.,0.,0.,1.;                                      3139P   3545
110,0.,5.08,4.3942,0.,5.08,1.6129;                                  3141P   3546
126,1,1,1,0,1,0,0.,0.,1.,1.,1.,1.,1.,6.283185307,0.,1.,             3143P   3547
4.71238898,0.,0.,1.,0.,0.,1.;                                       3143P   3548
100,1.6129,5.08,5.08,0.,5.08,5.08,0.;                               3145P   3549
126,1,1,1,0,1,0,0.,0.,1.,1.,1.,1.,1.,4.71238898,0.,0.,              3147P   3550
4.71238898,0.,0.,1.,0.,0.,1.;                                       3147P   3551
110,5.08,0.,1.6129,5.08,0.,4.3942;                                  3149P   3552
126,1,1,1,0,1,0,0.,0.,1.,1.,1.,1.,0.,4.71238898,0.,0.,              3151P   3553
6.283185307,0.,0.,1.,0.,0.,1.;                                      3151P   3554
124,-7.04419501764363E-015,-1.,0.,10.16,-1.,                        3153P   3555
7.04419501764363E-015,6.98296267768627E-015,10.1599999999999,       3153P   3556
-6.98296267768627E-015,4.91893509025491E-029,-1.,                   3153P   3557
8.78840000000003;                                                   3153P   3558
100,4.3942,5.08,5.08,10.16,5.08,5.08,10.16;                         3155P   3559
102,4,3139,3143,3147,3151;                                          3157P   3560
102,4,3141,3145,3149,3155;                                          3159P   3561
142,1,3137,3157,3159,1;                                             3161P   3562
144,3137,1,0,3161;                                                  3163P   3563
110,104.14,45.051596658,4.3942,104.14,45.051596658,-995.6058;       3165P   3564
110,93.98,45.051596658,4.3942,93.98,45.051596658,1.6129;            3167P   3565
120,3165,3167,0.,6.28318530717959;                                  3169P   3566
126,1,1,1,0,1,0,0.,0.,1.,1.,1.,1.,0.,3.141592654,0.,1.,             3171P   3567
3.141592654,0.,0.,1.,0.,0.,1.;                                      3171P   3568
110,114.3,45.051596658,4.3942,114.3,45.051596658,1.6129;            3173P   3569
126,1,1,1,0,1,0,0.,0.,1.,1.,1.,1.,1.,3.141592654,0.,1.,             3175P   3570
1.570796327,0.,0.,1.,0.,0.,1.;                                      3175P   3571
100,1.6129,104.14,45.051596658,114.3,45.051596658,104.14,           3177P   3572
55.211596658;                                                       3177P   3573
126,1,1,1,0,1,0,0.,0.,1.,1.,1.,1.,1.,1.570796327,0.,0.,             3179P   3574
1.570796327,0.,0.,1.,0.,0.,1.;                                      3179P   3575
110,104.14,55.211596658,1.6129,104.14,55.211596658,4.3942;          3181P   3576
126,1,1,1,0,1,0,0.,0.,1.,1.,1.,1.,0.,1.570796327,0.,0.,             3183P   3577
3.141592654,0.,0.,1.,0.,0.,1.;                                      3183P   3578
124,1.5393081692162E-014,1.,-4.76909814521741E-030,                 3185P   3579
59.0884033416686,1.,-1.5393081692162E-014,                          3185P   3580
-6.98296267768627E-015,-59.0884033416695,                           3185P   3581
-6.98296267768627E-015,1.02720216805726E-028,-1.,                   3185P   3582
8.78840000000073;                                                   3185P   3583
100,4.3942,104.14,45.051596658,114.3,45.051596658,104.14,           3187P   3584
55.211596658;                                                       3187P   3585
102,4,3171,3175,3179,3183;                                          3189P   3586
102,4,3173,3177,3181,3187;                                          3191P   3587
142,1,3169,3189,3191,1;                                             3193P   3588
144,3169,1,0,3193;                                                  3195P   3589
110,104.14,10.16,4.3942,104.14,10.16,-995.6058;                     3197P   3590
110,93.98,10.16,4.3942,93.98,10.16,1.6129;                          3199P   3591
120,3197,3199,0.,6.28318530717959;                                  3201P   3592
126,1,1,1,0,1,0,0.,0.,1.,1.,1.,1.,0.,4.71238898,0.,1.,              3203P   3593
4.71238898,0.,0.,1.,0.,0.,1.;                                       3203P   3594
110,104.14,0.,4.3942,104.14,0.,1.6129;                              3205P   3595
126,1,1,1,0,1,0,0.,0.,1.,1.,1.,1.,1.,4.71238898,0.,1.,              3207P   3596
3.141592654,0.,0.,1.,0.,0.,1.;                                      3207P   3597
100,1.6129,104.14,10.16,104.14,0.,114.3,10.16;                      3209P   3598
126,1,1,1,0,1,0,0.,0.,1.,1.,1.,1.,1.,3.141592654,0.,0.,             3211P   3599
3.141592654,0.,0.,1.,0.,0.,1.;                                      3211P   3600
110,114.3,10.16,1.6129,114.3,10.16,4.3942;                          3213P   3601
126,1,1,1,0,1,0,0.,0.,1.,1.,1.,1.,0.,3.141592654,0.,0.,             3215P   3602
4.71238898,0.,0.,1.,0.,0.,1.;                                       3215P   3603
124,1.,-1.49092557204235E-014,-6.98296267768627E-015,               3217P   3604
1.83913903934024E-013,-1.49092557204235E-014,-1.,                   3217P   3605
-9.53819629043483E-030,20.3200000000016,-6.98296267768627E-015,     3217P   3606
1.13648972538233E-028,-1.,8.78840000000073;                         3217P   3607
100,4.3942,104.14,10.16,114.3,10.16,104.14,20.32;                   3219P   3608
102,4,3203,3207,3211,3215;                                          3221P   3609
102,4,3205,3209,3213,3219;                                          3223P   3610
142,1,3201,3221,3223,1;                                             3225P   3611
144,3201,1,0,3225;                                                  3227P   3612
128,1,1,1,1,0,0,1,0,0,0.,0.,1.,1.,0.,0.,1.,1.,1.,1.,1.,1.,          3229P   3613
114.3,0.,4.3942,0.,0.,4.3942,114.3,55.211596658,4.3942,0.,          3229P   3614
55.211596658,4.3942,0.,1.,0.,1.;                                    3229P   3615
126,16,2,1,0,1,0,0.,0.,0.,0.125,0.125,0.25,0.25,0.375,0.375,        3231P   3616
0.5,0.5,0.625,0.625,0.75,0.75,0.875,0.875,1.,1.,1.,1.,1.,1.,1.,     3231P   3617
1.,1.,1.,1.,1.,1.,1.,1.,1.,1.,1.,1.,1.,0.955555556,0.,0.,           3231P   3618
0.959932951,0.,0.,0.964226237,0.00176794,0.,0.968519522,            3231P   3619
0.003535879,0.,0.972563708,0.007003818,0.,0.976607894,              3231P   3620
0.010471757,0.,0.980247566,0.015506423,0.,0.983887237,              3231P   3621
0.020541089,0.,0.986982524,0.026949004,0.,0.99007781,               3231P   3622
0.033356919,0.,0.992509761,0.04089183,0.,0.994941711,               3231P   3623
0.048426741,0.,0.996616868,0.056799085,0.,0.998292025,              3231P   3624
0.065171429,0.,0.999146012,0.074059462,0.,1.,0.082947496,0.,1.,     3231P   3625
0.092009656,0.,0.,1.,0.,0.,-1.;                                     3231P   3626
124,-7.04419501764363E-015,-1.,0.,10.16,-1.,                        3233P   3627
7.04419501764363E-015,6.98296267768627E-015,10.1599999999999,       3233P   3628
-6.98296267768627E-015,4.91893509025491E-029,-1.,                   3233P   3629
8.78840000000003;                                                   3233P   3630
100,4.3942,5.08,5.08,10.16,5.08,5.08,10.16;                         3235P   3631
126,1,1,1,0,1,0,0.,0.,1.,1.,1.,1.,1.,0.092009656,0.,1.,             3237P   3632
0.907990344,0.,0.,1.,0.,0.,1.;                                      3237P   3633
110,0.,5.08,4.3942,0.,50.131596658,4.3942;                          3239P   3634
126,16,2,1,0,1,0,0.,0.,0.,0.125,0.125,0.25,0.25,0.375,0.375,        3241P   3635
0.5,0.5,0.625,0.625,0.75,0.75,0.875,0.875,1.,1.,1.,1.,1.,1.,1.,     3241P   3636
1.,1.,1.,1.,1.,1.,1.,1.,1.,1.,1.,1.,1.,1.,0.907990344,0.,1.,        3241P   3637
0.917052504,0.,0.999146012,0.925940538,0.,0.998292025,              3241P   3638
0.934828571,0.,0.996616868,0.943200915,0.,0.994941711,              3241P   3639
0.951573259,0.,0.992509761,0.95910817,0.,0.99007781,                3241P   3640
0.966643081,0.,0.986982524,0.973050996,0.,0.983887237,              3241P   3641
0.979458911,0.,0.980247566,0.984493577,0.,0.976607894,              3241P   3642
0.989528243,0.,0.972563708,0.992996182,0.,0.968519522,              3241P   3643
0.996464121,0.,0.964226237,0.99823206,0.,0.959932951,1.,0.,         3241P   3644
0.955555556,1.,0.,0.,1.,0.,0.,-1.;                                  3241P   3645
124,-1.,0.,6.98296267768627E-015,10.16,0.,1.,0.,0.,                 3243P   3646
-6.98296267768627E-015,0.,-1.,8.78840000000003;                     3243P   3647
100,4.3942,5.08,50.131596658,10.16,50.131596658,5.08,               3245P   3648
55.211596658;                                                       3245P   3649
126,1,1,1,0,1,0,0.,0.,1.,1.,1.,1.,0.955555556,1.,0.,                3247P   3650
0.088888889,1.,0.,0.,1.,0.,0.,1.;                                   3247P   3651
110,5.08,55.211596658,4.3942,104.14,55.211596658,4.3942;            3249P   3652
126,16,2,1,0,1,0,0.,0.,0.,0.125,0.125,0.25,0.25,0.375,0.375,        3251P   3653
0.5,0.5,0.625,0.625,0.75,0.75,0.875,0.875,1.,1.,1.,1.,1.,1.,1.,     3251P   3654
1.,1.,1.,1.,1.,1.,1.,1.,1.,1.,1.,1.,1.,0.088888889,1.,0.,           3251P   3655
0.080134097,1.,0.,0.071547527,0.996464121,0.,0.062960956,           3251P   3656
0.992928241,0.,0.054872584,0.985992364,0.,0.046784211,              3251P   3657
0.979056487,0.,0.039504868,0.968987154,0.,0.032225525,              3251P   3658
0.958917821,0.,0.026034953,0.946101992,0.,0.01984438,               3251P   3659
0.933286162,0.,0.014980479,0.91821634,0.,0.010116577,               3251P   3660
0.903146519,0.,0.006766264,0.88640183,0.,0.00341595,                3251P   3661
0.869657142,0.,0.001707975,0.851881075,0.,0.,0.834105009,0.,0.,     3251P   3662
0.815980689,0.,0.,1.,0.,0.,-1.;                                     3251P   3663
124,1.5393081692162E-014,1.,-4.76909814521741E-030,                 3253P   3664
59.0884033416686,1.,-1.5393081692162E-014,                          3253P   3665
-6.98296267768627E-015,-59.0884033416695,                           3253P   3666
-6.98296267768627E-015,1.02720216805726E-028,-1.,                   3253P   3667
8.78840000000073;                                                   3253P   3668
100,4.3942,104.14,45.051596658,114.3,45.051596658,104.14,           3255P   3669
55.211596658;                                                       3255P   3670
126,1,1,1,0,1,0,0.,0.,1.,1.,1.,1.,0.,0.815980689,0.,0.,             3257P   3671
0.184019311,0.,0.,1.,0.,0.,1.;                                      3257P   3672
110,114.3,45.051596658,4.3942,114.3,10.16,4.3942;                   3259P   3673
126,16,2,1,0,1,0,0.,0.,0.,0.125,0.125,0.25,0.25,0.375,0.375,        3261P   3674
0.5,0.5,0.625,0.625,0.75,0.75,0.875,0.875,1.,1.,1.,1.,1.,1.,1.,     3261P   3675
1.,1.,1.,1.,1.,1.,1.,1.,1.,1.,1.,1.,1.,0.,0.184019311,0.,0.,        3261P   3676
0.165894991,0.,0.001707975,0.148118925,0.,0.00341595,               3261P   3677
0.130342858,0.,0.006766264,0.11359817,0.,0.010116577,               3261P   3678
0.096853481,0.,0.014980479,0.08178366,0.,0.01984438,                3261P   3679
0.066713838,0.,0.026034953,0.053898008,0.,0.032225525,              3261P   3680
0.041082179,0.,0.039504868,0.031012846,0.,0.046784211,              3261P   3681
0.020943513,0.,0.054872584,0.014007636,0.,0.062960956,              3261P   3682
0.007071759,0.,0.071547527,0.003535879,0.,0.080134097,0.,0.,        3261P   3683
0.088888889,0.,0.,0.,1.,0.,0.,-1.;                                  3261P   3684
124,1.,-1.49092557204235E-014,-6.98296267768627E-015,               3263P   3685
1.83913903934024E-013,-1.49092557204235E-014,-1.,                   3263P   3686
-9.53819629043483E-030,20.3200000000016,-6.98296267768627E-015,     3263P   3687
1.13648972538233E-028,-1.,8.78840000000073;                         3263P   3688
100,4.3942,104.14,10.16,114.3,10.16,104.14,20.32;                   3265P   3689
126,1,1,1,0,1,0,0.,0.,1.,1.,1.,1.,0.088888889,0.,0.,                3267P   3690
0.955555556,0.,0.,0.,1.,0.,0.,1.;                                   3267P   3691
110,104.14,0.,4.3942,5.08,0.,4.3942;                                3269P   3692
102,8,3231,3237,3241,3247,3251,3257,3261,3267;                      3271P   3693
102,8,3235,3239,3245,3249,3255,3259,3265,3269;                      3273P   3694
142,1,3229,3271,3273,1;                                             3275P   3695
144,3229,1,0,3275;                                                  3277P   3696
128,1,1,1,1,0,0,1,0,0,0.,0.,1.,1.,0.,0.,1.,1.,1.,1.,1.,1.,          3279P   3697
102.997,4.0894,0.,102.997,49.166396658,0.,102.997,4.0894,           3279P   3698
1.6129,102.997,49.166396658,1.6129,0.,1.,0.,1.;                     3279P   3699
126,1,1,1,0,1,0,0.,0.,1.,1.,1.,1.,0.,0.,0.,1.,0.,0.,0.,1.,0.,       3281P   3700
0.,1.;                                                              3281P   3701
110,102.997,4.0894,0.,102.997,49.166396658,0.;                      3283P   3702
126,1,1,1,0,1,0,0.,0.,1.,1.,1.,1.,1.,0.,0.,1.,1.,0.,0.,1.,0.,       3285P   3703
0.,1.;                                                              3285P   3704
110,102.997,49.166396658,0.,102.997,49.166396658,1.6129;            3287P   3705
126,1,1,1,0,1,0,0.,0.,1.,1.,1.,1.,1.,1.,0.,0.,1.,0.,0.,1.,0.,       3289P   3706
0.,1.;                                                              3289P   3707
110,102.997,49.166396658,1.6129,102.997,4.0894,1.6129;              3291P   3708
126,1,1,1,0,1,0,0.,0.,1.,1.,1.,1.,0.,1.,0.,0.,0.,0.,0.,1.,0.,       3293P   3709
0.,1.;                                                              3293P   3710
110,102.997,4.0894,1.6129,102.997,4.0894,0.;                        3295P   3711
102,4,3281,3285,3289,3293;                                          3297P   3712
102,4,3283,3287,3291,3295;                                          3299P   3713
142,1,3279,3297,3299,1;                                             3301P   3714
144,3279,1,0,3301;                                                  3303P   3715
128,1,1,1,1,0,0,1,0,0,0.,0.,1.,1.,0.,0.,1.,1.,1.,1.,1.,1.,          3305P   3716
67.8942,4.0894,1.6129,67.8942,4.0894,0.,102.997,4.0894,1.6129,      3305P   3717
102.997,4.0894,0.,0.,1.,0.,1.;                                      3305P   3718
126,1,1,1,0,1,0,0.,0.,1.,1.,1.,1.,1.,0.,0.,1.,1.,0.,0.,1.,0.,       3307P   3719
0.,1.;                                                              3307P   3720
110,67.8942,4.0894,0.,102.997,4.0894,0.;                            3309P   3721
126,1,1,1,0,1,0,0.,0.,1.,1.,1.,1.,1.,1.,0.,0.,1.,0.,0.,1.,0.,       3311P   3722
0.,1.;                                                              3311P   3723
110,102.997,4.0894,0.,102.997,4.0894,1.6129;                        3313P   3724
126,1,1,1,0,1,0,0.,0.,1.,1.,1.,1.,0.,1.,0.,0.,0.,0.,0.,1.,0.,       3315P   3725
0.,1.;                                                              3315P   3726
110,102.997,4.0894,1.6129,67.8942,4.0894,1.6129;                    3317P   3727
126,1,1,1,0,1,0,0.,0.,1.,1.,1.,1.,0.,0.,0.,1.,0.,0.,0.,1.,0.,       3319P   3728
0.,1.;                                                              3319P   3729
110,67.8942,4.0894,1.6129,67.8942,4.0894,0.;                        3321P   3730
102,4,3307,3311,3315,3319;                                          3323P   3731
102,4,3309,3313,3317,3321;                                          3325P   3732
142,1,3305,3323,3325,1;                                             3327P   3733
144,3305,1,0,3327;                                                  3329P   3734
128,1,1,1,1,0,0,1,0,0,0.,0.,1.,1.,0.,0.,1.,1.,1.,1.,1.,1.,          3331P   3735
67.8942,4.0894,0.,67.8942,49.166396658,0.,67.8942,4.0894,           3331P   3736
1.6129,67.8942,49.166396658,1.6129,0.,1.,0.,1.;                     3331P   3737
126,1,1,1,0,1,0,0.,0.,1.,1.,1.,1.,1.,0.,0.,1.,1.,0.,0.,1.,0.,       3333P   3738
0.,1.;                                                              3333P   3739
110,67.8942,49.166396658,0.,67.8942,49.166396658,1.6129;            3335P   3740
126,1,1,1,0,1,0,0.,0.,1.,1.,1.,1.,1.,1.,0.,0.,1.,0.,0.,1.,0.,       3337P   3741
0.,1.;                                                              3337P   3742
110,67.8942,49.166396658,1.6129,67.8942,4.0894,1.6129;              3339P   3743
126,1,1,1,0,1,0,0.,0.,1.,1.,1.,1.,0.,1.,0.,0.,0.,0.,0.,1.,0.,       3341P   3744
0.,1.;                                                              3341P   3745
110,67.8942,4.0894,1.6129,67.8942,4.0894,0.;                        3343P   3746
126,1,1,1,0,1,0,0.,0.,1.,1.,1.,1.,0.,0.,0.,1.,0.,0.,0.,1.,0.,       3345P   3747
0.,1.;                                                              3345P   3748
110,67.8942,4.0894,0.,67.8942,49.166396658,0.;                      3347P   3749
102,4,3333,3337,3341,3345;                                          3349P   3750
102,4,3335,3339,3343,3347;                                          3351P   3751
142,1,3331,3349,3351,1;                                             3353P   3752
144,3331,1,0,3353;                                                  3355P   3753
128,1,1,1,1,0,0,1,0,0,0.,0.,1.,1.,0.,0.,1.,1.,1.,1.,1.,1.,          3357P   3754
46.4058,4.0894,0.,46.4058,49.166396658,0.,46.4058,4.0894,           3357P   3755
1.6129,46.4058,49.166396658,1.6129,0.,1.,0.,1.;                     3357P   3756
126,1,1,1,0,1,0,0.,0.,1.,1.,1.,1.,0.,0.,0.,1.,0.,0.,0.,1.,0.,       3359P   3757
0.,1.;                                                              3359P   3758
110,46.4058,4.0894,0.,46.4058,49.166396658,0.;                      3361P   3759
126,1,1,1,0,1,0,0.,0.,1.,1.,1.,1.,1.,0.,0.,1.,1.,0.,0.,1.,0.,       3363P   3760
0.,1.;                                                              3363P   3761
110,46.4058,49.166396658,0.,46.4058,49.166396658,1.6129;            3365P   3762
126,1,1,1,0,1,0,0.,0.,1.,1.,1.,1.,1.,1.,0.,0.,1.,0.,0.,1.,0.,       3367P   3763
0.,1.;                                                              3367P   3764
110,46.4058,49.166396658,1.6129,46.4058,4.0894,1.6129;              3369P   3765
126,1,1,1,0,1,0,0.,0.,1.,1.,1.,1.,0.,1.,0.,0.,0.,0.,0.,1.,0.,       3371P   3766
0.,1.;                                                              3371P   3767
110,46.4058,4.0894,1.6129,46.4058,4.0894,0.;                        3373P   3768
102,4,3359,3363,3367,3371;                                          3375P   3769
102,4,3361,3365,3369,3373;                                          3377P   3770
142,1,3357,3375,3377,1;                                             3379P   3771
144,3357,1,0,3379;                                                  3381P   3772
128,1,1,1,1,0,0,1,0,0,0.,0.,1.,1.,0.,0.,1.,1.,1.,1.,1.,1.,          3383P   3773
9.652,4.0894,1.6129,9.652,4.0894,0.,46.4058,4.0894,1.6129,          3383P   3774
46.4058,4.0894,0.,0.,1.,0.,1.;                                      3383P   3775
126,1,1,1,0,1,0,0.,0.,1.,1.,1.,1.,1.,0.,0.,1.,1.,0.,0.,1.,0.,       3385P   3776
0.,1.;                                                              3385P   3777
110,9.652,4.0894,0.,46.4058,4.0894,0.;                              3387P   3778
126,1,1,1,0,1,0,0.,0.,1.,1.,1.,1.,1.,1.,0.,0.,1.,0.,0.,1.,0.,       3389P   3779
0.,1.;                                                              3389P   3780
110,46.4058,4.0894,0.,46.4058,4.0894,1.6129;                        3391P   3781
126,1,1,1,0,1,0,0.,0.,1.,1.,1.,1.,0.,1.,0.,0.,0.,0.,0.,1.,0.,       3393P   3782
0.,1.;                                                              3393P   3783
110,46.4058,4.0894,1.6129,9.652,4.0894,1.6129;                      3395P   3784
126,1,1,1,0,1,0,0.,0.,1.,1.,1.,1.,0.,0.,0.,1.,0.,0.,0.,1.,0.,       3397P   3785
0.,1.;                                                              3397P   3786
110,9.652,4.0894,1.6129,9.652,4.0894,0.;                            3399P   3787
102,4,3385,3389,3393,3397;                                          3401P   3788
102,4,3387,3391,3395,3399;                                          3403P   3789
142,1,3383,3401,3403,1;                                             3405P   3790
144,3383,1,0,3405;                                                  3407P   3791
128,1,1,1,1,0,0,1,0,0,0.,0.,1.,1.,0.,0.,1.,1.,1.,1.,1.,1.,          3409P   3792
9.652,4.0894,0.,9.652,49.166396658,0.,9.652,4.0894,1.6129,          3409P   3793
9.652,49.166396658,1.6129,0.,1.,0.,1.;                              3409P   3794
126,1,1,1,0,1,0,0.,0.,1.,1.,1.,1.,1.,0.,0.,1.,1.,0.,0.,1.,0.,       3411P   3795
0.,1.;                                                              3411P   3796
110,9.652,49.166396658,0.,9.652,49.166396658,1.6129;                3413P   3797
126,1,1,1,0,1,0,0.,0.,1.,1.,1.,1.,1.,1.,0.,0.,1.,0.,0.,1.,0.,       3415P   3798
0.,1.;                                                              3415P   3799
110,9.652,49.166396658,1.6129,9.652,4.0894,1.6129;                  3417P   3800
126,1,1,1,0,1,0,0.,0.,1.,1.,1.,1.,0.,1.,0.,0.,0.,0.,0.,1.,0.,       3419P   3801
0.,1.;                                                              3419P   3802
110,9.652,4.0894,1.6129,9.652,4.0894,0.;                            3421P   3803
126,1,1,1,0,1,0,0.,0.,1.,1.,1.,1.,0.,0.,0.,1.,0.,0.,0.,1.,0.,       3423P   3804
0.,1.;                                                              3423P   3805
110,9.652,4.0894,0.,9.652,49.166396658,0.;                          3425P   3806
102,4,3411,3415,3419,3423;                                          3427P   3807
102,4,3413,3417,3421,3425;                                          3429P   3808
142,1,3409,3427,3429,1;                                             3431P   3809
144,3409,1,0,3431;                                                  3433P   3810
128,1,1,1,1,0,0,1,0,0,0.,0.,1.,1.,0.,0.,1.,1.,1.,1.,1.,1.,          3435P   3811
9.652,49.166396658,1.6129,9.652,49.166396658,0.,46.4058,            3435P   3812
49.166396658,1.6129,46.4058,49.166396658,0.,0.,1.,0.,1.;            3435P   3813
126,1,1,1,0,1,0,0.,0.,1.,1.,1.,1.,1.,1.,0.,0.,1.,0.,0.,1.,0.,       3437P   3814
0.,1.;                                                              3437P   3815
110,46.4058,49.166396658,0.,46.4058,49.166396658,1.6129;            3439P   3816
126,1,1,1,0,1,0,0.,0.,1.,1.,1.,1.,0.,1.,0.,0.,0.,0.,0.,1.,0.,       3441P   3817
0.,1.;                                                              3441P   3818
110,46.4058,49.166396658,1.6129,9.652,49.166396658,1.6129;          3443P   3819
126,1,1,1,0,1,0,0.,0.,1.,1.,1.,1.,0.,0.,0.,1.,0.,0.,0.,1.,0.,       3445P   3820
0.,1.;                                                              3445P   3821
110,9.652,49.166396658,1.6129,9.652,49.166396658,0.;                3447P   3822
126,1,1,1,0,1,0,0.,0.,1.,1.,1.,1.,1.,0.,0.,1.,1.,0.,0.,1.,0.,       3449P   3823
0.,1.;                                                              3449P   3824
110,9.652,49.166396658,0.,46.4058,49.166396658,0.;                  3451P   3825
102,4,3437,3441,3445,3449;                                          3453P   3826
102,4,3439,3443,3447,3451;                                          3455P   3827
142,1,3435,3453,3455,1;                                             3457P   3828
144,3435,1,0,3457;                                                  3459P   3829
128,1,1,1,1,0,0,1,0,0,0.,0.,1.,1.,0.,0.,1.,1.,1.,1.,1.,1.,          3461P   3830
67.8942,49.166396658,1.6129,67.8942,49.166396658,0.,102.997,        3461P   3831
49.166396658,1.6129,102.997,49.166396658,0.,0.,1.,0.,1.;            3461P   3832
126,1,1,1,0,1,0,0.,0.,1.,1.,1.,1.,1.,1.,0.,0.,1.,0.,0.,1.,0.,       3463P   3833
0.,1.;                                                              3463P   3834
110,102.997,49.166396658,0.,102.997,49.166396658,1.6129;            3465P   3835
126,1,1,1,0,1,0,0.,0.,1.,1.,1.,1.,0.,1.,0.,0.,0.,0.,0.,1.,0.,       3467P   3836
0.,1.;                                                              3467P   3837
110,102.997,49.166396658,1.6129,67.8942,49.166396658,1.6129;        3469P   3838
126,1,1,1,0,1,0,0.,0.,1.,1.,1.,1.,0.,0.,0.,1.,0.,0.,0.,1.,0.,       3471P   3839
0.,1.;                                                              3471P   3840
110,67.8942,49.166396658,1.6129,67.8942,49.166396658,0.;            3473P   3841
126,1,1,1,0,1,0,0.,0.,1.,1.,1.,1.,1.,0.,0.,1.,1.,0.,0.,1.,0.,       3475P   3842
0.,1.;                                                              3475P   3843
110,67.8942,49.166396658,0.,102.997,49.166396658,0.;                3477P   3844
102,4,3463,3467,3471,3475;                                          3479P   3845
102,4,3465,3469,3473,3477;                                          3481P   3846
142,1,3461,3479,3481,1;                                             3483P   3847
144,3461,1,0,3483;                                                  3485P   3848
128,1,1,1,1,0,0,1,0,0,0.,0.,1.,1.,0.,0.,1.,1.,1.,1.,1.,1.,          3487P   3849
114.3,0.,1.6129,0.,0.,1.6129,114.3,55.211596658,1.6129,0.,          3487P   3850
55.211596658,1.6129,0.,1.,0.,1.;                                    3487P   3851
126,16,2,1,0,1,0,0.,0.,0.,0.125,0.125,0.25,0.25,0.375,0.375,        3489P   3852
0.5,0.5,0.625,0.625,0.75,0.75,0.875,0.875,1.,1.,1.,1.,1.,1.,1.,     3489P   3853
1.,1.,1.,1.,1.,1.,1.,1.,1.,1.,1.,1.,1.,0.955555556,0.,0.,           3489P   3854
0.959932951,0.,0.,0.964226237,0.00176794,0.,0.968519522,            3489P   3855
0.003535879,0.,0.972563708,0.007003818,0.,0.976607894,              3489P   3856
0.010471757,0.,0.980247566,0.015506423,0.,0.983887237,              3489P   3857
0.020541089,0.,0.986982524,0.026949004,0.,0.99007781,               3489P   3858
0.033356919,0.,0.992509761,0.04089183,0.,0.994941711,               3489P   3859
0.048426741,0.,0.996616868,0.056799085,0.,0.998292025,              3489P   3860
0.065171429,0.,0.999146012,0.074059462,0.,1.,0.082947496,0.,1.,     3489P   3861
0.092009656,0.,0.,1.,0.,0.,-1.;                                     3489P   3862
124,-7.04419501764363E-015,-1.,0.,10.16,-1.,                        3491P   3863
7.04419501764363E-015,6.98296267768627E-015,10.16,                  3491P   3864
-6.98296267768627E-015,4.91893509025491E-029,-1.,                   3491P   3865
3.22580000000004;                                                   3491P   3866
100,1.6129,5.08,5.08,10.16,5.08,5.08,10.16;                         3493P   3867
126,1,1,1,0,1,0,0.,0.,1.,1.,1.,1.,1.,0.092009656,0.,1.,             3495P   3868
0.907990344,0.,0.,1.,0.,0.,1.;                                      3495P   3869
110,0.,5.08,1.6129,0.,50.131596658,1.6129;                          3497P   3870
126,16,2,1,0,1,0,0.,0.,0.,0.125,0.125,0.25,0.25,0.375,0.375,        3499P   3871
0.5,0.5,0.625,0.625,0.75,0.75,0.875,0.875,1.,1.,1.,1.,1.,1.,1.,     3499P   3872
1.,1.,1.,1.,1.,1.,1.,1.,1.,1.,1.,1.,1.,1.,0.907990344,0.,1.,        3499P   3873
0.917052504,0.,0.999146012,0.925940538,0.,0.998292025,              3499P   3874
0.934828571,0.,0.996616868,0.943200915,0.,0.994941711,              3499P   3875
0.951573259,0.,0.992509761,0.95910817,0.,0.99007781,                3499P   3876
0.966643081,0.,0.986982524,0.973050996,0.,0.983887237,              3499P   3877
0.979458911,0.,0.980247566,0.984493577,0.,0.976607894,              3499P   3878
0.989528243,0.,0.972563708,0.992996182,0.,0.968519522,              3499P   3879
0.996464121,0.,0.964226237,0.99823206,0.,0.959932951,1.,0.,         3499P   3880
0.955555556,1.,0.,0.,1.,0.,0.,-1.;                                  3499P   3881
124,-1.,0.,6.98296267768627E-015,10.16,0.,1.,0.,0.,                 3501P   3882
-6.98296267768627E-015,0.,-1.,3.22580000000004;                     3501P   3883
100,1.6129,5.08,50.131596658,10.16,50.131596658,5.08,               3503P   3884
55.211596658;                                                       3503P   3885
126,1,1,1,0,1,0,0.,0.,1.,1.,1.,1.,0.955555556,1.,0.,                3505P   3886
0.088888889,1.,0.,0.,1.,0.,0.,1.;                                   3505P   3887
110,5.08,55.211596658,1.6129,104.14,55.211596658,1.6129;            3507P   3888
126,16,2,1,0,1,0,0.,0.,0.,0.125,0.125,0.25,0.25,0.375,0.375,        3509P   3889
0.5,0.5,0.625,0.625,0.75,0.75,0.875,0.875,1.,1.,1.,1.,1.,1.,1.,     3509P   3890
1.,1.,1.,1.,1.,1.,1.,1.,1.,1.,1.,1.,1.,0.088888889,1.,0.,           3509P   3891
0.080134097,1.,0.,0.071547527,0.996464121,0.,0.062960956,           3509P   3892
0.992928241,0.,0.054872584,0.985992364,0.,0.046784211,              3509P   3893
0.979056487,0.,0.039504868,0.968987154,0.,0.032225525,              3509P   3894
0.958917821,0.,0.026034953,0.946101992,0.,0.01984438,               3509P   3895
0.933286162,0.,0.014980479,0.91821634,0.,0.010116577,               3509P   3896
0.903146519,0.,0.006766264,0.88640183,0.,0.00341595,                3509P   3897
0.869657142,0.,0.001707975,0.851881075,0.,0.,0.834105009,0.,0.,     3509P   3898
0.815980689,0.,0.,1.,0.,0.,-1.;                                     3509P   3899
124,6.12323399573677E-017,1.,0.,59.0884033416702,1.,                3511P   3900
-6.12323399573677E-017,-6.98296267768627E-015,                      3511P   3901
-59.0884033416702,-6.98296267768627E-015,4.27583144589696E-031,     3511P   3902
-1.,3.22580000000073;                                               3511P   3903
100,1.6129,104.14,45.051596658,114.3,45.051596658,104.14,           3513P   3904
55.211596658;                                                       3513P   3905
126,1,1,1,0,1,0,0.,0.,1.,1.,1.,1.,0.,0.815980689,0.,0.,             3515P   3906
0.184019311,0.,0.,1.,0.,0.,1.;                                      3515P   3907
110,114.3,45.051596658,1.6129,114.3,10.16,1.6129;                   3517P   3908
126,16,2,1,0,1,0,0.,0.,0.,0.125,0.125,0.25,0.25,0.375,0.375,        3519P   3909
0.5,0.5,0.625,0.625,0.75,0.75,0.875,0.875,1.,1.,1.,1.,1.,1.,1.,     3519P   3910
1.,1.,1.,1.,1.,1.,1.,1.,1.,1.,1.,1.,1.,0.,0.184019311,0.,0.,        3519P   3911
0.165894991,0.,0.001707975,0.148118925,0.,0.00341595,               3519P   3912
0.130342858,0.,0.006766264,0.11359817,0.,0.010116577,               3519P   3913
0.096853481,0.,0.014980479,0.08178366,0.,0.01984438,                3519P   3914
0.066713838,0.,0.026034953,0.053898008,0.,0.032225525,              3519P   3915
0.041082179,0.,0.039504868,0.031012846,0.,0.046784211,              3519P   3916
0.020943513,0.,0.054872584,0.014007636,0.,0.062960956,              3519P   3917
0.007071759,0.,0.071547527,0.003535879,0.,0.080134097,0.,0.,        3519P   3918
0.088888889,0.,0.,0.,1.,0.,0.,-1.;                                  3519P   3919
124,1.,-1.50438811895513E-014,-6.98296267768627E-015,               3521P   3920
1.61683853083618E-013,-1.50438811895513E-014,-1.,                   3521P   3921
9.53819629043483E-030,20.3200000000016,-6.98296267768627E-015,      3521P   3922
9.55126645837482E-029,-1.,3.22580000000073;                         3521P   3923
100,1.6129,104.14,10.16,114.3,10.16,104.14,20.32;                   3523P   3924
126,1,1,1,0,1,0,0.,0.,1.,1.,1.,1.,0.088888889,0.,0.,                3525P   3925
0.955555556,0.,0.,0.,1.,0.,0.,1.;                                   3525P   3926
110,104.14,0.,1.6129,5.08,0.,1.6129;                                3527P   3927
102,8,3489,3495,3499,3505,3509,3515,3519,3525;                      3529P   3928
102,8,3493,3497,3503,3507,3513,3517,3523,3527;                      3531P   3929
142,1,3487,3529,3531,1;                                             3533P   3930
126,1,1,1,0,1,0,0.,0.,1.,1.,1.,1.,0.594,0.074067773,0.,0.594,       3535P   3931
0.89050851,0.,0.,1.,0.,0.,1.;                                       3535P   3932
110,46.4058,4.0894,1.6129,46.4058,49.166396658,1.6129;              3537P   3933
126,1,1,1,0,1,0,0.,0.,1.,1.,1.,1.,0.594,0.89050851,0.,              3539P   3934
0.915555556,0.89050851,0.,0.,1.,0.,0.,1.;                           3539P   3935
110,46.4058,49.166396658,1.6129,9.652,49.166396658,1.6129;          3541P   3936
126,1,1,1,0,1,0,0.,0.,1.,1.,1.,1.,0.915555556,0.89050851,0.,        3543P   3937
0.915555556,0.074067773,0.,0.,1.,0.,0.,1.;                          3543P   3938
110,9.652,49.166396658,1.6129,9.652,4.0894,1.6129;                  3545P   3939
126,1,1,1,0,1,0,0.,0.,1.,1.,1.,1.,0.915555556,0.074067773,0.,       3547P   3940
0.594,0.074067773,0.,0.,1.,0.,0.,1.;                                3547P   3941
110,9.652,4.0894,1.6129,46.4058,4.0894,1.6129;                      3549P   3942
102,4,3535,3539,3543,3547;                                          3551P   3943
102,4,3537,3541,3545,3549;                                          3553P   3944
142,1,3487,3551,3553,1;                                             3555P   3945
126,1,1,1,0,1,0,0.,0.,1.,1.,1.,1.,0.098888889,0.074067773,0.,       3557P   3946
0.098888889,0.89050851,0.,0.,1.,0.,0.,1.;                           3557P   3947
110,102.997,4.0894,1.6129,102.997,49.166396658,1.6129;              3559P   3948
126,1,1,1,0,1,0,0.,0.,1.,1.,1.,1.,0.098888889,0.89050851,0.,        3561P   3949
0.406,0.89050851,0.,0.,1.,0.,0.,1.;                                 3561P   3950
110,102.997,49.166396658,1.6129,67.8942,49.166396658,1.6129;        3563P   3951
126,1,1,1,0,1,0,0.,0.,1.,1.,1.,1.,0.406,0.89050851,0.,0.406,        3565P   3952
0.074067773,0.,0.,1.,0.,0.,1.;                                      3565P   3953
110,67.8942,49.166396658,1.6129,67.8942,4.0894,1.6129;              3567P   3954
126,1,1,1,0,1,0,0.,0.,1.,1.,1.,1.,0.406,0.074067773,0.,             3569P   3955
0.098888889,0.074067773,0.,0.,1.,0.,0.,1.;                          3569P   3956
110,67.8942,4.0894,1.6129,102.997,4.0894,1.6129;                    3571P   3957
102,4,3557,3561,3565,3569;                                          3573P   3958
102,4,3559,3563,3567,3571;                                          3575P   3959
142,1,3487,3573,3575,1;                                             3577P   3960
144,3487,1,2,3533,3555,3577;                                        3579P   3961
128,1,1,1,1,0,0,1,0,0,0.,0.,1.,1.,0.,0.,1.,1.,1.,1.,1.,1.,          3581P   3962
102.997,4.0894,0.,67.8942,4.0894,0.,102.997,49.166396658,0.,        3581P   3963
67.8942,49.166396658,0.,0.,1.,0.,1.;                                3581P   3964
126,1,1,1,0,1,0,0.,0.,1.,1.,1.,1.,1.,1.,0.,0.,1.,0.,0.,1.,0.,       3583P   3965
0.,1.;                                                              3583P   3966
110,67.8942,49.166396658,0.,102.997,49.166396658,0.;                3585P   3967
126,1,1,1,0,1,0,0.,0.,1.,1.,1.,1.,0.,1.,0.,0.,0.,0.,0.,1.,0.,       3587P   3968
0.,1.;                                                              3587P   3969
110,102.997,49.166396658,0.,102.997,4.0894,0.;                      3589P   3970
126,1,1,1,0,1,0,0.,0.,1.,1.,1.,1.,0.,0.,0.,1.,0.,0.,0.,1.,0.,       3591P   3971
0.,1.;                                                              3591P   3972
110,102.997,4.0894,0.,67.8942,4.0894,0.;                            3593P   3973
126,1,1,1,0,1,0,0.,0.,1.,1.,1.,1.,1.,0.,0.,1.,1.,0.,0.,1.,0.,       3595P   3974
0.,1.;                                                              3595P   3975
110,67.8942,4.0894,0.,67.8942,49.166396658,0.;                      3597P   3976
102,4,3583,3587,3591,3595;                                          3599P   3977
102,4,3585,3589,3593,3597;                                          3601P   3978
142,1,3581,3599,3601,1;                                             3603P   3979
144,3581,1,0,3603;                                                  3605P   3980
128,1,1,1,1,0,0,1,0,0,0.,0.,1.,1.,0.,0.,1.,1.,1.,1.,1.,1.,          3607P   3981
46.4058,4.0894,0.,9.652,4.0894,0.,46.4058,49.166396658,0.,          3607P   3982
9.652,49.166396658,0.,0.,1.,0.,1.;                                  3607P   3983
126,1,1,1,0,1,0,0.,0.,1.,1.,1.,1.,1.,1.,0.,0.,1.,0.,0.,1.,0.,       3609P   3984
0.,1.;                                                              3609P   3985
110,9.652,49.166396658,0.,46.4058,49.166396658,0.;                  3611P   3986
126,1,1,1,0,1,0,0.,0.,1.,1.,1.,1.,0.,1.,0.,0.,0.,0.,0.,1.,0.,       3613P   3987
0.,1.;                                                              3613P   3988
110,46.4058,49.166396658,0.,46.4058,4.0894,0.;                      3615P   3989
126,1,1,1,0,1,0,0.,0.,1.,1.,1.,1.,0.,0.,0.,1.,0.,0.,0.,1.,0.,       3617P   3990
0.,1.;                                                              3617P   3991
110,46.4058,4.0894,0.,9.652,4.0894,0.;                              3619P   3992
126,1,1,1,0,1,0,0.,0.,1.,1.,1.,1.,1.,0.,0.,1.,1.,0.,0.,1.,0.,       3621P   3993
0.,1.;                                                              3621P   3994
110,9.652,4.0894,0.,9.652,49.166396658,0.;                          3623P   3995
102,4,3609,3613,3617,3621;                                          3625P   3996
102,4,3611,3615,3619,3623;                                          3627P   3997
142,1,3607,3625,3627,1;                                             3629P   3998
144,3607,1,0,3629;                                                  3631P   3999
308,0,27Hsekou tape dispenser bottom,20,3021,3047,3073,3099,        3633P   4000
3131,3163,3195,3227,3277,3303,3329,3355,3381,3407,3433,3459,        3633P   4001
3485,3579,3605,3631;                                                3633P   4002
124,0.,-1.,0.,55.2115966583298,0.,0.,1.,-4.3942,-1.,0.,0.,          3635P   4003
112.512720096643;                                                   3635P   4004
408,3633,0.,0.,0.,1.;                                               3637P   4005
110,-88.99,0.,0.,-1088.99,0.,0.;                                    3639P   4006
110,18.8595,0.,1.143,12.0015,0.,1.143;                              3641P   4007
120,3639,3641,0.,6.28318530717959;                                  3643P   4008
126,1,1,1,0,1,0,0.,0.,1.,1.,1.,1.,0.,0.,0.,0.,3.141592654,0.,       3645P   4009
0.,1.,0.,0.,1.;                                                     3645P   4010
124,6.12323399573677E-017,0.,-1.,18.8595,0.,1.,0.,0.,1.,0.,         3647P   4011
6.12323399573677E-017,-18.8595;                                     3647P   4012
100,0.,18.8595,0.,20.0025,0.,17.7165,0.;                            3649P   4013
126,1,1,1,0,1,0,0.,0.,1.,1.,1.,1.,0.,3.141592654,0.,1.,             3651P   4014
3.141592654,0.,0.,1.,0.,0.,1.;                                      3651P   4015
110,18.8595,0.,-1.143,12.0015,0.,-1.143;                            3653P   4016
126,1,1,1,0,1,0,0.,0.,1.,1.,1.,1.,1.,3.141592654,0.,1.,0.,0.,       3655P   4017
0.,1.,0.,0.,1.;                                                     3655P   4018
124,6.12323399573677E-017,0.,1.,12.0015,0.,1.,0.,0.,-1.,0.,         3657P   4019
6.12323399573677E-017,12.0015;                                      3657P   4020
100,0.,12.0015,0.,13.1445,0.,10.8585,0.;                            3659P   4021
126,1,1,1,0,1,0,0.,0.,1.,1.,1.,1.,1.,0.,0.,0.,0.,0.,0.,1.,0.,       3661P   4022
0.,1.;                                                              3661P   4023
110,12.0015,0.,1.143,18.8595,0.,1.143;                              3663P   4024
102,4,3645,3651,3655,3661;                                          3665P   4025
102,4,3649,3653,3659,3663;                                          3667P   4026
142,1,3643,3665,3667,1;                                             3669P   4027
144,3643,1,0,3669;                                                  3671P   4028
110,-88.99,0.,0.,-1088.99,0.,0.;                                    3673P   4029
110,-7.62,0.,1.143,-14.478,0.,1.143;                                3675P   4030
120,3673,3675,0.,6.28318530717959;                                  3677P   4031
126,1,1,1,0,1,0,0.,0.,1.,1.,1.,1.,0.,0.,0.,0.,3.141592654,0.,       3679P   4032
0.,1.,0.,0.,1.;                                                     3679P   4033
124,6.12323399573677E-017,0.,-1.,-7.62,0.,1.,0.,0.,1.,0.,           3681P   4034
6.12323399573677E-017,7.62;                                         3681P   4035
100,0.,-7.62,0.,-6.477,0.,-8.763,0.;                                3683P   4036
126,1,1,1,0,1,0,0.,0.,1.,1.,1.,1.,0.,3.141592654,0.,1.,             3685P   4037
3.141592654,0.,0.,1.,0.,0.,1.;                                      3685P   4038
110,-7.62,0.,-1.143,-14.478,0.,-1.143;                              3687P   4039
126,1,1,1,0,1,0,0.,0.,1.,1.,1.,1.,1.,3.141592654,0.,1.,0.,0.,       3689P   4040
0.,1.,0.,0.,1.;                                                     3689P   4041
124,6.12323399573677E-017,0.,1.,-14.478,0.,1.,0.,0.,-1.,0.,         3691P   4042
6.12323399573677E-017,-14.478;                                      3691P   4043
100,0.,-14.478,0.,-13.335,0.,-15.621,0.;                            3693P   4044
126,1,1,1,0,1,0,0.,0.,1.,1.,1.,1.,1.,0.,0.,0.,0.,0.,0.,1.,0.,       3695P   4045
0.,1.;                                                              3695P   4046
110,-14.478,0.,1.143,-7.62,0.,1.143;                                3697P   4047
102,4,3679,3685,3689,3695;                                          3699P   4048
102,4,3683,3687,3693,3697;                                          3701P   4049
142,1,3677,3699,3701,1;                                             3703P   4050
144,3677,1,0,3703;                                                  3705P   4051
110,-88.99,0.,0.,-1088.99,0.,0.;                                    3707P   4052
110,12.0015,0.,20.32,-7.62,0.,20.32;                                3709P   4053
120,3707,3709,0.,6.28318530717959;                                  3711P   4054
126,1,1,1,0,1,0,0.,0.,1.,1.,1.,1.,0.,0.,0.,0.,3.141592654,0.,       3713P   4055
0.,1.,0.,0.,1.;                                                     3713P   4056
124,6.12323399573677E-017,0.,-1.,12.0015,0.,1.,0.,0.,1.,0.,         3715P   4057
6.12323399573677E-017,-12.0015;                                     3715P   4058
100,0.,12.0015,0.,32.3215,0.,-8.3185,0.;                            3717P   4059
126,1,1,1,0,1,0,0.,0.,1.,1.,1.,1.,0.,3.141592654,0.,1.,             3719P   4060
3.141592654,0.,0.,1.,0.,0.,1.;                                      3719P   4061
110,12.0015,0.,-20.32,-7.62,0.,-20.32;                              3721P   4062
126,1,1,1,0,1,0,0.,0.,1.,1.,1.,1.,1.,3.141592654,0.,1.,0.,0.,       3723P   4063
0.,1.,0.,0.,1.;                                                     3723P   4064
124,6.12323399573677E-017,0.,1.,-7.62,0.,1.,0.,0.,-1.,0.,           3725P   4065
6.12323399573677E-017,-7.62;                                        3725P   4066
100,0.,-7.62,0.,12.7,0.,-27.94,0.;                                  3727P   4067
126,1,1,1,0,1,0,0.,0.,1.,1.,1.,1.,1.,0.,0.,0.,0.,0.,0.,1.,0.,       3729P   4068
0.,1.;                                                              3729P   4069
110,-7.62,0.,20.32,12.0015,0.,20.32;                                3731P   4070
102,4,3713,3719,3723,3729;                                          3733P   4071
102,4,3717,3721,3727,3731;                                          3735P   4072
142,1,3711,3733,3735,1;                                             3737P   4073
144,3711,1,0,3737;                                                  3739P   4074
128,1,1,1,1,0,0,1,0,0,0.,0.,1.,1.,0.,0.,1.,1.,1.,1.,1.,1.,          3741P   4075
12.0015,-20.56384,-20.56384,12.0015,-20.56384,20.56384,12.0015,     3741P   4076
20.56384,-20.56384,12.0015,20.56384,20.56384,0.,1.,0.,1.;           3741P   4077
126,64,2,1,0,1,0,0.,0.,0.,0.03125,0.03125,0.0625,0.0625,            3743P   4078
0.09375,0.09375,0.125,0.125,0.15625,0.15625,0.1875,0.1875,          3743P   4079
0.21875,0.21875,0.25,0.25,0.28125,0.28125,0.3125,0.3125,            3743P   4080
0.34375,0.34375,0.375,0.375,0.40625,0.40625,0.4375,0.4375,          3743P   4081
0.46875,0.46875,0.5,0.5,0.53125,0.53125,0.5625,0.5625,0.59375,      3743P   4082
0.59375,0.625,0.625,0.65625,0.65625,0.6875,0.6875,0.71875,          3743P   4083
0.71875,0.75,0.75,0.78125,0.78125,0.8125,0.8125,0.84375,            3743P   4084
0.84375,0.875,0.875,0.90625,0.90625,0.9375,0.9375,0.96875,          3743P   4085
0.96875,1.,1.,1.,1.,1.,1.,1.,1.,1.,1.,1.,1.,1.,1.,1.,1.,1.,1.,      3743P   4086
1.,1.,1.,1.,1.,1.,1.,1.,1.,1.,1.,1.,1.,1.,1.,1.,1.,1.,1.,1.,1.,     3743P   4087
1.,1.,1.,1.,1.,1.,1.,1.,1.,1.,1.,1.,1.,1.,1.,1.,1.,1.,1.,1.,1.,     3743P   4088
1.,1.,1.,1.,1.,1.,1.,1.,0.005928854,0.5,0.,0.005928854,             3743P   4089
0.475727841,0.,0.008307941,0.451572559,0.,0.010687029,              3743P   4090
0.427417277,0.,0.015422292,0.403611501,0.,0.020157556,              3743P   4091
0.379805725,0.,0.027203391,0.356578717,0.,0.034249227,              3743P   4092
0.333351709,0.,0.04353778,0.310927158,0.,0.052826333,               3743P   4093
0.288502607,0.,0.06426815,0.267096474,0.,0.075709967,               3743P   4094
0.245690341,0.,0.089194856,0.225508778,0.,0.102679745,              3743P   4095
0.205327216,0.,0.118077839,0.186564583,0.,0.133475934,              3743P   4096
0.16780195,0.,0.150638942,0.150638942,0.,0.16780195,                3743P   4097
0.133475934,0.,0.186564583,0.118077839,0.,0.205327216,              3743P   4098
0.102679745,0.,0.225508778,0.089194856,0.,0.245690341,              3743P   4099
0.075709967,0.,0.267096474,0.06426815,0.,0.288502607,               3743P   4100
0.052826333,0.,0.310927158,0.04353778,0.,0.333351709,               3743P   4101
0.034249227,0.,0.356578717,0.027203391,0.,0.379805725,              3743P   4102
0.020157556,0.,0.403611501,0.015422292,0.,0.427417277,              3743P   4103
0.010687029,0.,0.451572559,0.008307941,0.,0.475727841,              3743P   4104
0.005928854,0.,0.5,0.005928854,0.,0.524272159,0.005928854,0.,       3743P   4105
0.548427441,0.008307941,0.,0.572582723,0.010687029,0.,              3743P   4106
0.596388499,0.015422292,0.,0.620194275,0.020157556,0.,              3743P   4107
0.643421283,0.027203391,0.,0.666648291,0.034249227,0.,              3743P   4108
0.689072842,0.04353778,0.,0.711497393,0.052826333,0.,               3743P   4109
0.732903526,0.06426815,0.,0.754309659,0.075709967,0.,               3743P   4110
0.774491222,0.089194856,0.,0.794672784,0.102679745,0.,              3743P   4111
0.813435417,0.118077839,0.,0.83219805,0.133475934,0.,               3743P   4112
0.849361058,0.150638942,0.,0.866524066,0.16780195,0.,               3743P   4113
0.881922161,0.186564583,0.,0.897320255,0.205327216,0.,              3743P   4114
0.910805144,0.225508778,0.,0.924290033,0.245690341,0.,              3743P   4115
0.93573185,0.267096474,0.,0.947173667,0.288502607,0.,               3743P   4116
0.95646222,0.310927158,0.,0.965750773,0.333351709,0.,               3743P   4117
0.972796609,0.356578717,0.,0.979842444,0.379805725,0.,              3743P   4118
0.984577708,0.403611501,0.,0.989312971,0.427417277,0.,              3743P   4119
0.991692059,0.451572559,0.,0.994071146,0.475727841,0.,              3743P   4120
0.994071146,0.5,0.,0.,1.,0.,0.,-1.;                                 3743P   4121
124,-6.12323399573677E-017,-7.49879891330929E-033,-1.,12.0015,      3745P   4122
1.22464679914735E-016,-1.,0.,-1.4697598559967E-015,-1.,             3745P   4123
-1.22464679914735E-016,6.12323399573677E-017,12.0015;               3745P   4124
100,0.,12.0015,0.,32.3215,0.,-8.3185,0.;                            3747P   4125
126,64,2,1,0,1,0,0.,0.,0.,0.03125,0.03125,0.0625,0.0625,            3749P   4126
0.09375,0.09375,0.125,0.125,0.15625,0.15625,0.1875,0.1875,          3749P   4127
0.21875,0.21875,0.25,0.25,0.28125,0.28125,0.3125,0.3125,            3749P   4128
0.34375,0.34375,0.375,0.375,0.40625,0.40625,0.4375,0.4375,          3749P   4129
0.46875,0.46875,0.5,0.5,0.53125,0.53125,0.5625,0.5625,0.59375,      3749P   4130
0.59375,0.625,0.625,0.65625,0.65625,0.6875,0.6875,0.71875,          3749P   4131
0.71875,0.75,0.75,0.78125,0.78125,0.8125,0.8125,0.84375,            3749P   4132
0.84375,0.875,0.875,0.90625,0.90625,0.9375,0.9375,0.96875,          3749P   4133
0.96875,1.,1.,1.,1.,1.,1.,1.,1.,1.,1.,1.,1.,1.,1.,1.,1.,1.,1.,      3749P   4134
1.,1.,1.,1.,1.,1.,1.,1.,1.,1.,1.,1.,1.,1.,1.,1.,1.,1.,1.,1.,1.,     3749P   4135
1.,1.,1.,1.,1.,1.,1.,1.,1.,1.,1.,1.,1.,1.,1.,1.,1.,1.,1.,1.,1.,     3749P   4136
1.,1.,1.,1.,1.,1.,1.,1.,0.994071146,0.5,0.,0.994071146,             3749P   4137
0.524272159,0.,0.991692059,0.548427441,0.,0.989312971,              3749P   4138
0.572582723,0.,0.984577708,0.596388499,0.,0.979842444,              3749P   4139
0.620194275,0.,0.972796609,0.643421283,0.,0.965750773,              3749P   4140
0.666648291,0.,0.95646222,0.689072842,0.,0.947173667,               3749P   4141
0.711497393,0.,0.93573185,0.732903526,0.,0.924290033,               3749P   4142
0.754309659,0.,0.910805144,0.774491222,0.,0.897320255,              3749P   4143
0.794672784,0.,0.881922161,0.813435417,0.,0.866524066,              3749P   4144
0.83219805,0.,0.849361058,0.849361058,0.,0.83219805,                3749P   4145
0.866524066,0.,0.813435417,0.881922161,0.,0.794672784,              3749P   4146
0.897320255,0.,0.774491222,0.910805144,0.,0.754309659,              3749P   4147
0.924290033,0.,0.732903526,0.93573185,0.,0.711497393,               3749P   4148
0.947173667,0.,0.689072842,0.95646222,0.,0.666648291,               3749P   4149
0.965750773,0.,0.643421283,0.972796609,0.,0.620194275,              3749P   4150
0.979842444,0.,0.596388499,0.984577708,0.,0.572582723,              3749P   4151
0.989312971,0.,0.548427441,0.991692059,0.,0.524272159,              3749P   4152
0.994071146,0.,0.5,0.994071146,0.,0.475727841,0.994071146,0.,       3749P   4153
0.451572559,0.991692059,0.,0.427417277,0.989312971,0.,              3749P   4154
0.403611501,0.984577708,0.,0.379805725,0.979842444,0.,              3749P   4155
0.356578717,0.972796609,0.,0.333351709,0.965750773,0.,              3749P   4156
0.310927158,0.95646222,0.,0.288502607,0.947173667,0.,               3749P   4157
0.267096474,0.93573185,0.,0.245690341,0.924290033,0.,               3749P   4158
0.225508778,0.910805144,0.,0.205327216,0.897320255,0.,              3749P   4159
0.186564583,0.881922161,0.,0.16780195,0.866524066,0.,               3749P   4160
0.150638942,0.849361058,0.,0.133475934,0.83219805,0.,               3749P   4161
0.118077839,0.813435417,0.,0.102679745,0.794672784,0.,              3749P   4162
0.089194856,0.774491222,0.,0.075709967,0.754309659,0.,              3749P   4163
0.06426815,0.732903526,0.,0.052826333,0.711497393,0.,               3749P   4164
0.04353778,0.689072842,0.,0.034249227,0.666648291,0.,               3749P   4165
0.027203391,0.643421283,0.,0.020157556,0.620194275,0.,              3749P   4166
0.015422292,0.596388499,0.,0.010687029,0.572582723,0.,              3749P   4167
0.008307941,0.548427441,0.,0.005928854,0.524272159,0.,              3749P   4168
0.005928854,0.5,0.,0.,1.,0.,0.,-1.;                                 3749P   4169
124,6.12323399573677E-017,0.,-1.,12.0015,0.,1.,0.,0.,1.,0.,         3751P   4170
6.12323399573677E-017,-12.0015;                                     3751P   4171
100,0.,12.0015,0.,32.3215,0.,-8.3185,0.;                            3753P   4172
102,2,3743,3749;                                                    3755P   4173
102,2,3747,3753;                                                    3757P   4174
142,1,3741,3755,3757,1;                                             3759P   4175
126,32,2,1,0,1,0,0.,0.,0.,0.0625,0.0625,0.125,0.125,0.1875,         3761P   4176
0.1875,0.25,0.25,0.3125,0.3125,0.375,0.375,0.4375,0.4375,0.5,       3761P   4177
0.5,0.5625,0.5625,0.625,0.625,0.6875,0.6875,0.75,0.75,0.8125,       3761P   4178
0.8125,0.875,0.875,0.9375,0.9375,1.,1.,1.,1.,1.,1.,1.,1.,1.,1.,     3761P   4179
1.,1.,1.,1.,1.,1.,1.,1.,1.,1.,1.,1.,1.,1.,1.,1.,1.,1.,1.,1.,1.,     3761P   4180
1.,1.,1.,1.,1.,0.527791502,0.5,0.,0.527791502,0.497262776,0.,       3761P   4181
0.527257496,0.494578147,0.,0.52672349,0.491893518,0.,0.525676,      3761P   4182
0.489364653,0.,0.52462851,0.486835787,0.,0.523107789,               3761P   4183
0.484559869,0.,0.521587069,0.48228395,0.,0.51965156,0.48034844,     3761P   4184
0.,0.51771605,0.478412931,0.,0.515440131,0.476892211,0.,            3761P   4185
0.513164213,0.47537149,0.,0.510635347,0.474324,0.,0.508106482,      3761P   4186
0.47327651,0.,0.505421853,0.472742504,0.,0.502737224,               3761P   4187
0.472208498,0.,0.5,0.472208498,0.,0.497262776,0.472208498,0.,       3761P   4188
0.494578147,0.472742504,0.,0.491893518,0.47327651,0.,               3761P   4189
0.489364653,0.474324,0.,0.486835787,0.47537149,0.,0.484559869,      3761P   4190
0.476892211,0.,0.48228395,0.478412931,0.,0.48034844,0.48034844,     3761P   4191
0.,0.478412931,0.48228395,0.,0.476892211,0.484559869,0.,            3761P   4192
0.47537149,0.486835787,0.,0.474324,0.489364653,0.,0.47327651,       3761P   4193
0.491893518,0.,0.472742504,0.494578147,0.,0.472208498,              3761P   4194
0.497262776,0.,0.472208498,0.5,0.,0.,1.,0.,0.,1.;                   3761P   4195
124,-6.12323399573677E-017,-7.49879891330929E-033,1.,12.0015,       3763P   4196
1.22464679914735E-016,-1.,0.,-1.4697598559967E-015,1.,              3763P   4197
1.22464679914735E-016,6.12323399573677E-017,-12.0015;               3763P   4198
100,0.,12.0015,0.,13.1445,0.,10.8585,0.;                            3765P   4199
126,32,2,1,0,1,0,0.,0.,0.,0.0625,0.0625,0.125,0.125,0.1875,         3767P   4200
0.1875,0.25,0.25,0.3125,0.3125,0.375,0.375,0.4375,0.4375,0.5,       3767P   4201
0.5,0.5625,0.5625,0.625,0.625,0.6875,0.6875,0.75,0.75,0.8125,       3767P   4202
0.8125,0.875,0.875,0.9375,0.9375,1.,1.,1.,1.,1.,1.,1.,1.,1.,1.,     3767P   4203
1.,1.,1.,1.,1.,1.,1.,1.,1.,1.,1.,1.,1.,1.,1.,1.,1.,1.,1.,1.,1.,     3767P   4204
1.,1.,1.,1.,1.,0.472208498,0.5,0.,0.472208498,0.502737224,0.,       3767P   4205
0.472742504,0.505421853,0.,0.47327651,0.508106482,0.,0.474324,      3767P   4206
0.510635347,0.,0.47537149,0.513164213,0.,0.476892211,               3767P   4207
0.515440131,0.,0.478412931,0.51771605,0.,0.48034844,0.51965156,     3767P   4208
0.,0.48228395,0.521587069,0.,0.484559869,0.523107789,0.,            3767P   4209
0.486835787,0.52462851,0.,0.489364653,0.525676,0.,0.491893518,      3767P   4210
0.52672349,0.,0.494578147,0.527257496,0.,0.497262776,               3767P   4211
0.527791502,0.,0.5,0.527791502,0.,0.502737224,0.527791502,0.,       3767P   4212
0.505421853,0.527257496,0.,0.508106482,0.52672349,0.,               3767P   4213
0.510635347,0.525676,0.,0.513164213,0.52462851,0.,0.515440131,      3767P   4214
0.523107789,0.,0.51771605,0.521587069,0.,0.51965156,0.51965156,     3767P   4215
0.,0.521587069,0.51771605,0.,0.523107789,0.515440131,0.,            3767P   4216
0.52462851,0.513164213,0.,0.525676,0.510635347,0.,0.52672349,       3767P   4217
0.508106482,0.,0.527257496,0.505421853,0.,0.527791502,              3767P   4218
0.502737224,0.,0.527791502,0.5,0.,0.,1.,0.,0.,1.;                   3767P   4219
124,6.12323399573677E-017,0.,1.,12.0015,0.,1.,0.,0.,-1.,0.,         3769P   4220
6.12323399573677E-017,12.0015;                                      3769P   4221
100,0.,12.0015,0.,13.1445,0.,10.8585,0.;                            3771P   4222
102,2,3761,3767;                                                    3773P   4223
102,2,3765,3771;                                                    3775P   4224
142,1,3741,3773,3775,1;                                             3777P   4225
144,3741,1,1,3759,3777;                                             3779P   4226
110,-88.99,0.,0.,-1088.99,0.,0.;                                    3781P   4227
110,12.0015,0.,20.32,-7.62,0.,20.32;                                3783P   4228
120,3781,3783,0.,6.28318530717959;                                  3785P   4229
126,1,1,1,0,1,0,0.,0.,1.,1.,1.,1.,1.,3.141592654,0.,0.,             3787P   4230
3.141592654,0.,0.,1.,0.,0.,1.;                                      3787P   4231
110,-7.62,0.,-20.32,12.0015,0.,-20.32;                              3789P   4232
126,1,1,1,0,1,0,0.,0.,1.,1.,1.,1.,0.,3.141592654,0.,0.,             3791P   4233
6.283185307,0.,0.,1.,0.,0.,1.;                                      3791P   4234
124,-6.12323399573677E-017,-7.49879891330929E-033,-1.,12.0015,      3793P   4235
1.22464679914735E-016,-1.,0.,-1.4697598559967E-015,-1.,             3793P   4236
-1.22464679914735E-016,6.12323399573677E-017,12.0015;               3793P   4237
100,0.,12.0015,0.,32.3215,0.,-8.3185,0.;                            3795P   4238
126,1,1,1,0,1,0,0.,0.,1.,1.,1.,1.,0.,6.283185307,0.,1.,             3797P   4239
6.283185307,0.,0.,1.,0.,0.,1.;                                      3797P   4240
110,12.0015,0.,20.32,-7.62,0.,20.32;                                3799P   4241
126,1,1,1,0,1,0,0.,0.,1.,1.,1.,1.,1.,6.283185307,0.,1.,             3801P   4242
3.141592654,0.,0.,1.,0.,0.,1.;                                      3801P   4243
124,-6.12323399573677E-017,-7.49879891330929E-033,1.,-7.62,         3803P   4244
1.22464679914735E-016,-1.,0.,9.33180860950283E-016,1.,              3803P   4245
1.22464679914735E-016,6.12323399573677E-017,7.62;                   3803P   4246
100,0.,-7.62,0.,12.7,0.,-27.94,0.;                                  3805P   4247
102,4,3787,3791,3797,3801;                                          3807P   4248
102,4,3789,3795,3799,3805;                                          3809P   4249
142,1,3785,3807,3809,1;                                             3811P   4250
144,3785,1,0,3811;                                                  3813P   4251
128,1,1,1,1,0,0,1,0,0,0.,0.,1.,1.,0.,0.,1.,1.,1.,1.,1.,1.,          3815P   4252
-7.62,-20.56384,20.56384,-7.62,-20.56384,-20.56384,-7.62,           3815P   4253
20.56384,20.56384,-7.62,20.56384,-20.56384,0.,1.,0.,1.;             3815P   4254
126,64,2,1,0,1,0,0.,0.,0.,0.03125,0.03125,0.0625,0.0625,            3817P   4255
0.09375,0.09375,0.125,0.125,0.15625,0.15625,0.1875,0.1875,          3817P   4256
0.21875,0.21875,0.25,0.25,0.28125,0.28125,0.3125,0.3125,            3817P   4257
0.34375,0.34375,0.375,0.375,0.40625,0.40625,0.4375,0.4375,          3817P   4258
0.46875,0.46875,0.5,0.5,0.53125,0.53125,0.5625,0.5625,0.59375,      3817P   4259
0.59375,0.625,0.625,0.65625,0.65625,0.6875,0.6875,0.71875,          3817P   4260
0.71875,0.75,0.75,0.78125,0.78125,0.8125,0.8125,0.84375,            3817P   4261
0.84375,0.875,0.875,0.90625,0.90625,0.9375,0.9375,0.96875,          3817P   4262
0.96875,1.,1.,1.,1.,1.,1.,1.,1.,1.,1.,1.,1.,1.,1.,1.,1.,1.,1.,      3817P   4263
1.,1.,1.,1.,1.,1.,1.,1.,1.,1.,1.,1.,1.,1.,1.,1.,1.,1.,1.,1.,1.,     3817P   4264
1.,1.,1.,1.,1.,1.,1.,1.,1.,1.,1.,1.,1.,1.,1.,1.,1.,1.,1.,1.,1.,     3817P   4265
1.,1.,1.,1.,1.,1.,1.,1.,0.005928854,0.5,0.,0.005928854,             3817P   4266
0.475727841,0.,0.008307941,0.451572559,0.,0.010687029,              3817P   4267
0.427417277,0.,0.015422292,0.403611501,0.,0.020157556,              3817P   4268
0.379805725,0.,0.027203391,0.356578717,0.,0.034249227,              3817P   4269
0.333351709,0.,0.04353778,0.310927158,0.,0.052826333,               3817P   4270
0.288502607,0.,0.06426815,0.267096474,0.,0.075709967,               3817P   4271
0.245690341,0.,0.089194856,0.225508778,0.,0.102679745,              3817P   4272
0.205327216,0.,0.118077839,0.186564583,0.,0.133475934,              3817P   4273
0.16780195,0.,0.150638942,0.150638942,0.,0.16780195,                3817P   4274
0.133475934,0.,0.186564583,0.118077839,0.,0.205327216,              3817P   4275
0.102679745,0.,0.225508778,0.089194856,0.,0.245690341,              3817P   4276
0.075709967,0.,0.267096474,0.06426815,0.,0.288502607,               3817P   4277
0.052826333,0.,0.310927158,0.04353778,0.,0.333351709,               3817P   4278
0.034249227,0.,0.356578717,0.027203391,0.,0.379805725,              3817P   4279
0.020157556,0.,0.403611501,0.015422292,0.,0.427417277,              3817P   4280
0.010687029,0.,0.451572559,0.008307941,0.,0.475727841,              3817P   4281
0.005928854,0.,0.5,0.005928854,0.,0.524272159,0.005928854,0.,       3817P   4282
0.548427441,0.008307941,0.,0.572582723,0.010687029,0.,              3817P   4283
0.596388499,0.015422292,0.,0.620194275,0.020157556,0.,              3817P   4284
0.643421283,0.027203391,0.,0.666648291,0.034249227,0.,              3817P   4285
0.689072842,0.04353778,0.,0.711497393,0.052826333,0.,               3817P   4286
0.732903526,0.06426815,0.,0.754309659,0.075709967,0.,               3817P   4287
0.774491222,0.089194856,0.,0.794672784,0.102679745,0.,              3817P   4288
0.813435417,0.118077839,0.,0.83219805,0.133475934,0.,               3817P   4289
0.849361058,0.150638942,0.,0.866524066,0.16780195,0.,               3817P   4290
0.881922161,0.186564583,0.,0.897320255,0.205327216,0.,              3817P   4291
0.910805144,0.225508778,0.,0.924290033,0.245690341,0.,              3817P   4292
0.93573185,0.267096474,0.,0.947173667,0.288502607,0.,               3817P   4293
0.95646222,0.310927158,0.,0.965750773,0.333351709,0.,               3817P   4294
0.972796609,0.356578717,0.,0.979842444,0.379805725,0.,              3817P   4295
0.984577708,0.403611501,0.,0.989312971,0.427417277,0.,              3817P   4296
0.991692059,0.451572559,0.,0.994071146,0.475727841,0.,              3817P   4297
0.994071146,0.5,0.,0.,1.,0.,0.,-1.;                                 3817P   4298
124,-6.12323399573677E-017,-7.49879891330929E-033,1.,-7.62,         3819P   4299
1.22464679914735E-016,-1.,0.,9.33180860950283E-016,1.,              3819P   4300
1.22464679914735E-016,6.12323399573677E-017,7.62;                   3819P   4301
100,0.,-7.62,0.,12.7,0.,-27.94,0.;                                  3821P   4302
126,64,2,1,0,1,0,0.,0.,0.,0.03125,0.03125,0.0625,0.0625,            3823P   4303
0.09375,0.09375,0.125,0.125,0.15625,0.15625,0.1875,0.1875,          3823P   4304
0.21875,0.21875,0.25,0.25,0.28125,0.28125,0.3125,0.3125,            3823P   4305
0.34375,0.34375,0.375,0.375,0.40625,0.40625,0.4375,0.4375,          3823P   4306
0.46875,0.46875,0.5,0.5,0.53125,0.53125,0.5625,0.5625,0.59375,      3823P   4307
0.59375,0.625,0.625,0.65625,0.65625,0.6875,0.6875,0.71875,          3823P   4308
0.71875,0.75,0.75,0.78125,0.78125,0.8125,0.8125,0.84375,            3823P   4309
0.84375,0.875,0.875,0.90625,0.90625,0.9375,0.9375,0.96875,          3823P   4310
0.96875,1.,1.,1.,1.,1.,1.,1.,1.,1.,1.,1.,1.,1.,1.,1.,1.,1.,1.,      3823P   4311
1.,1.,1.,1.,1.,1.,1.,1.,1.,1.,1.,1.,1.,1.,1.,1.,1.,1.,1.,1.,1.,     3823P   4312
1.,1.,1.,1.,1.,1.,1.,1.,1.,1.,1.,1.,1.,1.,1.,1.,1.,1.,1.,1.,1.,     3823P   4313
1.,1.,1.,1.,1.,1.,1.,1.,0.994071146,0.5,0.,0.994071146,             3823P   4314
0.524272159,0.,0.991692059,0.548427441,0.,0.989312971,              3823P   4315
0.572582723,0.,0.984577708,0.596388499,0.,0.979842444,              3823P   4316
0.620194275,0.,0.972796609,0.643421283,0.,0.965750773,              3823P   4317
0.666648291,0.,0.95646222,0.689072842,0.,0.947173667,               3823P   4318
0.711497393,0.,0.93573185,0.732903526,0.,0.924290033,               3823P   4319
0.754309659,0.,0.910805144,0.774491222,0.,0.897320255,              3823P   4320
0.794672784,0.,0.881922161,0.813435417,0.,0.866524066,              3823P   4321
0.83219805,0.,0.849361058,0.849361058,0.,0.83219805,                3823P   4322
0.866524066,0.,0.813435417,0.881922161,0.,0.794672784,              3823P   4323
0.897320255,0.,0.774491222,0.910805144,0.,0.754309659,              3823P   4324
0.924290033,0.,0.732903526,0.93573185,0.,0.711497393,               3823P   4325
0.947173667,0.,0.689072842,0.95646222,0.,0.666648291,               3823P   4326
0.965750773,0.,0.643421283,0.972796609,0.,0.620194275,              3823P   4327
0.979842444,0.,0.596388499,0.984577708,0.,0.572582723,              3823P   4328
0.989312971,0.,0.548427441,0.991692059,0.,0.524272159,              3823P   4329
0.994071146,0.,0.5,0.994071146,0.,0.475727841,0.994071146,0.,       3823P   4330
0.451572559,0.991692059,0.,0.427417277,0.989312971,0.,              3823P   4331
0.403611501,0.984577708,0.,0.379805725,0.979842444,0.,              3823P   4332
0.356578717,0.972796609,0.,0.333351709,0.965750773,0.,              3823P   4333
0.310927158,0.95646222,0.,0.288502607,0.947173667,0.,               3823P   4334
0.267096474,0.93573185,0.,0.245690341,0.924290033,0.,               3823P   4335
0.225508778,0.910805144,0.,0.205327216,0.897320255,0.,              3823P   4336
0.186564583,0.881922161,0.,0.16780195,0.866524066,0.,               3823P   4337
0.150638942,0.849361058,0.,0.133475934,0.83219805,0.,               3823P   4338
0.118077839,0.813435417,0.,0.102679745,0.794672784,0.,              3823P   4339
0.089194856,0.774491222,0.,0.075709967,0.754309659,0.,              3823P   4340
0.06426815,0.732903526,0.,0.052826333,0.711497393,0.,               3823P   4341
0.04353778,0.689072842,0.,0.034249227,0.666648291,0.,               3823P   4342
0.027203391,0.643421283,0.,0.020157556,0.620194275,0.,              3823P   4343
0.015422292,0.596388499,0.,0.010687029,0.572582723,0.,              3823P   4344
0.008307941,0.548427441,0.,0.005928854,0.524272159,0.,              3823P   4345
0.005928854,0.5,0.,0.,1.,0.,0.,-1.;                                 3823P   4346
124,6.12323399573677E-017,0.,1.,-7.62,0.,1.,0.,0.,-1.,0.,           3825P   4347
6.12323399573677E-017,-7.62;                                        3825P   4348
100,0.,-7.62,0.,12.7,0.,-27.94,0.;                                  3827P   4349
102,2,3817,3823;                                                    3829P   4350
102,2,3821,3827;                                                    3831P   4351
142,1,3815,3829,3831,1;                                             3833P   4352
126,32,2,1,0,1,0,0.,0.,0.,0.0625,0.0625,0.125,0.125,0.1875,         3835P   4353
0.1875,0.25,0.25,0.3125,0.3125,0.375,0.375,0.4375,0.4375,0.5,       3835P   4354
0.5,0.5625,0.5625,0.625,0.625,0.6875,0.6875,0.75,0.75,0.8125,       3835P   4355
0.8125,0.875,0.875,0.9375,0.9375,1.,1.,1.,1.,1.,1.,1.,1.,1.,1.,     3835P   4356
1.,1.,1.,1.,1.,1.,1.,1.,1.,1.,1.,1.,1.,1.,1.,1.,1.,1.,1.,1.,1.,     3835P   4357
1.,1.,1.,1.,1.,0.527791502,0.5,0.,0.527791502,0.497262776,0.,       3835P   4358
0.527257496,0.494578147,0.,0.52672349,0.491893518,0.,0.525676,      3835P   4359
0.489364653,0.,0.52462851,0.486835787,0.,0.523107789,               3835P   4360
0.484559869,0.,0.521587069,0.48228395,0.,0.51965156,0.48034844,     3835P   4361
0.,0.51771605,0.478412931,0.,0.515440131,0.476892211,0.,            3835P   4362
0.513164213,0.47537149,0.,0.510635347,0.474324,0.,0.508106482,      3835P   4363
0.47327651,0.,0.505421853,0.472742504,0.,0.502737224,               3835P   4364
0.472208498,0.,0.5,0.472208498,0.,0.497262776,0.472208498,0.,       3835P   4365
0.494578147,0.472742504,0.,0.491893518,0.47327651,0.,               3835P   4366
0.489364653,0.474324,0.,0.486835787,0.47537149,0.,0.484559869,      3835P   4367
0.476892211,0.,0.48228395,0.478412931,0.,0.48034844,0.48034844,     3835P   4368
0.,0.478412931,0.48228395,0.,0.476892211,0.484559869,0.,            3835P   4369
0.47537149,0.486835787,0.,0.474324,0.489364653,0.,0.47327651,       3835P   4370
0.491893518,0.,0.472742504,0.494578147,0.,0.472208498,              3835P   4371
0.497262776,0.,0.472208498,0.5,0.,0.,1.,0.,0.,1.;                   3835P   4372
124,-6.12323399573677E-017,-7.49879891330929E-033,-1.,-7.62,        3837P   4373
1.22464679914735E-016,-1.,0.,9.33180860950283E-016,-1.,             3837P   4374
-1.22464679914735E-016,6.12323399573677E-017,-7.62;                 3837P   4375
100,0.,-7.62,0.,-6.477,0.,-8.763,0.;                                3839P   4376
126,32,2,1,0,1,0,0.,0.,0.,0.0625,0.0625,0.125,0.125,0.1875,         3841P   4377
0.1875,0.25,0.25,0.3125,0.3125,0.375,0.375,0.4375,0.4375,0.5,       3841P   4378
0.5,0.5625,0.5625,0.625,0.625,0.6875,0.6875,0.75,0.75,0.8125,       3841P   4379
0.8125,0.875,0.875,0.9375,0.9375,1.,1.,1.,1.,1.,1.,1.,1.,1.,1.,     3841P   4380
1.,1.,1.,1.,1.,1.,1.,1.,1.,1.,1.,1.,1.,1.,1.,1.,1.,1.,1.,1.,1.,     3841P   4381
1.,1.,1.,1.,1.,0.472208498,0.5,0.,0.472208498,0.502737224,0.,       3841P   4382
0.472742504,0.505421853,0.,0.47327651,0.508106482,0.,0.474324,      3841P   4383
0.510635347,0.,0.47537149,0.513164213,0.,0.476892211,               3841P   4384
0.515440131,0.,0.478412931,0.51771605,0.,0.48034844,0.51965156,     3841P   4385
0.,0.48228395,0.521587069,0.,0.484559869,0.523107789,0.,            3841P   4386
0.486835787,0.52462851,0.,0.489364653,0.525676,0.,0.491893518,      3841P   4387
0.52672349,0.,0.494578147,0.527257496,0.,0.497262776,               3841P   4388
0.527791502,0.,0.5,0.527791502,0.,0.502737224,0.527791502,0.,       3841P   4389
0.505421853,0.527257496,0.,0.508106482,0.52672349,0.,               3841P   4390
0.510635347,0.525676,0.,0.513164213,0.52462851,0.,0.515440131,      3841P   4391
0.523107789,0.,0.51771605,0.521587069,0.,0.51965156,0.51965156,     3841P   4392
0.,0.521587069,0.51771605,0.,0.523107789,0.515440131,0.,            3841P   4393
0.52462851,0.513164213,0.,0.525676,0.510635347,0.,0.52672349,       3841P   4394
0.508106482,0.,0.527257496,0.505421853,0.,0.527791502,              3841P   4395
0.502737224,0.,0.527791502,0.5,0.,0.,1.,0.,0.,1.;                   3841P   4396
124,6.12323399573677E-017,0.,-1.,-7.62,0.,1.,0.,0.,1.,0.,           3843P   4397
6.12323399573677E-017,7.62;                                         3843P   4398
100,0.,-7.62,0.,-6.477,0.,-8.763,0.;                                3845P   4399
102,2,3835,3841;                                                    3847P   4400
102,2,3839,3845;                                                    3849P   4401
142,1,3815,3847,3849,1;                                             3851P   4402
144,3815,1,1,3833,3851;                                             3853P   4403
110,-88.99,0.,0.,-1088.99,0.,0.;                                    3855P   4404
110,-7.62,0.,1.143,-14.478,0.,1.143;                                3857P   4405
120,3855,3857,0.,6.28318530717959;                                  3859P   4406
126,1,1,1,0,1,0,0.,0.,1.,1.,1.,1.,1.,3.141592654,0.,0.,             3861P   4407
3.141592654,0.,0.,1.,0.,0.,1.;                                      3861P   4408
110,-14.478,0.,-1.143,-7.62,0.,-1.143;                              3863P   4409
126,1,1,1,0,1,0,0.,0.,1.,1.,1.,1.,0.,3.141592654,0.,0.,             3865P   4410
6.283185307,0.,0.,1.,0.,0.,1.;                                      3865P   4411
124,-6.12323399573677E-017,-7.49879891330929E-033,-1.,-7.62,        3867P   4412
1.22464679914735E-016,-1.,0.,9.33180860950283E-016,-1.,             3867P   4413
-1.22464679914735E-016,6.12323399573677E-017,-7.62;                 3867P   4414
100,0.,-7.62,0.,-6.477,0.,-8.763,0.;                                3869P   4415
126,1,1,1,0,1,0,0.,0.,1.,1.,1.,1.,0.,6.283185307,0.,1.,             3871P   4416
6.283185307,0.,0.,1.,0.,0.,1.;                                      3871P   4417
110,-7.62,0.,1.143,-14.478,0.,1.143;                                3873P   4418
126,1,1,1,0,1,0,0.,0.,1.,1.,1.,1.,1.,6.283185307,0.,1.,             3875P   4419
3.141592654,0.,0.,1.,0.,0.,1.;                                      3875P   4420
124,-6.12323399573677E-017,-7.49879891330929E-033,1.,-14.478,       3877P   4421
1.22464679914735E-016,-1.,0.,1.77304363580554E-015,1.,              3877P   4422
1.22464679914735E-016,6.12323399573677E-017,14.478;                 3877P   4423
100,0.,-14.478,0.,-13.335,0.,-15.621,0.;                            3879P   4424
102,4,3861,3865,3871,3875;                                          3881P   4425
102,4,3863,3869,3873,3879;                                          3883P   4426
142,1,3859,3881,3883,1;                                             3885P   4427
144,3859,1,0,3885;                                                  3887P   4428
128,1,1,1,1,0,0,1,0,0,0.,0.,1.,1.,0.,0.,1.,1.,1.,1.,1.,1.,          3889P   4429
-14.478,-1.156716,1.156716,-14.478,-1.156716,-1.156716,-14.478,     3889P   4430
1.156716,1.156716,-14.478,1.156716,-1.156716,0.,1.,0.,1.;           3889P   4431
126,32,2,1,0,1,0,0.,0.,0.,0.0625,0.0625,0.125,0.125,0.1875,         3891P   4432
0.1875,0.25,0.25,0.3125,0.3125,0.375,0.375,0.4375,0.4375,0.5,       3891P   4433
0.5,0.5625,0.5625,0.625,0.625,0.6875,0.6875,0.75,0.75,0.8125,       3891P   4434
0.8125,0.875,0.875,0.9375,0.9375,1.,1.,1.,1.,1.,1.,1.,1.,1.,1.,     3891P   4435
1.,1.,1.,1.,1.,1.,1.,1.,1.,1.,1.,1.,1.,1.,1.,1.,1.,1.,1.,1.,1.,     3891P   4436
1.,1.,1.,1.,1.,0.005928854,0.5,0.,0.005928854,0.451338239,0.,       3891P   4437
0.015422292,0.403611501,0.,0.024915731,0.355884763,0.,              3891P   4438
0.04353778,0.310927158,0.,0.06215983,0.265969553,0.,                3891P   4439
0.089194856,0.225508778,0.,0.116229881,0.185048003,0.,              3891P   4440
0.150638942,0.150638942,0.,0.185048003,0.116229881,0.,              3891P   4441
0.225508778,0.089194856,0.,0.265969553,0.06215983,0.,               3891P   4442
0.310927158,0.04353778,0.,0.355884763,0.024915731,0.,               3891P   4443
0.403611501,0.015422292,0.,0.451338239,0.005928854,0.,0.5,          3891P   4444
0.005928854,0.,0.548661761,0.005928854,0.,0.596388499,              3891P   4445
0.015422292,0.,0.644115237,0.024915731,0.,0.689072842,              3891P   4446
0.04353778,0.,0.734030447,0.06215983,0.,0.774491222,                3891P   4447
0.089194856,0.,0.814951997,0.116229881,0.,0.849361058,              3891P   4448
0.150638942,0.,0.883770119,0.185048003,0.,0.910805144,              3891P   4449
0.225508778,0.,0.93784017,0.265969553,0.,0.95646222,                3891P   4450
0.310927158,0.,0.975084269,0.355884763,0.,0.984577708,              3891P   4451
0.403611501,0.,0.994071146,0.451338239,0.,0.994071146,0.5,0.,       3891P   4452
0.,1.,0.,0.,-1.;                                                    3891P   4453
124,-6.12323399573677E-017,-7.49879891330929E-033,1.,-14.478,       3893P   4454
1.22464679914735E-016,-1.,0.,1.77304363580554E-015,1.,              3893P   4455
1.22464679914735E-016,6.12323399573677E-017,14.478;                 3893P   4456
100,0.,-14.478,0.,-13.335,0.,-15.621,0.;                            3895P   4457
126,32,2,1,0,1,0,0.,0.,0.,0.0625,0.0625,0.125,0.125,0.1875,         3897P   4458
0.1875,0.25,0.25,0.3125,0.3125,0.375,0.375,0.4375,0.4375,0.5,       3897P   4459
0.5,0.5625,0.5625,0.625,0.625,0.6875,0.6875,0.75,0.75,0.8125,       3897P   4460
0.8125,0.875,0.875,0.9375,0.9375,1.,1.,1.,1.,1.,1.,1.,1.,1.,1.,     3897P   4461
1.,1.,1.,1.,1.,1.,1.,1.,1.,1.,1.,1.,1.,1.,1.,1.,1.,1.,1.,1.,1.,     3897P   4462
1.,1.,1.,1.,1.,0.994071146,0.5,0.,0.994071146,0.548661761,0.,       3897P   4463
0.984577708,0.596388499,0.,0.975084269,0.644115237,0.,              3897P   4464
0.95646222,0.689072842,0.,0.93784017,0.734030447,0.,                3897P   4465
0.910805144,0.774491222,0.,0.883770119,0.814951997,0.,              3897P   4466
0.849361058,0.849361058,0.,0.814951997,0.883770119,0.,              3897P   4467
0.774491222,0.910805144,0.,0.734030447,0.93784017,0.,               3897P   4468
0.689072842,0.95646222,0.,0.644115237,0.975084269,0.,               3897P   4469
0.596388499,0.984577708,0.,0.548661761,0.994071146,0.,0.5,          3897P   4470
0.994071146,0.,0.451338239,0.994071146,0.,0.403611501,              3897P   4471
0.984577708,0.,0.355884763,0.975084269,0.,0.310927158,              3897P   4472
0.95646222,0.,0.265969553,0.93784017,0.,0.225508778,                3897P   4473
0.910805144,0.,0.185048003,0.883770119,0.,0.150638942,              3897P   4474
0.849361058,0.,0.116229881,0.814951997,0.,0.089194856,              3897P   4475
0.774491222,0.,0.06215983,0.734030447,0.,0.04353778,                3897P   4476
0.689072842,0.,0.024915731,0.644115237,0.,0.015422292,              3897P   4477
0.596388499,0.,0.005928854,0.548661761,0.,0.005928854,0.5,0.,       3897P   4478
0.,1.,0.,0.,-1.;                                                    3897P   4479
124,6.12323399573677E-017,0.,1.,-14.478,0.,1.,0.,0.,-1.,0.,         3899P   4480
6.12323399573677E-017,-14.478;                                      3899P   4481
100,0.,-14.478,0.,-13.335,0.,-15.621,0.;                            3901P   4482
102,2,3891,3897;                                                    3903P   4483
102,2,3895,3901;                                                    3905P   4484
142,1,3889,3903,3905,1;                                             3907P   4485
144,3889,1,0,3907;                                                  3909P   4486
128,1,1,1,1,0,0,1,0,0,0.,0.,1.,1.,0.,0.,1.,1.,1.,1.,1.,1.,          3911P   4487
18.8595,-1.156716,-1.156716,18.8595,-1.156716,1.156716,18.8595,     3911P   4488
1.156716,-1.156716,18.8595,1.156716,1.156716,0.,1.,0.,1.;           3911P   4489
126,32,2,1,0,1,0,0.,0.,0.,0.0625,0.0625,0.125,0.125,0.1875,         3913P   4490
0.1875,0.25,0.25,0.3125,0.3125,0.375,0.375,0.4375,0.4375,0.5,       3913P   4491
0.5,0.5625,0.5625,0.625,0.625,0.6875,0.6875,0.75,0.75,0.8125,       3913P   4492
0.8125,0.875,0.875,0.9375,0.9375,1.,1.,1.,1.,1.,1.,1.,1.,1.,1.,     3913P   4493
1.,1.,1.,1.,1.,1.,1.,1.,1.,1.,1.,1.,1.,1.,1.,1.,1.,1.,1.,1.,1.,     3913P   4494
1.,1.,1.,1.,1.,0.005928854,0.5,0.,0.005928854,0.451338239,0.,       3913P   4495
0.015422292,0.403611501,0.,0.024915731,0.355884763,0.,              3913P   4496
0.04353778,0.310927158,0.,0.06215983,0.265969553,0.,                3913P   4497
0.089194856,0.225508778,0.,0.116229881,0.185048003,0.,              3913P   4498
0.150638942,0.150638942,0.,0.185048003,0.116229881,0.,              3913P   4499
0.225508778,0.089194856,0.,0.265969553,0.06215983,0.,               3913P   4500
0.310927158,0.04353778,0.,0.355884763,0.024915731,0.,               3913P   4501
0.403611501,0.015422292,0.,0.451338239,0.005928854,0.,0.5,          3913P   4502
0.005928854,0.,0.548661761,0.005928854,0.,0.596388499,              3913P   4503
0.015422292,0.,0.644115237,0.024915731,0.,0.689072842,              3913P   4504
0.04353778,0.,0.734030447,0.06215983,0.,0.774491222,                3913P   4505
0.089194856,0.,0.814951997,0.116229881,0.,0.849361058,              3913P   4506
0.150638942,0.,0.883770119,0.185048003,0.,0.910805144,              3913P   4507
0.225508778,0.,0.93784017,0.265969553,0.,0.95646222,                3913P   4508
0.310927158,0.,0.975084269,0.355884763,0.,0.984577708,              3913P   4509
0.403611501,0.,0.994071146,0.451338239,0.,0.994071146,0.5,0.,       3913P   4510
0.,1.,0.,0.,-1.;                                                    3913P   4511
124,-6.12323399573677E-017,-7.49879891330929E-033,-1.,18.8595,      3915P   4512
1.22464679914735E-016,-1.,0.,-2.30962263085195E-015,-1.,            3915P   4513
-1.22464679914735E-016,6.12323399573677E-017,18.8595;               3915P   4514
100,0.,18.8595,0.,20.0025,0.,17.7165,0.;                            3917P   4515
126,32,2,1,0,1,0,0.,0.,0.,0.0625,0.0625,0.125,0.125,0.1875,         3919P   4516
0.1875,0.25,0.25,0.3125,0.3125,0.375,0.375,0.4375,0.4375,0.5,       3919P   4517
0.5,0.5625,0.5625,0.625,0.625,0.6875,0.6875,0.75,0.75,0.8125,       3919P   4518
0.8125,0.875,0.875,0.9375,0.9375,1.,1.,1.,1.,1.,1.,1.,1.,1.,1.,     3919P   4519
1.,1.,1.,1.,1.,1.,1.,1.,1.,1.,1.,1.,1.,1.,1.,1.,1.,1.,1.,1.,1.,     3919P   4520
1.,1.,1.,1.,1.,0.994071146,0.5,0.,0.994071146,0.548661761,0.,       3919P   4521
0.984577708,0.596388499,0.,0.975084269,0.644115237,0.,              3919P   4522
0.95646222,0.689072842,0.,0.93784017,0.734030447,0.,                3919P   4523
0.910805144,0.774491222,0.,0.883770119,0.814951997,0.,              3919P   4524
0.849361058,0.849361058,0.,0.814951997,0.883770119,0.,              3919P   4525
0.774491222,0.910805144,0.,0.734030447,0.93784017,0.,               3919P   4526
0.689072842,0.95646222,0.,0.644115237,0.975084269,0.,               3919P   4527
0.596388499,0.984577708,0.,0.548661761,0.994071146,0.,0.5,          3919P   4528
0.994071146,0.,0.451338239,0.994071146,0.,0.403611501,              3919P   4529
0.984577708,0.,0.355884763,0.975084269,0.,0.310927158,              3919P   4530
0.95646222,0.,0.265969553,0.93784017,0.,0.225508778,                3919P   4531
0.910805144,0.,0.185048003,0.883770119,0.,0.150638942,              3919P   4532
0.849361058,0.,0.116229881,0.814951997,0.,0.089194856,              3919P   4533
0.774491222,0.,0.06215983,0.734030447,0.,0.04353778,                3919P   4534
0.689072842,0.,0.024915731,0.644115237,0.,0.015422292,              3919P   4535
0.596388499,0.,0.005928854,0.548661761,0.,0.005928854,0.5,0.,       3919P   4536
0.,1.,0.,0.,-1.;                                                    3919P   4537
124,6.12323399573677E-017,0.,-1.,18.8595,0.,1.,0.,0.,1.,0.,         3921P   4538
6.12323399573677E-017,-18.8595;                                     3921P   4539
100,0.,18.8595,0.,20.0025,0.,17.7165,0.;                            3923P   4540
102,2,3913,3919;                                                    3925P   4541
102,2,3917,3923;                                                    3927P   4542
142,1,3911,3925,3927,1;                                             3929P   4543
144,3911,1,0,3929;                                                  3931P   4544
110,-88.99,0.,0.,-1088.99,0.,0.;                                    3933P   4545
110,18.8595,0.,1.143,12.0015,0.,1.143;                              3935P   4546
120,3933,3935,0.,6.28318530717959;                                  3937P   4547
126,1,1,1,0,1,0,0.,0.,1.,1.,1.,1.,1.,3.141592654,0.,0.,             3939P   4548
3.141592654,0.,0.,1.,0.,0.,1.;                                      3939P   4549
110,12.0015,0.,-1.143,18.8595,0.,-1.143;                            3941P   4550
126,1,1,1,0,1,0,0.,0.,1.,1.,1.,1.,0.,3.141592654,0.,0.,             3943P   4551
6.283185307,0.,0.,1.,0.,0.,1.;                                      3943P   4552
124,-6.12323399573677E-017,-7.49879891330929E-033,-1.,18.8595,      3945P   4553
1.22464679914735E-016,-1.,0.,-2.30962263085195E-015,-1.,            3945P   4554
-1.22464679914735E-016,6.12323399573677E-017,18.8595;               3945P   4555
100,0.,18.8595,0.,20.0025,0.,17.7165,0.;                            3947P   4556
126,1,1,1,0,1,0,0.,0.,1.,1.,1.,1.,0.,6.283185307,0.,1.,             3949P   4557
6.283185307,0.,0.,1.,0.,0.,1.;                                      3949P   4558
110,18.8595,0.,1.143,12.0015,0.,1.143;                              3951P   4559
126,1,1,1,0,1,0,0.,0.,1.,1.,1.,1.,1.,6.283185307,0.,1.,             3953P   4560
3.141592654,0.,0.,1.,0.,0.,1.;                                      3953P   4561
124,-6.12323399573677E-017,-7.49879891330929E-033,1.,12.0015,       3955P   4562
1.22464679914735E-016,-1.,0.,-1.4697598559967E-015,1.,              3955P   4563
1.22464679914735E-016,6.12323399573677E-017,-12.0015;               3955P   4564
100,0.,12.0015,0.,13.1445,0.,10.8585,0.;                            3957P   4565
102,4,3939,3943,3949,3953;                                          3959P   4566
102,4,3941,3947,3951,3957;                                          3961P   4567
142,1,3937,3959,3961,1;                                             3963P   4568
144,3937,1,0,3963;                                                  3965P   4569
308,0,22HSekou's tape insert V1,10,3671,3705,3739,3779,3813,        3967P   4570
3853,3887,3909,3931,3965;                                           3967P   4571
124,1.,0.,0.,25.4619067393465,0.,0.99842598006529,                  3969P   4572
-0.0560853129675186,44.704,0.,0.0560853129675186,                   3969P   4573
0.99842598006529,44.958;                                            3969P   4574
408,3967,0.,0.,0.,1.;                                               3971P   4575
S      1G      4D   3972P   4575                                        T      1
